Feature,Factor_0,Factor_4
Feature_0,-1.8806966543197632,0.48538389801979065
Feature_1,-2.223886251449585,0.8555418848991394
Feature_2,-1.9481321573257446,0.11155969649553299
Feature_3,-2.0411770343780518,0.37059202790260315
Feature_4,-2.2550323009490967,0.6592487692832947
Feature_5,-1.9383678436279297,-0.05288394168019295
Feature_6,-1.9439617395401,-0.08046021312475204
Feature_7,-2.213956117630005,0.09922375530004501
Feature_8,-2.319525718688965,0.30340704321861267
Feature_9,-1.8178433179855347,-0.46978750824928284
Feature_10,-1.897474765777588,-0.5040668845176697
Feature_11,-1.9076792001724243,-0.4573078155517578
Feature_12,-2.0056684017181396,-0.44332411885261536
Feature_13,-1.8933696746826172,-0.4075411260128021
Feature_14,-1.9123843908309937,-0.20781783759593964
Feature_15,-2.132395029067993,0.07139009982347488
Feature_16,-1.4744538068771362,-0.7230654358863831
Feature_17,-1.5915800333023071,-0.6875149607658386
Feature_18,-1.9561892747879028,-0.7966371178627014
Feature_19,-2.054408550262451,-0.7015974521636963
Feature_20,-1.9872850179672241,-0.7375269532203674
Feature_21,-1.4698281288146973,-0.8890417218208313
Feature_22,-1.6619850397109985,-0.9430486559867859
Feature_23,-1.9007431268692017,-1.0685224533081055
Feature_24,-1.8555363416671753,-0.8887724280357361
Feature_25,-1.8678832054138184,-0.8640860915184021
Feature_26,-1.6723941564559937,-1.1110303401947021
Feature_27,-1.799930214881897,-1.0719571113586426
Feature_28,-1.8534183502197266,-1.0250283479690552
Feature_29,-1.6787114143371582,-1.0628982782363892
Feature_30,-1.8289899826049805,-1.167144775390625
Feature_31,-1.9727874994277954,-1.0930839776992798
Feature_32,-1.6462637186050415,-0.8681614398956299
Feature_33,-1.7480827569961548,-0.909726083278656
Feature_34,-2.000673294067383,-0.9775517582893372
Feature_35,-2.1282660961151123,-0.9179508090019226
Feature_36,-2.208904981613159,-0.8854374885559082
Feature_37,-1.6826642751693726,-0.6446383595466614
Feature_38,-1.874463677406311,-0.6401016116142273
Feature_39,-2.1955342292785645,-0.6732614040374756
Feature_40,-2.1878907680511475,-0.5684227347373962
Feature_41,-2.0791311264038086,0.9611889719963074
Feature_42,-2.0461156368255615,0.41771626472473145
Feature_43,-2.2670719623565674,0.8868746757507324
Feature_44,-1.866868019104004,0.06321603804826736
Feature_45,-2.318817138671875,0.25818759202957153
Feature_46,-2.569669485092163,0.6549574732780457
Feature_47,-1.7833614349365234,-0.26738670468330383
Feature_48,-1.791494369506836,-0.24324440956115723
Feature_49,-2.078646659851074,-0.08893457800149918
Feature_50,-2.363490343093872,0.30751800537109375
Feature_51,-1.6525217294692993,-0.4923070967197418
Feature_52,-1.7972345352172852,-0.5988041758537292
Feature_53,-1.6820669174194336,-0.559959352016449
Feature_54,-2.0493357181549072,-0.16529862582683563
Feature_55,-1.5558401346206665,-0.8188173174858093
Feature_56,-1.6064534187316895,-0.7925551533699036
Feature_57,-1.3156648874282837,-0.9859988689422607
Feature_58,-1.523927092552185,-1.0923899412155151
Feature_59,-1.398990511894226,-1.1113377809524536
Feature_60,-1.2418322563171387,-1.063780426979065
Feature_61,-1.3497967720031738,-1.1309467554092407
Feature_62,-1.1532320976257324,-0.9967901706695557
Feature_63,-1.2910410165786743,-1.100111484527588
Feature_64,-1.289497971534729,-0.9186482429504395
Feature_65,-1.2565947771072388,-1.027735710144043
Feature_66,-1.36981999874115,-0.7507056593894958
Feature_67,-1.3566786050796509,-0.9856472611427307
Feature_68,-1.2857050895690918,-1.0475327968597412
Feature_69,-2.0224108695983887,-1.1130847930908203
Feature_70,-1.4134389162063599,-0.3770512640476227
Feature_71,-1.5583958625793457,-0.45503711700439453
Feature_72,-1.420789122581482,-0.5184932351112366
Feature_73,-1.6574662923812866,-0.5702076554298401
Feature_74,-2.1930947303771973,0.4451042115688324
Feature_75,-2.26997971534729,0.18887747824192047
Feature_76,-2.4120776653289795,0.5619062781333923
Feature_77,-2.070730209350586,-0.3555746078491211
Feature_78,-2.107893705368042,0.1433425098657608
Feature_79,-1.5147584676742554,-0.6296443343162537
Feature_80,-1.1922861337661743,-0.7495424151420593
Feature_81,-1.4647936820983887,-0.8949292302131653
Feature_82,-1.1790785789489746,-1.0517486333847046
Feature_83,-1.0746699571609497,-0.8832648396492004
Feature_84,-1.080149531364441,-0.9954419136047363
Feature_85,-1.2024306058883667,-0.716309130191803
Feature_86,-1.0778491497039795,-0.9731895327568054
Feature_87,-1.1179866790771484,-1.2204102277755737
Feature_88,-1.094863772392273,-0.661856472492218
Feature_89,-0.9702880382537842,-0.9776838421821594
Feature_90,-1.1084586381912231,-1.3551154136657715
Feature_91,-1.5755614042282104,-1.0837167501449585
Feature_92,-1.0181803703308105,-0.8569669127464294
Feature_93,-1.002795696258545,-1.2677868604660034
Feature_94,-0.8937551379203796,-1.428223967552185
Feature_95,-1.220664620399475,-1.480700135231018
Feature_96,-1.4534209966659546,-1.086410641670227
Feature_97,-1.6418079137802124,-0.7362897992134094
Feature_98,-1.0620149374008179,-0.49356889724731445
Feature_99,-0.8267660737037659,-0.8361946940422058
Feature_100,-0.748138427734375,-0.9070895314216614
Feature_101,-0.8503476977348328,-1.0045338869094849
Feature_102,-1.0996966361999512,-0.9349586963653564
Feature_103,-1.4553738832473755,-0.8342211842536926
Feature_104,-1.4924224615097046,-0.4799973964691162
Feature_105,-2.398442029953003,0.6168803572654724
Feature_106,-2.2631685733795166,0.1401326060295105
Feature_107,-1.1609452962875366,-0.7210249900817871
Feature_108,-0.9113077521324158,-1.0718775987625122
Feature_109,-0.8282337188720703,-0.7774031162261963
Feature_110,-0.9512033462524414,-0.6867198944091797
Feature_111,-0.7682971358299255,-0.9769113659858704
Feature_112,-0.8040363192558289,-1.1520451307296753
Feature_113,-0.7734593749046326,-0.6326517462730408
Feature_114,-1.0573793649673462,-0.4838087558746338
Feature_115,-0.9225513339042664,-0.8020227551460266
Feature_116,-0.8257723450660706,-1.2130314111709595
Feature_117,-0.9303678870201111,-1.5643467903137207
Feature_118,-0.885166347026825,-1.2527552843093872
Feature_119,-0.8526396155357361,-0.8413116931915283
Feature_120,-0.8598229289054871,-0.8725802898406982
Feature_121,-0.5693100094795227,-1.1577613353729248
Feature_122,-0.49594196677207947,-1.211814045906067
Feature_123,-0.564763605594635,-1.3378901481628418
Feature_124,-0.6181768178939819,-1.4599652290344238
Feature_125,-1.0040596723556519,-1.676991581916809
Feature_126,-0.8894702792167664,-1.187456488609314
Feature_127,-1.0136655569076538,-0.9266098141670227
Feature_128,-0.79598069190979,-0.5761980414390564
Feature_129,-0.5740752816200256,-0.9559250473976135
Feature_130,-0.42883384227752686,-1.0270212888717651
Feature_131,-0.27320849895477295,-1.0414804220199585
Feature_132,-0.4781990945339203,-1.0653600692749023
Feature_133,-0.7800136208534241,-1.0120691061019897
Feature_134,-0.9787786602973938,-0.6403226852416992
Feature_135,-1.161220669746399,-0.3097953796386719
Feature_136,-0.6077583432197571,-0.4115366041660309
Feature_137,-0.2672973573207855,-0.5488786697387695
Feature_138,-0.3221634030342102,-0.5186738967895508
Feature_139,-0.7164609432220459,-0.49081847071647644
Feature_140,-0.8223586678504944,-0.3303090035915375
Feature_141,-2.1538095474243164,0.7258091568946838
Feature_142,-1.9490294456481934,-0.17542695999145508
Feature_143,-1.6641669273376465,-0.736968994140625
Feature_144,-1.1624596118927002,-0.8855387568473816
Feature_145,-1.2288349866867065,-1.1143430471420288
Feature_146,-0.8210259079933167,-0.9940311312675476
Feature_147,-0.9130112528800964,-1.21672785282135
Feature_148,-0.6256946325302124,-1.0508548021316528
Feature_149,-0.3602019250392914,-0.635662853717804
Feature_150,-0.6660926342010498,-0.9761958122253418
Feature_151,-0.8349196314811707,-1.1858984231948853
Feature_152,-0.7456771731376648,-1.4656095504760742
Feature_153,-0.6120765805244446,-1.7394558191299438
Feature_154,-0.4770786762237549,-1.8377223014831543
Feature_155,-0.4227832853794098,-0.9132415652275085
Feature_156,-0.7458488345146179,-1.2577186822891235
Feature_157,-0.8266919255256653,-1.4184579849243164
Feature_158,-0.7173800468444824,-1.601218819618225
Feature_159,-0.48714151978492737,-1.8181768655776978
Feature_160,-0.24744266271591187,-1.8023762702941895
Feature_161,-0.18194212019443512,-1.659389615058899
Feature_162,-0.4038756787776947,-1.1549450159072876
Feature_163,-0.5848985314369202,-0.38550126552581787
Feature_164,-0.466360479593277,-0.8033928871154785
Feature_165,-0.3560831546783447,-0.9914216995239258
Feature_166,-0.45619073510169983,-1.3184128999710083
Feature_167,-0.5585216879844666,-1.4067798852920532
Feature_168,-0.5072354674339294,-1.5037150382995605
Feature_169,-0.3942216634750366,-1.4944337606430054
Feature_170,-0.23735280334949493,-1.4550527334213257
Feature_171,-0.2675834000110626,-1.4065380096435547
Feature_172,-0.37810859084129333,-0.7028141021728516
Feature_173,-0.6423207521438599,-0.48947760462760925
Feature_174,-0.36519908905029297,-0.8434422612190247
Feature_175,-0.3224576711654663,-1.0549203157424927
Feature_176,-0.18596220016479492,-1.0487914085388184
Feature_177,-0.3459290564060211,-1.4068533182144165
Feature_178,-0.4446147680282593,-1.4051374197006226
Feature_179,-0.36532214283943176,-1.1223843097686768
Feature_180,-0.43356654047966003,-1.043870210647583
Feature_181,-0.38743898272514343,-0.7486104369163513
Feature_182,-0.5865808725357056,-0.3666386306285858
Feature_183,-0.5894890427589417,-0.4392506778240204
Feature_184,-0.23826324939727783,-0.7537338137626648
Feature_185,-0.12567658722400665,-0.871589183807373
Feature_186,-0.04901011288166046,-0.8436962962150574
Feature_187,-0.3866579830646515,-0.9776694774627686
Feature_188,-0.26509812474250793,-0.8854160308837891
Feature_189,-0.49523189663887024,-0.6346740126609802
Feature_190,-0.6229049563407898,-0.37739554047584534
Feature_191,-0.2929055392742157,-0.4927004873752594
Feature_192,0.02994188666343689,-0.5900312066078186
Feature_193,0.027212558314204216,-0.6237221360206604
Feature_194,-0.013603843748569489,-0.5448729395866394
Feature_195,-0.24585366249084473,0.1858169287443161
Feature_196,-0.5573604702949524,0.04876064136624336
Feature_197,-0.911406934261322,0.31433477997779846
Feature_198,-0.8917460441589355,0.49406513571739197
Feature_199,-0.2664940059185028,0.03760674595832825
Feature_200,0.1472833901643753,-0.14930380880832672
Feature_201,0.08467757701873779,-0.0833333358168602
Feature_202,-0.03422738239169121,0.09878336638212204
Feature_203,-0.45415163040161133,0.49384045600891113
Feature_204,-0.8157744407653809,0.7218789458274841
Feature_205,-1.0062416791915894,0.961495578289032
Feature_206,-1.9136203527450562,1.3707795143127441
Feature_207,-2.009620428085327,0.7844811081886292
Feature_208,-1.888041377067566,1.1456094980239868
Feature_209,-1.4947810173034668,0.2871433198451996
Feature_210,-0.9825971722602844,-0.5637056827545166
Feature_211,-0.8742167353630066,-1.2800768613815308
Feature_212,-0.7770779132843018,-1.0777868032455444
Feature_213,-0.8627400994300842,-0.48474612832069397
Feature_214,-0.8785471320152283,0.2992824614048004
Feature_215,-0.5074424147605896,-0.6198410391807556
Feature_216,-0.7289879322052002,-0.8585205078125
Feature_217,-0.5484713912010193,-1.155938744544983
Feature_218,-0.46963056921958923,-1.604072093963623
Feature_219,-0.21789194643497467,-1.7589975595474243
Feature_220,-0.17166046798229218,-1.564249038696289
Feature_221,-0.3824444115161896,-0.7965208888053894
Feature_222,-0.07198622077703476,-0.4813683032989502
Feature_223,-0.38463568687438965,-0.7625799775123596
Feature_224,-0.5036346316337585,-1.1438950300216675
Feature_225,-0.2759709656238556,-1.5308265686035156
Feature_226,-0.0013007348170503974,-1.902314305305481
Feature_227,0.04093135893344879,-1.9122899770736694
Feature_228,0.04983675852417946,-1.513256549835205
Feature_229,-0.1969766467809677,-0.9544367790222168
Feature_230,-0.19265122711658478,-0.7165839672088623
Feature_231,-0.4311188757419586,-1.0571882724761963
Feature_232,-0.33647021651268005,-1.269940733909607
Feature_233,-0.16174884140491486,-1.5747226476669312
Feature_234,0.10879001766443253,-1.8297289609909058
Feature_235,0.21769297122955322,-1.7277525663375854
Feature_236,0.28237390518188477,-1.5561351776123047
Feature_237,-0.046684350818395615,-0.9020646214485168
Feature_238,-0.19025450944900513,0.02837206982076168
Feature_239,-0.03655700013041496,-0.2629069983959198
Feature_240,-0.058137666434049606,-0.5786789059638977
Feature_241,-0.28619977831840515,-0.916565477848053
Feature_242,-0.4621903896331787,-1.0769157409667969
Feature_243,-0.3875403106212616,-1.2182679176330566
Feature_244,-0.017557697370648384,-1.2484349012374878
Feature_245,0.0852530300617218,-1.3663121461868286
Feature_246,0.2189309000968933,-1.462365746498108
Feature_247,0.23824651539325714,-1.1196449995040894
Feature_248,0.006971674505621195,-0.6151817440986633
Feature_249,-0.6665177941322327,0.3087930679321289
Feature_250,-0.44119343161582947,-0.0744137093424797
Feature_251,-0.146884024143219,-0.35959121584892273
Feature_252,-0.039874907582998276,-0.6774735450744629
Feature_253,-0.08468159288167953,-0.7777042388916016
Feature_254,-0.31137868762016296,-1.0893100500106812
Feature_255,-0.23765552043914795,-1.0083991289138794
Feature_256,-0.012464325875043869,-0.971714198589325
Feature_257,0.2082473486661911,-1.080883502960205
Feature_258,0.25877925753593445,-0.8646818995475769
Feature_259,0.2052677869796753,-0.6746444702148438
Feature_260,-0.25274136662483215,-0.1288282424211502
Feature_261,-0.9753783345222473,0.46538063883781433
Feature_262,-0.5494822859764099,0.033005889505147934
Feature_263,-0.22273100912570953,-0.4689302146434784
Feature_264,-0.028663592413067818,-0.5462830662727356
Feature_265,0.1420072466135025,-0.668184757232666
Feature_266,0.08329126238822937,-0.7908964157104492
Feature_267,0.04726496711373329,-0.45318472385406494
Feature_268,0.019763847813010216,-0.33229219913482666
Feature_269,-0.011256632395088673,-0.24422377347946167
Feature_270,-0.4373760521411896,0.01759237051010132
Feature_271,-0.5384268760681152,0.4929386079311371
Feature_272,-0.8923928737640381,0.5190138220787048
Feature_273,-0.5834148526191711,0.13207976520061493
Feature_274,-0.15461646020412445,-0.25752314925193787
Feature_275,0.14853473007678986,-0.4218651056289673
Feature_276,0.2843881845474243,-0.47657498717308044
Feature_277,0.36884012818336487,-0.28512129187583923
Feature_278,0.15450797975063324,-0.025990599766373634
Feature_279,-0.16565962135791779,0.24218851327896118
Feature_280,-0.13323283195495605,0.3581806719303131
Feature_281,-0.4059889316558838,0.654515266418457
Feature_282,-0.4812674820423126,0.7451691031455994
Feature_283,-0.8819114565849304,0.6006650328636169
Feature_284,-0.5471711158752441,0.43977847695350647
Feature_285,0.10357439517974854,-0.04170164465904236
Feature_286,0.3915961682796478,-0.1777217835187912
Feature_287,0.6570124626159668,-0.13794279098510742
Feature_288,0.4970581531524658,0.12467227131128311
Feature_289,0.21096432209014893,0.5956056714057922
Feature_290,-0.31596770882606506,0.895886242389679
Feature_291,-0.5599644780158997,0.920527458190918
Feature_292,-0.7662368416786194,1.2819827795028687
Feature_293,-0.5691555738449097,0.6755710244178772
Feature_294,-0.13783685863018036,0.42456090450286865
Feature_295,0.3435608446598053,0.24059171974658966
Feature_296,0.6044682860374451,0.2730701267719269
Feature_297,0.5097811818122864,0.6476084589958191
Feature_298,0.05407996103167534,1.1245222091674805
Feature_299,-0.45395898818969727,1.515576720237732
Feature_300,-0.6517037153244019,1.7309473752975464
Feature_301,-0.8286436200141907,1.7005654573440552
Feature_302,-0.37757226824760437,0.9409677982330322
Feature_303,0.022163748741149902,0.8646585941314697
Feature_304,0.20282061398029327,0.7589399814605713
Feature_305,0.10114093869924545,1.2099603414535522
Feature_306,-1.7834020853042603,1.2228196859359741
Feature_307,-1.6910606622695923,0.6484122276306152
Feature_308,-1.6106348037719727,0.902759313583374
Feature_309,-1.391151785850525,0.005265208426862955
Feature_310,-0.5734136700630188,-1.1166282892227173
Feature_311,-0.5846920609474182,-0.8619607090950012
Feature_312,-0.7051265835762024,-0.22734762728214264
Feature_313,-0.5844036936759949,-0.39203616976737976
Feature_314,-0.22406263649463654,-1.5335239171981812
Feature_315,-0.11090414971113205,-1.5095548629760742
Feature_316,-0.06234423816204071,-1.1351619958877563
Feature_317,-0.36298856139183044,-0.5685972571372986
Feature_318,-0.3711596429347992,-0.6338210105895996
Feature_319,-0.3507366180419922,-1.0345877408981323
Feature_320,-0.2198895961046219,-1.404965877532959
Feature_321,0.25418052077293396,-1.6970396041870117
Feature_322,0.31160154938697815,-1.6427472829818726
Feature_323,0.2281377911567688,-1.1876598596572876
Feature_324,-0.1410713940858841,-0.6432844996452332
Feature_325,-0.06055785343050957,-0.49212658405303955
Feature_326,-0.24505186080932617,-0.7096314430236816
Feature_327,-0.12063931673765182,-0.9598860740661621
Feature_328,0.2145749181509018,-1.3863025903701782
Feature_329,0.49036550521850586,-1.6914821863174438
Feature_330,0.5097565054893494,-1.6395691633224487
Feature_331,0.23683035373687744,-1.3130942583084106
Feature_332,-0.07562779635190964,-0.3839637041091919
Feature_333,-0.02417360246181488,-0.2854371964931488
Feature_334,-0.2254454493522644,-0.49815312027931213
Feature_335,-0.15444600582122803,-0.7240066528320312
Feature_336,-0.03085332363843918,-0.9357687830924988
Feature_337,0.39986681938171387,-1.2674521207809448
Feature_338,0.5800973773002625,-1.4740899801254272
Feature_339,0.5662131905555725,-1.3186849355697632
Feature_340,0.3784812390804291,-0.9217319488525391
Feature_341,0.09799610823392868,0.05557304620742798
Feature_342,-0.041912008076906204,-0.3761342763900757
Feature_343,-0.22499220073223114,-0.34384584426879883
Feature_344,-0.022908836603164673,-0.5253759622573853
Feature_345,0.1860845535993576,-0.7026941180229187
Feature_346,0.42499256134033203,-0.7679142355918884
Feature_347,0.60189288854599,-0.8624399304389954
Feature_348,0.6313514113426208,-0.7666642665863037
Feature_349,0.21078865230083466,-0.4153108596801758
Feature_350,-0.059934500604867935,0.010167421773076057
Feature_351,0.020738447085022926,-0.1633450835943222
Feature_352,0.11585984379053116,-0.2694418728351593
Feature_353,0.14908237755298615,-0.20421241223812103
Feature_354,0.15208114683628082,-0.13553349673748016
Feature_355,0.27776530385017395,-0.10811635106801987
Feature_356,0.33902299404144287,-0.14359433948993683
Feature_357,0.4229668080806732,-0.18258081376552582
Feature_358,0.2578525245189667,-0.15854080021381378
Feature_359,-0.06435538083314896,0.20116066932678223
Feature_360,-0.5535334348678589,0.4463924467563629
Feature_361,0.008276388049125671,0.0036071811337023973
Feature_362,0.3377441465854645,-0.15725292265415192
Feature_363,0.49471426010131836,-0.14834444224834442
Feature_364,0.4515855312347412,0.07519737631082535
Feature_365,0.26882490515708923,0.38577452301979065
Feature_366,0.34763050079345703,0.4533432424068451
Feature_367,0.3986102044582367,0.5507901310920715
Feature_368,0.31931203603744507,0.5833126902580261
Feature_369,0.024704216048121452,0.574248731136322
Feature_370,-0.5848627686500549,0.566676914691925
Feature_371,0.11947604268789291,0.1658952236175537
Feature_372,0.5613694190979004,-0.08192943781614304
Feature_373,0.7602090835571289,-0.005055844783782959
Feature_374,0.7356272339820862,0.3037715256214142
Feature_375,0.5476927161216736,0.7414795756340027
Feature_376,0.21016919612884521,1.1009162664413452
Feature_377,-0.009996573440730572,1.271028995513916
Feature_378,-0.09513812512159348,1.212720274925232
Feature_379,-0.34213826060295105,1.3954830169677734
Feature_380,-0.5802288055419922,0.7021188735961914
Feature_381,0.15945446491241455,0.2687534689903259
Feature_382,0.6002513766288757,0.22202014923095703
Feature_383,0.8812249302864075,0.21659331023693085
Feature_384,0.7310016751289368,0.703809916973114
Feature_385,0.4585799276828766,1.2090144157409668
Feature_386,0.11320143938064575,1.6705660820007324
Feature_387,-0.19230006635189056,1.7816773653030396
Feature_388,-0.4144808351993561,1.8371610641479492
Feature_389,0.0617508627474308,0.43704095482826233
Feature_390,0.4320986568927765,0.34469032287597656
Feature_391,0.5454379916191101,0.501600980758667
Feature_392,0.666253387928009,0.9792769551277161
Feature_393,0.0986102819442749,1.6463087797164917
Feature_394,-0.09910962730646133,2.226001501083374
Feature_395,-0.6328945755958557,2.296306848526001
Feature_396,-0.30565330386161804,0.8658411502838135
Feature_397,0.11742216348648071,0.6899538040161133
Feature_398,0.2729898989200592,0.9094551205635071
Feature_399,0.2815435230731964,1.501434326171875
Feature_400,-0.06665655970573425,2.266195058822632
Feature_401,-0.35106396675109863,2.625668525695801
Feature_402,-0.3179720342159271,1.2729406356811523
Feature_403,-1.5141555070877075,1.2715635299682617
Feature_404,-1.5387214422225952,1.6213783025741577
Feature_405,-1.4840208292007446,0.6843473315238953
Feature_406,-1.2611700296401978,0.9621457457542419
Feature_407,-0.9824360013008118,-0.3117236793041229
Feature_408,-0.8556504249572754,0.0173479076474905
Feature_409,-0.5882120728492737,-1.1124334335327148
Feature_410,-0.45616415143013,-0.9813305735588074
Feature_411,-0.42640161514282227,-0.6593859195709229
Feature_412,-0.49155768752098083,0.05319773033261299
Feature_413,-0.252930611371994,-1.1055201292037964
Feature_414,-0.008649338968098164,-1.3600722551345825
Feature_415,0.1402282416820526,-1.323888897895813
Feature_416,-0.019396482035517693,-0.9441853165626526
Feature_417,-0.3965641260147095,-0.25888457894325256
Feature_418,-0.3297531306743622,-0.3110559284687042
Feature_419,-0.20501452684402466,-0.8476746678352356
Feature_420,0.4384385645389557,-1.3903918266296387
Feature_421,0.3863774240016937,-1.4844212532043457
Feature_422,0.4078652858734131,-1.4523380994796753
Feature_423,0.0588051974773407,-0.9945454597473145
Feature_424,-0.2814573347568512,-0.2854825556278229
Feature_425,-0.23343674838542938,-0.5608971118927002
Feature_426,-0.01083064079284668,-0.9597994685173035
Feature_427,0.3736226558685303,-1.4825291633605957
Feature_428,0.5110983848571777,-1.5944747924804688
Feature_429,0.52571702003479,-1.3588069677352905
Feature_430,0.2654426097869873,-0.9113112092018127
Feature_431,-0.2418404072523117,-0.19416041672229767
Feature_432,-0.1219889223575592,-0.03555338457226753
Feature_433,-0.1798112988471985,-0.5468536615371704
Feature_434,0.26537343859672546,-0.9216790199279785
Feature_435,0.5919526219367981,-1.2415257692337036
Feature_436,0.6486915946006775,-1.3024324178695679
Feature_437,0.4715839922428131,-1.0995334386825562
Feature_438,0.14035479724407196,-0.7342163920402527
Feature_439,-0.6602208018302917,0.11019885540008545
Feature_440,-0.16298790276050568,-0.2600281834602356
Feature_441,0.0771171897649765,-0.2380601316690445
Feature_442,0.42229196429252625,-0.4437130391597748
Feature_443,0.6208600997924805,-0.6805786490440369
Feature_444,0.6676293015480042,-0.818720817565918
Feature_445,0.48421511054039,-0.7136275172233582
Feature_446,-0.1754591464996338,-0.250368595123291
Feature_447,-0.9215551018714905,0.47896674275398254
Feature_448,-0.01898379996418953,0.28752413392066956
Feature_449,0.11573457717895508,0.28226447105407715
Feature_450,0.30889788269996643,0.26867976784706116
Feature_451,0.5073177218437195,0.021211624145507812
Feature_452,0.4944747984409332,-0.23762916028499603
Feature_453,0.6268680691719055,-0.25513479113578796
Feature_454,0.24619083106517792,-0.07687937468290329
Feature_455,-0.5576011538505554,0.39066746830940247
Feature_456,0.32684946060180664,0.45900511741638184
Feature_457,0.3218440115451813,0.7246530652046204
Feature_458,0.39786672592163086,0.715374767780304
Feature_459,0.440361350774765,0.6328704357147217
Feature_460,0.47060441970825195,0.5588652491569519
Feature_461,0.3503629267215729,0.5106791853904724
Feature_462,-0.13002198934555054,0.6383877396583557
Feature_463,-0.8482170701026917,0.8376091122627258
Feature_464,-0.5482335686683655,0.5886090993881226
Feature_465,0.19890755414962769,0.25698351860046387
Feature_466,0.4691332280635834,0.19112247228622437
Feature_467,0.5951976180076599,0.32647499442100525
Feature_468,0.5728271007537842,0.9701520800590515
Feature_469,0.4316363036632538,1.2361973524093628
Feature_470,0.25218117237091064,1.3208082914352417
Feature_471,0.2507249414920807,1.2564584016799927
Feature_472,0.05892948806285858,1.179121494293213
Feature_473,-0.38577285408973694,1.3520864248275757
Feature_474,-0.8444869518280029,0.9464183449745178
Feature_475,-0.4405766427516937,0.539862871170044
Feature_476,0.21821008622646332,0.29956603050231934
Feature_477,0.6897465586662292,0.22840344905853271
Feature_478,0.7754524350166321,0.36945608258247375
Feature_479,0.22322964668273926,1.7214628458023071
Feature_480,-0.012669607996940613,1.774849534034729
Feature_481,-0.34025827050209045,1.7376011610031128
Feature_482,-0.8732821345329285,1.0872050523757935
Feature_483,0.291030615568161,0.3941495716571808
Feature_484,0.6397821307182312,0.3802809715270996
Feature_485,0.7424378395080566,0.5726585388183594
Feature_486,0.5338460803031921,1.6231056451797485
Feature_487,0.3081289827823639,2.2301928997039795
Feature_488,0.4207795560359955,0.6700026392936707
Feature_489,0.5317956805229187,0.8261659741401672
Feature_490,0.31983307003974915,2.1408045291900635
Feature_491,-0.1851738840341568,0.7224400639533997
Feature_492,0.3026551604270935,1.38970148563385
Feature_493,-0.08805934339761734,2.607292890548706
Feature_494,-0.11883529275655746,1.835748314857483
Feature_495,-1.0725873708724976,0.3653126657009125
Feature_496,-1.0384334325790405,0.5887391567230225
Feature_497,-0.6621222496032715,-0.44984665513038635
Feature_498,-0.5412103533744812,-0.36718693375587463
Feature_499,-0.43724632263183594,-0.8076221346855164
Feature_500,-0.03800639882683754,-0.9648792147636414
Feature_501,-0.15545324981212616,-0.9148733019828796
Feature_502,-0.3109895884990692,-0.3725665509700775
Feature_503,-0.014449934475123882,-1.1616166830062866
Feature_504,0.22476069629192352,-1.337302803993225
Feature_505,0.18587608635425568,-1.165390133857727
Feature_506,-0.22967767715454102,-0.6913764476776123
Feature_507,0.11790811270475388,-0.9252927303314209
Feature_508,0.27498772740364075,-1.3371444940567017
Feature_509,-0.06287866085767746,-1.3903201818466187
Feature_510,0.22837813198566437,-1.230934500694275
Feature_511,-0.047410350292921066,-0.7394360899925232
Feature_512,-0.4952585697174072,0.17952458560466766
Feature_513,0.2853708267211914,-1.0929635763168335
Feature_514,0.4181762635707855,-1.3153475522994995
Feature_515,0.399259090423584,-1.3260339498519897
Feature_516,0.21550142765045166,-1.038343071937561
Feature_517,-0.3399766683578491,-0.7288016676902771
Feature_518,-1.0258780717849731,0.335399866104126
Feature_519,-0.14639104902744293,-0.21280920505523682
Feature_520,-0.08594715595245361,-0.5818191766738892
Feature_521,0.42535221576690674,-1.0059800148010254
Feature_522,0.5593817830085754,-1.1265584230422974
Feature_523,0.43394169211387634,-1.0934056043624878
Feature_524,0.16961199045181274,-0.897766649723053
Feature_525,-0.6057289242744446,-0.3409615457057953
Feature_526,-1.265048861503601,0.5906062126159668
Feature_527,-0.008364453911781311,-0.026615917682647705
Feature_528,0.18947292864322662,-0.266674280166626
Feature_529,0.6030731201171875,-0.5308493971824646
Feature_530,0.7085228562355042,-0.823775589466095
Feature_531,0.35937178134918213,-0.7574769854545593
Feature_532,-0.17975948750972748,-0.528748095035553
Feature_533,-0.9789488911628723,0.011951657943427563
Feature_534,-1.4240614175796509,0.6610736846923828
Feature_535,0.22363094985485077,0.334364652633667
Feature_536,0.32397279143333435,0.18417589366436005
Feature_537,0.6206762194633484,-0.02011931501328945
Feature_538,0.6320443153381348,-0.15594585239887238
Feature_539,0.20265859365463257,-0.2177172154188156
Feature_540,-0.5053488612174988,0.011838473379611969
Feature_541,-1.3770426511764526,0.5312338471412659
Feature_542,0.05910350754857063,0.8556773066520691
Feature_543,0.2197699099779129,0.8233008980751038
Feature_544,0.3643049895763397,0.7609329223632812
Feature_545,0.5905867218971252,0.5945590138435364
Feature_546,0.30312618613243103,0.5017265677452087
Feature_547,-0.1775488406419754,0.5184651017189026
Feature_548,-0.8022046089172363,0.6483010649681091
Feature_549,0.4372900724411011,1.1983084678649902
Feature_550,0.3308212161064148,1.3157111406326294
Feature_551,0.3665003776550293,1.2846564054489136
Feature_552,0.2849496304988861,1.1847991943359375
Feature_553,0.14833427965641022,1.175007939338684
Feature_554,-0.36540523171424866,1.2099238634109497
Feature_555,0.5839087963104248,1.4312807321548462
Feature_556,0.3885399401187897,1.8613176345825195
Feature_557,0.28856778144836426,1.8196477890014648
Feature_558,0.03360829874873161,1.6713814735412598
Feature_559,-0.05631990730762482,1.6073697805404663
Feature_560,0.63542240858078,0.20006795227527618
Feature_561,-0.20901699364185333,1.9960947036743164
Feature_562,0.1536387950181961,1.0598734617233276
Feature_563,-0.17829877138137817,2.692440986633301
Feature_564,-0.49148061871528625,-0.5999261736869812
Feature_565,-0.347120076417923,-0.6081477999687195
Feature_566,-0.23794621229171753,-0.24129356443881989
Feature_567,-0.3061450123786926,-0.7358188033103943
Feature_568,-0.05459508299827576,-1.0661994218826294
Feature_569,0.11012136936187744,-1.0708516836166382
Feature_570,-0.1872282475233078,-0.7748330235481262
Feature_571,-0.5924170613288879,0.07155488431453705
Feature_572,-0.10421629995107651,-1.0580048561096191
Feature_573,0.23172257840633392,-1.2728385925292969
Feature_574,0.24899189174175262,-1.1982791423797607
Feature_575,0.061034489423036575,-0.9559471607208252
Feature_576,-0.49593374133110046,-0.16881202161312103
Feature_577,0.08038254827260971,-1.1038230657577515
Feature_578,0.48499152064323425,-1.2441463470458984
Feature_579,0.33836618065834045,-1.1783612966537476
Feature_580,0.2178737372159958,-1.0011378526687622
Feature_581,-0.620468258857727,-0.19470477104187012
Feature_582,0.2872178852558136,-1.0453580617904663
Feature_583,0.3871437609195709,-1.2377842664718628
Feature_584,0.1836998462677002,-1.185420274734497
Feature_585,-0.18654756247997284,-0.9963198304176331
Feature_586,-0.8711330890655518,0.1238306537270546
Feature_587,-0.049451958388090134,-0.6082141399383545
Feature_588,0.22461970150470734,-0.9097673296928406
Feature_589,0.3030661344528198,-1.0396445989608765
Feature_590,-0.005392732564359903,-1.0148911476135254
Feature_591,-0.6241590976715088,-0.6415702700614929
Feature_592,-1.3650007247924805,0.02204057015478611
Feature_593,-0.12369725853204727,-0.1646873503923416
Feature_594,0.18663150072097778,-0.35833024978637695
Feature_595,0.26030483841896057,-0.6704561114311218
Feature_596,0.04342522844672203,-0.7081876397132874
Feature_597,-0.39953771233558655,-0.6653364300727844
Feature_598,-1.606537938117981,0.2702091634273529
Feature_599,0.09035555273294449,0.23947115242481232
Feature_600,0.1992868185043335,0.06774905323982239
Feature_601,0.20145350694656372,-0.1512911021709442
Feature_602,0.007033864501863718,-0.258762925863266
Feature_603,-0.8054743409156799,-0.24129857122898102
Feature_604,-1.2648266553878784,0.18832385540008545
Feature_605,-1.559552550315857,0.3153647482395172
Feature_606,0.09690073132514954,0.8906545639038086
Feature_607,0.07157156616449356,0.826615035533905
Feature_608,0.25985458493232727,0.6574634909629822
Feature_609,0.06929537653923035,0.36310282349586487
Feature_610,-0.32896116375923157,0.3116212785243988
Feature_611,-0.9098103046417236,0.3692062795162201
Feature_612,-1.4204338788986206,0.39528265595436096
Feature_613,0.14343254268169403,1.3297890424728394
Feature_614,0.2496429681777954,1.3663005828857422
Feature_615,0.34053078293800354,1.111639380455017
Feature_616,0.06888558715581894,0.9853295683860779
Feature_617,-0.40054693818092346,0.8172003626823425
Feature_618,-1.6600393056869507,0.45380643010139465
Feature_619,0.4069842994213104,1.794468879699707
Feature_620,0.25512468814849854,1.754285454750061
Feature_621,0.08889871835708618,1.596649169921875
Feature_622,-0.05874396860599518,1.5568801164627075
Feature_623,0.5715391039848328,1.9075841903686523
Feature_624,0.3180846869945526,2.1529905796051025
Feature_625,0.23073075711727142,2.0606486797332764
Feature_626,0.012441257946193218,1.839404582977295
Feature_627,-0.10100079327821732,1.8215599060058594
Feature_628,0.5105931162834167,2.0976016521453857
Feature_629,0.2813798487186432,2.3252980709075928
Feature_630,0.3462783098220825,2.155454635620117
Feature_631,0.08891632407903671,2.1937434673309326
Feature_632,-1.6420783996582031,1.0763649940490723
Feature_633,-1.6688294410705566,1.191735863685608
Feature_634,-1.514686107635498,0.9847061634063721
Feature_635,-1.5791311264038086,1.3651947975158691
Feature_636,-1.4280062913894653,1.1995140314102173
Feature_637,-1.4748274087905884,1.0727769136428833
Feature_638,-1.309428334236145,0.9503342509269714
Feature_639,-1.4106799364089966,1.290767788887024
Feature_640,-1.2515380382537842,1.0340877771377563
Feature_641,-1.1052147150039673,0.7614486813545227
Feature_642,-1.1925148963928223,1.2213642597198486
Feature_643,-0.9452905654907227,0.8921933174133301
Feature_644,-0.94505375623703,0.5723647475242615
Feature_645,-0.680402934551239,0.680203914642334
Feature_646,-0.6837417483329773,0.476782888174057
Feature_647,-0.7005974650382996,0.2255290001630783
Feature_648,-1.0883756875991821,-0.029272377490997314
Feature_649,-0.6588384509086609,0.6304814219474792
Feature_650,-0.4853403568267822,0.2938985824584961
Feature_651,-0.505308210849762,0.1255616992712021
Feature_652,-1.0571932792663574,-0.2727556526660919
Feature_653,-0.6534275412559509,0.3490239679813385
Feature_654,-0.3780275881290436,0.09753966331481934
Feature_655,-0.5059046149253845,-0.11104365438222885
Feature_656,-1.0917973518371582,-0.39224863052368164
Feature_657,-0.4808465242385864,0.11988899856805801
Feature_658,-0.6038733124732971,-0.14316336810588837
Feature_659,-0.6244310736656189,-0.2716774642467499
Feature_660,-0.9959040284156799,-0.4126617908477783
Feature_661,-1.2964154481887817,-0.45099034905433655
Feature_662,-0.6564774513244629,0.25366365909576416
Feature_663,-0.663750171661377,0.033606499433517456
Feature_664,-0.8830063343048096,-0.20978747308254242
Feature_665,-1.1059770584106445,-0.3000158667564392
Feature_666,-1.417706847190857,-0.23274171352386475
Feature_667,-0.6941466927528381,0.25170865654945374
Feature_668,-0.9871867299079895,0.07234533131122589
Feature_669,-1.2911919355392456,0.18389533460140228
Feature_670,-1.7336455583572388,0.7562277317047119
Feature_671,-1.7200201749801636,0.7921437621116638
Feature_672,-1.4819830656051636,0.5092587471008301
Feature_673,-1.7491235733032227,0.974622905254364
Feature_674,-1.5772701501846313,0.7030981183052063
Feature_675,-1.8262706995010376,1.1035683155059814
Feature_676,-1.6017545461654663,0.8854566216468811
Feature_677,-1.2236262559890747,0.6859552264213562
Feature_678,-1.6633657217025757,1.438522219657898
Feature_679,-1.6208577156066895,1.2714017629623413
Feature_680,-1.2749501466751099,0.8884878158569336
Feature_681,-1.068197250366211,0.642403781414032
Feature_682,-1.0653704404830933,0.5767472982406616
Feature_683,-1.472497820854187,1.5236214399337769
Feature_684,-1.1724401712417603,1.2823594808578491
Feature_685,-0.9232479929924011,0.7604538798332214
Feature_686,-0.8385418057441711,0.6239516735076904
Feature_687,-0.964518129825592,0.4779447019100189
Feature_688,-1.1628767251968384,1.4826253652572632
Feature_689,-0.7654702067375183,0.8912622332572937
Feature_690,-0.5418713688850403,0.49194344878196716
Feature_691,-0.42510083317756653,0.34971705079078674
Feature_692,-0.5649983286857605,0.1776471585035324
Feature_693,-0.5133509635925293,0.7263181805610657
Feature_694,-0.13087080419063568,0.33519601821899414
Feature_695,-0.15269525349140167,0.039245277643203735
Feature_696,-0.10335167497396469,-0.06408282369375229
Feature_697,-0.30929628014564514,-0.10463293641805649
Feature_698,-0.8065109252929688,-0.035308774560689926
Feature_699,-0.7846441268920898,0.05478661134839058
Feature_700,-0.3400481045246124,0.6964357495307922
Feature_701,-0.08771751075983047,0.21733887493610382
Feature_702,0.07385847717523575,-0.06060580536723137
Feature_703,0.16927774250507355,-0.2549295425415039
Feature_704,-0.04419755935668945,-0.2948637008666992
Feature_705,-0.3531514108181,-0.2715851366519928
Feature_706,-0.6645059585571289,-0.24785292148590088
Feature_707,-0.8358898758888245,-0.27872782945632935
Feature_708,-0.09090777486562729,0.2649729549884796
Feature_709,0.03603162243962288,-0.12915407121181488
Feature_710,0.2300298810005188,-0.29741519689559937
Feature_711,0.12781450152397156,-0.3569308817386627
Feature_712,-0.04461417719721794,-0.44821643829345703
Feature_713,-0.45733842253685,-0.5949798226356506
Feature_714,-0.9009814262390137,-0.6401521563529968
Feature_715,-0.9668909907341003,-0.5581209659576416
Feature_716,0.031752943992614746,-0.0517595149576664
Feature_717,0.14279578626155853,-0.31298235058784485
Feature_718,0.23815429210662842,-0.4670490026473999
Feature_719,0.04222032055258751,-0.6308295130729675
Feature_720,-0.5461120009422302,-0.723534882068634
Feature_721,-0.2648591697216034,0.2865537703037262
Feature_722,-0.3948013484477997,-0.16056346893310547
Feature_723,-0.06065160036087036,-0.44248998165130615
Feature_724,-0.22105789184570312,-0.6865940093994141
Feature_725,-0.5777093768119812,-0.728585422039032
Feature_726,-0.9894070029258728,-0.6543157696723938
Feature_727,-0.3789212703704834,-0.22769677639007568
Feature_728,-0.49676942825317383,-0.41004815697669983
Feature_729,-0.8207445740699768,-0.33360984921455383
Feature_730,-1.9080575704574585,0.9289484620094299
Feature_731,-1.9106082916259766,1.329079508781433
Feature_732,-1.895984172821045,1.0564411878585815
Feature_733,-1.7697210311889648,0.8345312476158142
Feature_734,-1.8607031106948853,1.4584859609603882
Feature_735,-1.5791791677474976,1.1705247163772583
Feature_736,-1.3734270334243774,0.9560933113098145
Feature_737,-1.411347508430481,1.373727798461914
Feature_738,-1.0888155698776245,0.9545914530754089
Feature_739,-0.6479966640472412,0.5896332859992981
Feature_740,-0.7723250389099121,0.48479458689689636
Feature_741,0.05137276649475098,0.4097684919834137
Feature_742,-0.8184463381767273,1.1164590120315552
Feature_743,-0.35774049162864685,0.5448782444000244
Feature_744,-0.132139652967453,0.2717020511627197
Feature_745,-0.15514446794986725,0.11824037879705429
Feature_746,-0.3416367471218109,0.07074251025915146
Feature_747,-0.3844442367553711,0.10306515544652939
Feature_748,-0.6469014286994934,0.20870892703533173
Feature_749,0.06128811836242676,0.37544336915016174
Feature_750,0.15892411768436432,0.016312994062900543
Feature_751,0.32072725892066956,-0.1538744568824768
Feature_752,0.21445083618164062,-0.17260456085205078
Feature_753,-0.012165348045527935,-0.1698526293039322
Feature_754,-0.23716364800930023,-0.09884575754404068
Feature_755,0.24019122123718262,0.13932056725025177
Feature_756,0.6432172060012817,-0.11599389463663101
Feature_757,0.5079201459884644,-0.367538183927536
Feature_758,0.5332990288734436,-0.4772319793701172
Feature_759,0.41555389761924744,-0.4140320122241974
Feature_760,0.17113180458545685,-0.3888404369354248
Feature_761,-0.14148388803005219,-0.2869572937488556
Feature_762,-0.5313174724578857,-0.04668798670172691
Feature_763,0.47331905364990234,0.20433421432971954
Feature_764,0.6348811984062195,-0.2455873340368271
Feature_765,0.6496532559394836,-0.4629443883895874
Feature_766,0.8428028225898743,-0.5753740668296814
Feature_767,0.647798478603363,-0.626803994178772
Feature_768,0.45487508177757263,-0.6648985147476196
Feature_769,0.051602330058813095,-0.6559961438179016
Feature_770,-0.5359134078025818,-0.5732336044311523
Feature_771,-0.8659953474998474,-0.4129258692264557
Feature_772,0.11968806385993958,0.5272442698478699
Feature_773,0.644361674785614,-0.10778781026601791
Feature_774,0.5873284339904785,-0.4105822741985321
Feature_775,0.7643515467643738,-0.5808082222938538
Feature_776,0.6882744431495667,-0.7889828681945801
Feature_777,0.4998079836368561,-0.7723321914672852
Feature_778,0.08838074654340744,-0.8405628204345703
Feature_779,-0.39600515365600586,-0.76133793592453
Feature_780,-0.8378686904907227,-0.6050426959991455
Feature_781,0.09688911586999893,0.433341383934021
Feature_782,0.3403743505477905,-0.17955344915390015
Feature_783,0.5958026051521301,-0.48453328013420105
Feature_784,0.6467122435569763,-0.6009291410446167
Feature_785,0.3981587588787079,-0.7614441514015198
Feature_786,0.041051506996154785,-0.9250741004943848
Feature_787,-0.42785170674324036,-0.8264070153236389
Feature_788,-0.14577271044254303,0.37316498160362244
Feature_789,0.1017383262515068,-0.10916981846094131
Feature_790,0.20842938125133514,-0.4004124402999878
Feature_791,0.11239258199930191,-0.5868100523948669
Feature_792,-0.2111148238182068,-0.6091125011444092
Feature_793,-0.5525556206703186,-0.5291664004325867
Feature_794,-0.2580339312553406,0.20474429428577423
Feature_795,-0.29579198360443115,-0.0607646144926548
Feature_796,-0.3969644010066986,-0.06541411578655243
Feature_797,-2.1976988315582275,1.120341181755066
Feature_798,-1.8749440908432007,1.0769555568695068
Feature_799,-1.5404233932495117,0.8896152377128601
Feature_800,-1.0043072700500488,0.8313338160514832
Feature_801,-0.629179835319519,0.5025134086608887
Feature_802,-0.6996376514434814,0.44421815872192383
Feature_803,-0.1805233359336853,0.32208138704299927
Feature_804,0.00399645185098052,0.15769101679325104
Feature_805,-0.11142614483833313,0.028165718540549278
Feature_806,-0.11110267788171768,0.02645331807434559
Feature_807,-0.3262593150138855,0.23229868710041046
Feature_808,-0.26017919182777405,0.29020747542381287
Feature_809,0.05543532967567444,0.3301321864128113
Feature_810,0.3456491529941559,0.01151468325406313
Feature_811,0.5537768006324768,-0.22168724238872528
Feature_812,0.5385282635688782,-0.2246829718351364
Feature_813,0.39771151542663574,-0.3876761496067047
Feature_814,0.247986301779747,-0.19263166189193726
Feature_815,0.042977262288331985,0.007141465786844492
Feature_816,0.5939686894416809,0.1246950626373291
Feature_817,0.7769722938537598,-0.31735602021217346
Feature_818,0.9092599749565125,-0.4544468820095062
Feature_819,0.8815914988517761,-0.4989074766635895
Feature_820,0.8140778541564941,-0.5694186091423035
Feature_821,0.653272271156311,-0.3762286603450775
Feature_822,0.5473058819770813,-0.3428887128829956
Feature_823,0.24611850082874298,-0.08499451726675034
Feature_824,0.9547604918479919,-0.41313067078590393
Feature_825,1.0131818056106567,-0.6358579993247986
Feature_826,1.0643702745437622,-0.7761881947517395
Feature_827,1.02151620388031,-0.6754084229469299
Feature_828,0.9646324515342712,-0.6368337273597717
Feature_829,0.8169791102409363,-0.5599660277366638
Feature_830,0.3818163573741913,-0.4201021194458008
Feature_831,-0.04445621743798256,-0.22455519437789917
Feature_832,1.004779577255249,-0.16758035123348236
Feature_833,1.1913228034973145,-0.6081880927085876
Feature_834,1.1457743644714355,-0.7719032168388367
Feature_835,1.09125554561615,-0.8565108180046082
Feature_836,0.9608650207519531,-0.8128261566162109
Feature_837,0.7205364108085632,-0.7723767161369324
Feature_838,0.4596670866012573,-0.7620723247528076
Feature_839,-0.14281336963176727,-0.5810218453407288
Feature_840,-0.7157883644104004,-0.4109005033969879
Feature_841,0.4518994092941284,0.42195215821266174
Feature_842,0.6787090301513672,-0.12479264289140701
Feature_843,0.7886046767234802,-0.4106971025466919
Feature_844,0.8670217394828796,-0.634598433971405
Feature_845,0.7928483486175537,-0.6638214588165283
Feature_846,0.7191224098205566,-0.7598729133605957
Feature_847,0.3995266854763031,-0.9809086918830872
Feature_848,-0.1610730141401291,-0.8264622092247009
Feature_849,-0.6778810024261475,-0.5636082291603088
Feature_850,0.13157714903354645,0.6057369112968445
Feature_851,0.34751686453819275,0.1647120714187622
Feature_852,0.3868524730205536,-0.21674740314483643
Feature_853,0.655630350112915,-0.4870610237121582
Feature_854,0.5821611881256104,-0.6933973431587219
Feature_855,0.4242384433746338,-0.8812234997749329
Feature_856,-0.19459913671016693,-0.6423975825309753
Feature_857,-0.6433716416358948,-0.341447114944458
Feature_858,-0.21883368492126465,0.7264758944511414
Feature_859,0.1306484192609787,0.44255590438842773
Feature_860,0.2691739499568939,-0.06505752354860306
Feature_861,0.2957431375980377,-0.2644409239292145
Feature_862,0.007605460938066244,-0.37258562445640564
Feature_863,-0.40822699666023254,-0.1985255479812622
Feature_864,-2.094304323196411,1.050891399383545
Feature_865,-1.4457446336746216,0.7980565428733826
Feature_866,-0.8910679817199707,0.5807146430015564
Feature_867,-0.8210111260414124,0.5030581951141357
Feature_868,-0.09343745559453964,0.07484131306409836
Feature_869,0.028375208377838135,0.13746920228004456
Feature_870,-0.07875377684831619,0.22480159997940063
Feature_871,-0.31042835116386414,0.29310423135757446
Feature_872,0.7171037793159485,-0.3437727689743042
Feature_873,0.4332876205444336,-0.22276227176189423
Feature_874,0.32544898986816406,-0.08305009454488754
Feature_875,0.1949022263288498,0.18625174462795258
Feature_876,0.10470107942819595,-0.01787884533405304
Feature_877,1.1610440015792847,-0.7032649517059326
Feature_878,1.0402721166610718,-0.5711268782615662
Feature_879,0.8290722370147705,-0.3917141854763031
Feature_880,0.8032495379447937,-0.18565626442432404
Feature_881,0.5925393104553223,0.04247121140360832
Feature_882,0.5620308518409729,0.030120864510536194
Feature_883,1.145753026008606,-0.5048965215682983
Feature_884,1.4156742095947266,-0.9558127522468567
Feature_885,1.3733245134353638,-0.9025738835334778
Feature_886,1.2540208101272583,-0.765810489654541
Feature_887,1.1116808652877808,-0.6725065112113953
Feature_888,1.0103102922439575,-0.4777529239654541
Feature_889,0.7991051077842712,-0.2957221567630768
Feature_890,0.6321318745613098,-0.07923468202352524
Feature_891,1.232690691947937,-0.2110692262649536
Feature_892,1.5954622030258179,-0.643157422542572
Feature_893,1.4069461822509766,-0.7762179970741272
Feature_894,1.1735676527023315,-0.7133848071098328
Feature_895,1.1314722299575806,-0.6460089087486267
Feature_896,0.998823881149292,-0.5931088328361511
Feature_897,0.9540233612060547,-0.5274196863174438
Feature_898,0.46678707003593445,-0.3731069266796112
Feature_899,0.09280743449926376,-0.19021952152252197
Feature_900,-0.5294034481048584,0.10787087678909302
Feature_901,1.1386196613311768,-0.0411825031042099
Feature_902,1.2326663732528687,-0.35044094920158386
Feature_903,1.0073751211166382,-0.4109196364879608
Feature_904,1.023055076599121,-0.3886313736438751
Feature_905,1.0221099853515625,-0.4942742884159088
Feature_906,0.695056140422821,-0.5062472224235535
Feature_907,0.4769492447376251,-0.478814959526062
Feature_908,0.02126866579055786,-0.4501136541366577
Feature_909,-0.5009469985961914,-0.09822076559066772
Feature_910,0.7922806143760681,0.6992219090461731
Feature_911,0.6686848998069763,0.302489310503006
Feature_912,0.6417070627212524,0.21898172795772552
Feature_913,0.6472039222717285,-0.013445918448269367
Feature_914,0.7895216941833496,-0.17512820661067963
Feature_915,0.8679034113883972,-0.46905967593193054
Feature_916,0.4780151844024658,-0.5726861953735352
Feature_917,-0.023532936349511147,-0.49171343445777893
Feature_918,-0.5504733920097351,-0.1128314733505249
Feature_919,0.23100411891937256,1.4262820482254028
Feature_920,0.2244979739189148,1.011631965637207
Feature_921,0.13602304458618164,0.7365932464599609
Feature_922,0.18838036060333252,0.4838907718658447
Feature_923,0.5873098373413086,0.20882804691791534
Feature_924,0.4676555097103119,-0.17641644179821014
Feature_925,0.2204742580652237,-0.3410381078720093
Feature_926,-0.18241554498672485,-0.2590387165546417
Feature_927,-0.46985697746276855,1.427350401878357
Feature_928,-0.33244588971138,1.0859365463256836
Feature_929,-0.16398166120052338,0.599527895450592
Feature_930,0.22858969867229462,0.35891756415367126
Feature_931,0.01695440150797367,0.10752620548009872
Feature_932,-0.4332682192325592,0.21661703288555145
Feature_933,-0.4671602249145508,0.9108374714851379
Feature_934,-0.34644100069999695,0.7228804230690002
Feature_935,-0.4982798099517822,0.2857232391834259
Feature_936,0.6007586121559143,-0.5839805603027344
Feature_937,0.577937662601471,-0.2401428073644638
Feature_938,0.23237721621990204,-0.007561246398836374
Feature_939,1.116477608680725,-0.9534392952919006
Feature_940,1.207877278327942,-0.708520233631134
Feature_941,0.8268253803253174,-0.3587459623813629
Feature_942,0.6741576790809631,-0.009664746932685375
Feature_943,0.905946671962738,-0.4731040298938751
Feature_944,1.3656253814697266,-0.9174292683601379
Feature_945,1.4907755851745605,-0.9007129669189453
Feature_946,1.3716093301773071,-0.8126439452171326
Feature_947,1.0682364702224731,-0.5068324208259583
Feature_948,0.9151911735534668,-0.2096904069185257
Feature_949,0.764797031879425,0.07336106151342392
Feature_950,1.054498553276062,-0.14247705042362213
Feature_951,1.4803930521011353,-0.4524770975112915
Feature_952,1.7858796119689941,-0.7317159175872803
Feature_953,1.3574210405349731,-0.5986483693122864
Feature_954,1.0366345643997192,-0.2612944543361664
Feature_955,0.8089357018470764,-0.13173000514507294
Feature_956,0.6534468531608582,0.020217290148139
Feature_957,0.6965253353118896,0.05311977490782738
Feature_958,0.5613334774971008,0.2051752358675003
Feature_959,1.2431081533432007,0.3538244068622589
Feature_960,1.517397403717041,0.04986116290092468
Feature_961,1.6068081855773926,-0.1900203675031662
Feature_962,1.3464428186416626,-0.2337358146905899
Feature_963,0.9067091941833496,-0.11480269581079483
Feature_964,0.6743199229240417,0.02404959499835968
Feature_965,0.5942751169204712,0.10394714027643204
Feature_966,0.611457109451294,0.012238937430083752
Feature_967,0.43017664551734924,-0.03524528816342354
Feature_968,0.09140350669622421,0.12166137248277664
Feature_969,-0.4344158172607422,0.29948702454566956
Feature_970,1.2602243423461914,0.5601213574409485
Feature_971,1.2494151592254639,0.33469080924987793
Feature_972,1.1425257921218872,0.28834962844848633
Feature_973,0.7238326668739319,0.334185928106308
Feature_974,0.7098908424377441,0.3451370298862457
Feature_975,0.594875156879425,0.27733293175697327
Feature_976,0.474968820810318,0.11008087545633316
Feature_977,0.43542933464050293,-0.04886984825134277
Feature_978,0.044221460819244385,-0.006223899777978659
Feature_979,-0.39939141273498535,0.30694472789764404
Feature_980,-0.7930676937103271,0.490141361951828
Feature_981,1.1844730377197266,1.3272310495376587
Feature_982,1.0975996255874634,1.0344659090042114
Feature_983,0.8950108885765076,0.8564328551292419
Feature_984,0.5122324824333191,0.8058033585548401
Feature_985,0.3305896818637848,0.8309645652770996
Feature_986,0.36143195629119873,0.5202731490135193
Feature_987,0.468384712934494,0.31973832845687866
Feature_988,0.3548775613307953,0.06227080896496773
Feature_989,-0.08460065722465515,0.09762200713157654
Feature_990,-0.5835635662078857,0.3636811077594757
Feature_991,0.6289464831352234,1.6647281646728516
Feature_992,0.35648012161254883,1.6319032907485962
Feature_993,0.22661173343658447,1.3609795570373535
Feature_994,0.178738072514534,1.0683256387710571
Feature_995,0.24128764867782593,0.8025568127632141
Feature_996,0.35179969668388367,0.434786319732666
Feature_997,0.2866448760032654,0.24155505001544952
Feature_998,-0.2066764086484909,0.20755410194396973
Feature_999,-0.35924744606018066,1.7754796743392944
Feature_1000,-0.20663607120513916,1.4125356674194336
Feature_1001,-0.10886424779891968,0.9816913604736328
Feature_1002,0.07913728803396225,0.5867186188697815
Feature_1003,-0.01639154553413391,0.37190333008766174
Feature_1004,-0.4258366525173187,0.4325065314769745
Feature_1005,-0.44236138463020325,1.099900484085083
Feature_1006,-0.2929967939853668,0.7901062369346619
Feature_1007,-0.42611002922058105,0.5696492195129395
Feature_1008,-1.6619497537612915,0.7078874111175537
Feature_1009,-0.8678027987480164,-0.18000532686710358
Feature_1010,-0.8697900772094727,0.5662601590156555
Feature_1011,0.16129469871520996,-0.7344757914543152
Feature_1012,-0.07535915076732635,0.08963867276906967
Feature_1013,-0.2773666977882385,0.5149674415588379
Feature_1014,0.24997282028198242,-0.5924661755561829
Feature_1015,0.829239547252655,-0.8289382457733154
Feature_1016,0.9534687995910645,-0.9553238749504089
Feature_1017,0.9897834658622742,-0.7358272075653076
Feature_1018,0.6601797938346863,-0.3962081968784332
Feature_1019,0.3235653042793274,0.18950389325618744
Feature_1020,0.7650150656700134,-0.4721134901046753
Feature_1021,1.120755672454834,-0.7181662917137146
Feature_1022,1.336854338645935,-0.8257062435150146
Feature_1023,1.358199954032898,-0.935347318649292
Feature_1024,1.0868903398513794,-0.4745575487613678
Feature_1025,0.7362399101257324,-0.014516894705593586
Feature_1026,0.4405018091201782,0.37360289692878723
Feature_1027,0.9842727184295654,-0.21452760696411133
Feature_1028,1.3387336730957031,-0.41380438208580017
Feature_1029,1.687252163887024,-0.529635488986969
Feature_1030,1.705945611000061,-0.6194345355033875
Feature_1031,1.3943915367126465,-0.3600722551345825
Feature_1032,0.8510148525238037,0.009035264141857624
Feature_1033,0.550175130367279,0.36912643909454346
Feature_1034,0.3922646939754486,0.5169106125831604
Feature_1035,1.1742075681686401,0.3030287027359009
Feature_1036,1.6254454851150513,0.0012348195305094123
Feature_1037,1.9034314155578613,-0.12146278470754623
Feature_1038,1.7018970251083374,-0.11353959888219833
Feature_1039,1.4224637746810913,-0.12801674008369446
Feature_1040,0.8783276677131653,0.22388727962970734
Feature_1041,0.492480993270874,0.47780588269233704
Feature_1042,0.2233138084411621,0.662165641784668
Feature_1043,1.0908666849136353,0.8459599614143372
Feature_1044,1.68413245677948,0.5515908598899841
Feature_1045,1.82718026638031,0.3668982684612274
Feature_1046,1.8415241241455078,0.29664337635040283
Feature_1047,1.3988739252090454,0.3299061954021454
Feature_1048,0.8608713150024414,0.5314657092094421
Feature_1049,0.43087172508239746,0.6832766532897949
Feature_1050,0.1886962503194809,0.7703811526298523
Feature_1051,0.2368377447128296,0.704687774181366
Feature_1052,1.592717170715332,1.160620927810669
Feature_1053,1.6531389951705933,0.925103485584259
Feature_1054,1.5133267641067505,0.7138041853904724
Feature_1055,1.2922507524490356,0.9108765721321106
Feature_1056,0.9218783974647522,0.9447668194770813
Feature_1057,0.4258694648742676,0.9438390731811523
Feature_1058,0.20927344262599945,1.0148979425430298
Feature_1059,0.11840540170669556,0.6822221875190735
Feature_1060,0.122553251683712,0.471228688955307
Feature_1061,1.3141659498214722,1.587908148765564
Feature_1062,1.2549036741256714,1.4683653116226196
Feature_1063,0.9453153014183044,1.5352014303207397
Feature_1064,0.6986082196235657,1.5029770135879517
Feature_1065,0.39323413372039795,1.3966931104660034
Feature_1066,0.2625146806240082,1.004968523979187
Feature_1067,0.21236850321292877,0.6407725811004639
Feature_1068,0.24409990012645721,0.5571884512901306
Feature_1069,0.7241271138191223,2.1927919387817383
Feature_1070,0.7625963091850281,2.4151182174682617
Feature_1071,0.3155279755592346,2.1976709365844727
Feature_1072,0.07829118520021439,1.8833898305892944
Feature_1073,0.14909476041793823,1.6954617500305176
Feature_1074,0.1488557904958725,1.1408871412277222
Feature_1075,0.22769606113433838,0.5624444484710693
Feature_1076,0.044968973845243454,0.5071017742156982
Feature_1077,-0.3190741539001465,0.3797190487384796
Feature_1078,-0.1679263859987259,2.238532066345215
Feature_1079,-0.3056640923023224,2.237727165222168
Feature_1080,-0.2862095832824707,1.9465168714523315
Feature_1081,-0.15473604202270508,1.2848342657089233
Feature_1082,-0.7823869585990906,2.0543177127838135
Feature_1083,-0.6804780960083008,1.9650236368179321
Feature_1084,-0.5275750160217285,1.304952621459961
Feature_1085,-2.2664105892181396,1.0342092514038086
Feature_1086,-0.7902991771697998,-0.11905231326818466
Feature_1087,-0.6247937083244324,-0.28466853499412537
Feature_1088,-0.8752756714820862,-0.10246417671442032
Feature_1089,0.2243833988904953,-0.9595963358879089
Feature_1090,0.35286831855773926,-0.8052825927734375
Feature_1091,0.6877248287200928,-0.7933065295219421
Feature_1092,0.9078572392463684,-0.9831768870353699
Feature_1093,0.6055265665054321,-0.479055792093277
Feature_1094,0.48323604464530945,-0.4787047803401947
Feature_1095,0.9911747574806213,-0.809326708316803
Feature_1096,1.330972671508789,-0.9081637859344482
Feature_1097,1.2648487091064453,-0.825832188129425
Feature_1098,1.1127678155899048,-0.5928369760513306
Feature_1099,0.8164858222007751,-0.04222102090716362
Feature_1100,-0.26964858174324036,0.4360668659210205
Feature_1101,0.6280962824821472,-0.2980954647064209
Feature_1102,1.310023546218872,-0.5890968441963196
Feature_1103,1.4919520616531372,-0.5546638369560242
Feature_1104,1.5852718353271484,-0.5320244431495667
Feature_1105,1.6063400506973267,-0.4462492763996124
Feature_1106,1.16859769821167,-0.036279574036598206
Feature_1107,0.7707769274711609,0.22499589622020721
Feature_1108,1.4015792608261108,-0.15500472486019135
Feature_1109,1.8488000631332397,-0.2960827946662903
Feature_1110,1.9415830373764038,-0.15784849226474762
Feature_1111,1.7670388221740723,0.046168744564056396
Feature_1112,1.3535784482955933,0.16991938650608063
Feature_1113,0.6851909756660461,0.5107075572013855
Feature_1114,0.7322331070899963,0.7421223521232605
Feature_1115,1.4891061782836914,0.3787800073623657
Feature_1116,2.0013511180877686,0.3339795172214508
Feature_1117,2.2135236263275146,0.25202038884162903
Feature_1118,1.9969717264175415,0.32550743222236633
Feature_1119,1.518675684928894,0.4980098307132721
Feature_1120,0.7597500681877136,0.684023380279541
Feature_1121,-0.05544859170913696,0.9188774228096008
Feature_1122,1.2393873929977417,0.9205458760261536
Feature_1123,1.8001899719238281,0.726973295211792
Feature_1124,1.9295040369033813,0.7088845372200012
Feature_1125,1.7059861421585083,0.734509289264679
Feature_1126,1.5291692018508911,0.980985164642334
Feature_1127,0.8564155101776123,1.0265098810195923
Feature_1128,0.44870057702064514,1.2179564237594604
Feature_1129,-0.02614677883684635,1.2120157480239868
Feature_1130,1.4121862649917603,1.3661131858825684
Feature_1131,1.5107914209365845,1.1642028093338013
Feature_1132,1.6997324228286743,1.3427172899246216
Feature_1133,1.324994444847107,1.5427751541137695
Feature_1134,0.7823556065559387,1.536234974861145
Feature_1135,0.31782814860343933,1.4852451086044312
Feature_1136,0.19124579429626465,1.2611767053604126
Feature_1137,0.9285838603973389,1.828142762184143
Feature_1138,0.9980893731117249,1.6945886611938477
Feature_1139,1.0229501724243164,1.862125277519226
Feature_1140,0.7479972243309021,2.007805109024048
Feature_1141,0.3607969582080841,1.9217449426651
Feature_1142,0.2669716477394104,2.0016462802886963
Feature_1143,0.14790527522563934,1.3498414754867554
Feature_1144,-0.03297467902302742,0.49713292717933655
Feature_1145,-0.38021335005760193,0.5392845273017883
Feature_1146,0.233658567070961,2.043489694595337
Feature_1147,0.334516316652298,1.9379316568374634
Feature_1148,0.037502724677324295,2.1018333435058594
Feature_1149,-0.07796929031610489,2.3410542011260986
Feature_1150,-0.17203958332538605,2.3362436294555664
Feature_1151,-0.17039941251277924,2.0565273761749268
Feature_1152,-0.18007147312164307,1.9485975503921509
Feature_1153,-0.2730865180492401,2.423940420150757
Feature_1154,-0.5357818007469177,2.1487979888916016
Feature_1155,-0.42737603187561035,1.5687288045883179
Feature_1156,-0.7667324542999268,2.1330156326293945
Feature_1157,-0.7953972220420837,1.7742735147476196
Feature_1158,-1.1362667083740234,0.26856541633605957
Feature_1159,-1.6525111198425293,0.6478549838066101
Feature_1160,-0.46497154235839844,-0.15335290133953094
Feature_1161,-0.1655789166688919,-0.36750027537345886
Feature_1162,-0.436946839094162,-0.3300519585609436
Feature_1163,-0.904852569103241,0.06266007572412491
Feature_1164,0.2587587833404541,-0.5007954835891724
Feature_1165,0.4565525949001312,-0.8600790500640869
Feature_1166,0.5555688142776489,-0.9716362953186035
Feature_1167,0.053727805614471436,-0.5651006698608398
Feature_1168,0.4473820626735687,-0.8345025181770325
Feature_1169,0.8599018454551697,-1.0103696584701538
Feature_1170,0.9634043574333191,-1.0211830139160156
Feature_1171,0.8258335590362549,-0.8039443492889404
Feature_1172,0.7411268353462219,-0.8045524954795837
Feature_1173,1.0762157440185547,-0.9720694422721863
Feature_1174,1.3078778982162476,-1.0164127349853516
Feature_1175,1.1767034530639648,-0.8227469325065613
Feature_1176,0.9057601094245911,-0.3471534550189972
Feature_1177,0.6281672120094299,0.006517032627016306
Feature_1178,0.7656299471855164,-0.6473087668418884
Feature_1179,1.2616243362426758,-0.7871382832527161
Feature_1180,1.473401665687561,-0.7370250821113586
Feature_1181,1.4687646627426147,-0.553494393825531
Feature_1182,1.3500574827194214,-0.25068190693855286
Feature_1183,0.8580584526062012,-0.36959442496299744
Feature_1184,1.456101417541504,-0.5077454447746277
Feature_1185,1.8502708673477173,-0.44695305824279785
Feature_1186,1.8972784280776978,-0.24214182794094086
Feature_1187,1.667044997215271,-0.008006691932678223
Feature_1188,1.163267970085144,0.3609962463378906
Feature_1189,0.7477317452430725,0.16004109382629395
Feature_1190,1.58306086063385,0.060635536909103394
Feature_1191,2.0519819259643555,0.03545026108622551
Feature_1192,1.9675817489624023,0.20479898154735565
Feature_1193,1.7874094247817993,0.39988794922828674
Feature_1194,1.4481827020645142,0.7733195424079895
Feature_1195,0.5389418005943298,0.6737157702445984
Feature_1196,1.4406547546386719,0.5863958597183228
Feature_1197,1.934008002281189,0.6190938353538513
Feature_1198,1.9215587377548218,0.6045024394989014
Feature_1199,1.7548848390579224,0.7834168076515198
Feature_1200,1.609300136566162,1.1630945205688477
Feature_1201,0.7620081901550293,1.1774789094924927
Feature_1202,0.1944170445203781,1.0633505582809448
Feature_1203,1.0279239416122437,1.0461301803588867
Feature_1204,1.5461000204086304,1.084328293800354
Feature_1205,1.6566716432571411,1.1492724418640137
Feature_1206,1.6223087310791016,1.402916431427002
Feature_1207,1.2586451768875122,1.6043709516525269
Feature_1208,0.672685444355011,1.6052323579788208
Feature_1209,0.3117866516113281,1.4906377792358398
Feature_1210,0.6118455529212952,1.3397446870803833
Feature_1211,1.0491305589675903,1.505287528038025
Feature_1212,1.0288187265396118,1.4570814371109009
Feature_1213,0.8621930480003357,1.6583017110824585
Feature_1214,0.5382094383239746,1.8729819059371948
Feature_1215,0.30430006980895996,1.8688987493515015
Feature_1216,-0.015451639890670776,1.8669792413711548
Feature_1217,-0.028530463576316833,1.5327342748641968
Feature_1218,-0.07689639180898666,0.9991620182991028
Feature_1219,-0.2181372195482254,0.5957761406898499
Feature_1220,0.2921279966831207,1.3801287412643433
Feature_1221,0.5282194018363953,1.6741042137145996
Feature_1222,0.2930217683315277,1.734723687171936
Feature_1223,0.3375636637210846,2.0117645263671875
Feature_1224,-0.01603146456182003,2.1988792419433594
Feature_1225,-0.1473017781972885,2.3494625091552734
Feature_1226,-0.19375406205654144,2.0804710388183594
Feature_1227,-0.084562748670578,1.6337970495224
Feature_1228,-0.0372682586312294,1.077964186668396
Feature_1229,-0.66685551404953,0.6396124362945557
Feature_1230,-1.056749701499939,0.7435408234596252
Feature_1231,-0.42230233550071716,1.2079377174377441
Feature_1232,-0.046059492975473404,1.6372804641723633
Feature_1233,0.08162417262792587,1.691421627998352
Feature_1234,0.02294340170919895,1.9069708585739136
Feature_1235,-0.2403520941734314,2.3263347148895264
Feature_1236,-0.3832312524318695,2.149266242980957
Feature_1237,-0.3032834827899933,1.7441363334655762
Feature_1238,-0.8827717900276184,0.6820988655090332
Feature_1239,-0.15096835792064667,1.1376019716262817
Feature_1240,-0.11462781578302383,1.6039962768554688
Feature_1241,-0.5370023846626282,1.8907874822616577
Feature_1242,-0.5371057987213135,1.2427864074707031
Feature_1243,-0.7709346413612366,0.6764487624168396
Feature_1244,-0.8513520359992981,1.83074152469635
Feature_1245,-0.8164243698120117,1.466731071472168
Feature_1246,-0.7947679162025452,0.7308996319770813
Feature_1247,0.28371569514274597,-0.505371630191803
Feature_1248,0.2788066565990448,-0.5644050240516663
Feature_1249,0.0027782644610852003,-0.18234698474407196
Feature_1250,0.5651984810829163,-0.7266737818717957
Feature_1251,0.6641643643379211,-0.834949791431427
Feature_1252,0.5120899081230164,-0.8245069980621338
Feature_1253,0.2176695019006729,-0.5793343186378479
Feature_1254,0.7974546551704407,-0.8996458649635315
Feature_1255,1.0093320608139038,-1.0714811086654663
Feature_1256,0.8307961821556091,-0.9999396800994873
Feature_1257,0.5571445822715759,-0.6238181591033936
Feature_1258,0.8638715744018555,-0.9542116522789001
Feature_1259,1.1355643272399902,-1.130810260772705
Feature_1260,1.2197922468185425,-1.0263606309890747
Feature_1261,0.9503763318061829,-0.6509334444999695
Feature_1262,0.7520703673362732,-0.14779174327850342
Feature_1263,0.07227661460638046,-0.5792402625083923
Feature_1264,0.8559608459472656,-0.910424530506134
Feature_1265,1.1978951692581177,-0.9267563819885254
Feature_1266,1.3493961095809937,-0.8030061721801758
Feature_1267,1.2788258790969849,-0.4723394811153412
Feature_1268,1.0052146911621094,-0.031869854778051376
Feature_1269,-0.42730116844177246,-0.34475207328796387
Feature_1270,0.5939344763755798,-0.6269006133079529
Feature_1271,1.366556167602539,-0.677331268787384
Feature_1272,1.555897831916809,-0.5135130882263184
Feature_1273,1.4400615692138672,-0.21491201221942902
Feature_1274,1.21371591091156,0.16974873840808868
Feature_1275,-0.7776464819908142,0.007543096784502268
Feature_1276,0.37574878334999084,-0.2346145659685135
Feature_1277,1.4351129531860352,-0.2959689497947693
Feature_1278,1.8102302551269531,-0.09038751572370529
Feature_1279,1.7406511306762695,0.2746123671531677
Feature_1280,1.7601836919784546,0.564387857913971
Feature_1281,0.995609700679779,0.683818519115448
Feature_1282,-0.9623391032218933,0.23618139326572418
Feature_1283,0.05494474992156029,0.30639564990997314
Feature_1284,1.0300657749176025,0.3138636648654938
Feature_1285,1.5332727432250977,0.38614746928215027
Feature_1286,1.7080583572387695,0.7111299633979797
Feature_1287,1.7583732604980469,0.9403827786445618
Feature_1288,1.069848895072937,1.1148759126663208
Feature_1289,0.6157588362693787,1.0393978357315063
Feature_1290,-1.0598955154418945,0.5800394415855408
Feature_1291,-0.24913668632507324,0.7098193168640137
Feature_1292,0.8070589900016785,0.6721073985099792
Feature_1293,1.1911226511001587,0.8386767506599426
Feature_1294,1.3820481300354004,1.121447205543518
Feature_1295,1.3473957777023315,1.381697654724121
Feature_1296,0.9194263815879822,1.5687345266342163
Feature_1297,0.48112574219703674,1.5882407426834106
Feature_1298,-0.9686431884765625,0.7274221777915955
Feature_1299,-0.274301677942276,0.9703353047370911
Feature_1300,0.42380890250205994,1.0502371788024902
Feature_1301,0.7684018611907959,1.1380611658096313
Feature_1302,0.8936276435852051,1.44326913356781
Feature_1303,0.5770230293273926,1.4020441770553589
Feature_1304,0.3771514594554901,1.7417048215866089
Feature_1305,0.0909675881266594,1.8899418115615845
Feature_1306,-0.9170997738838196,0.7645354866981506
Feature_1307,-0.38813790678977966,1.1590975522994995
Feature_1308,0.32749873399734497,1.1418505907058716
Feature_1309,0.4935431480407715,1.3095959424972534
Feature_1310,0.38833141326904297,1.405846118927002
Feature_1311,0.18560421466827393,1.7290388345718384
Feature_1312,-0.15980945527553558,2.1079728603363037
Feature_1313,-0.2948380410671234,1.9989084005355835
Feature_1314,-0.2191528081893921,1.7475208044052124
Feature_1315,-0.8850908875465393,0.7252627015113831
Feature_1316,-0.37202706933021545,0.9899328351020813
Feature_1317,0.18643517792224884,1.1361736059188843
Feature_1318,0.18872536718845367,1.4444379806518555
Feature_1319,-0.25903603434562683,2.146601915359497
Feature_1320,-0.5413891673088074,2.4703562259674072
Feature_1321,-0.4077128469944,1.9172372817993164
Feature_1322,-0.3348950445652008,1.6405328512191772
Feature_1323,-0.7454278469085693,0.36328259110450745
Feature_1324,-0.39515236020088196,0.7302578091621399
Feature_1325,-0.31137701869010925,1.0251212120056152
Feature_1326,0.09782493114471436,1.3117995262145996
Feature_1327,-0.5510405898094177,2.0584475994110107
Feature_1328,-0.3853476941585541,1.5090371370315552
Feature_1329,-0.4550909996032715,0.4073357582092285
Feature_1330,-0.14636005461215973,0.5756686925888062
Feature_1331,-0.5731663703918457,1.5186939239501953
Feature_1332,0.003545999526977539,0.3913048803806305
Feature_1333,-0.16921544075012207,0.7520995140075684
Feature_1334,-0.17880231142044067,-0.28016096353530884
Feature_1335,0.1805766373872757,0.2327982783317566
Feature_1336,0.3077728748321533,0.05782487988471985
Feature_1337,0.08132144063711166,0.0025910709518939257
Feature_1338,-0.1773173213005066,-0.15788652002811432
Feature_1339,0.11718253046274185,-0.11167538166046143
Feature_1340,0.07299255579710007,-0.0926688089966774
Feature_1341,0.3837911784648895,0.12923145294189453
Feature_1342,0.0945231020450592,-0.0011198868742212653
Feature_1343,0.05877208709716797,0.10549072176218033
Feature_1344,-0.08230067044496536,-0.0035237025003880262
Feature_1345,0.20184247195720673,-0.11276549100875854
Feature_1346,-0.08072758466005325,0.08477398008108139
Feature_1347,0.11183718591928482,0.16789378225803375
Feature_1348,-0.2844845652580261,-0.07689325511455536
Feature_1349,-0.06252744048833847,-0.1314687281847
Feature_1350,0.8517574667930603,-0.0038636524695903063
