Feature,Factor_1,Factor_6,Factor_7,Factor_8,Factor_16,Factor_28
volume_sn_voxels_feature_0,-0.32583457231521606,0.26998448371887207,-0.6085255146026611,0.49286675453186035,0.15502725541591644,-0.051186319440603256
volume_sn_voxels_feature_1,-0.3181406557559967,0.28085857629776,-0.26809102296829224,-0.13056500256061554,-0.038227926939725876,-0.24533288180828094
volume_sn_voxels_feature_2,0.2945989966392517,-0.17414577305316925,-0.47380197048187256,0.41364243626594543,0.2328377515077591,-0.057340461760759354
volume_sn_voxels_feature_3,0.4270671308040619,-0.4449752867221832,-0.0840093195438385,-0.25918248295783997,0.04919752851128578,-0.0967031791806221
volume_sn_voxels_feature_4,0.9417427182197571,-0.9570032954216003,-0.09469795972108841,-0.4114256799221039,-0.12116356939077377,-0.3452080190181732
volume_sn_voxels_feature_5,0.9035584926605225,-0.6285274624824524,-0.3849698603153229,0.5127747058868408,0.18045182526111603,0.16468030214309692
volume_sn_voxels_feature_6,0.15270893275737762,0.34258317947387695,-0.3793378174304962,0.473518043756485,-0.03070066124200821,0.28211748600006104
volume_sn_voxels_feature_7,0.18703363835811615,-0.22798387706279755,-0.03203429654240608,0.5961306691169739,-0.6795530915260315,-0.434386670589447
volume_sn_voxels_feature_8,-0.6722350120544434,0.13837411999702454,0.14320126175880432,0.11072679609060287,-1.025511622428894,0.03205954283475876
volume_sn_voxels_feature_9,-0.29930591583251953,0.06077823415398598,0.3901256024837494,-0.534641444683075,-0.9131417274475098,0.039393533021211624
volume_sn_voxels_feature_10,-0.04130792245268822,0.24318508803844452,0.24363194406032562,-1.021652340888977,-0.4356416165828705,0.23929007351398468
volume_sn_voxels_feature_11,-1.005146861076355,1.0196342468261719,0.16250860691070557,0.6571536064147949,-0.35837969183921814,0.1298055499792099
volume_sn_voxels_feature_12,-0.4253261983394623,0.4420924186706543,0.42082157731056213,0.383899450302124,0.08964789658784866,-0.04729340970516205
volume_sn_voxels_feature_13,-0.08856303244829178,-0.3075160086154938,0.4061877429485321,-0.009941373020410538,0.08749768137931824,-0.25842010974884033
volume_sn_voxels_feature_14,0.3133334219455719,-0.5671873688697815,0.8846058249473572,-0.697951078414917,0.06034424528479576,0.14811593294143677
volume_sn_voxels_feature_15,-0.22626948356628418,0.12890571355819702,-0.02902093343436718,-0.06814894080162048,0.24510176479816437,-0.05501078441739082
volume_sn_voxels_feature_16,0.2777472734451294,-0.7833166122436523,0.23090176284313202,-0.40366312861442566,0.009561993181705475,-0.33086928725242615
volume_sn_voxels_feature_17,-0.14547199010849,0.19272418320178986,-0.18047364056110382,-0.18435782194137573,0.06105564162135124,0.23240597546100616
volume_sn_voxels_feature_18,0.27422961592674255,-0.7953484654426575,0.12999285757541656,-0.7377763986587524,-0.01852898858487606,0.02368239313364029
volume_sn_voxels_feature_19,-0.48659268021583557,0.027364304289221764,0.16444218158721924,0.003463038243353367,-0.6064749360084534,-0.15601955354213715
volume_sn_voxels_feature_20,-0.49651074409484863,-0.4603409469127655,0.22819232940673828,-0.22194480895996094,-0.3065885603427887,0.03793049231171608
volume_sn_voxels_feature_21,-0.023529618978500366,-0.48850253224372864,0.08560075610876083,0.5435948371887207,-0.7458043098449707,-0.45496416091918945
volume_sn_voxels_feature_22,-0.175795316696167,-0.24532343447208405,-0.01969895511865616,0.08011777698993683,-0.5923094153404236,-0.07021021097898483
volume_sn_voxels_feature_23,-0.0022215545177459717,-0.21065165102481842,-0.2602560818195343,-0.31456702947616577,0.1391332596540451,-0.023211881518363953
volume_sn_voxels_feature_24,0.2724725306034088,0.008009175769984722,0.1799262911081314,-1.059636116027832,0.13979236781597137,0.1550530195236206
volume_sn_voxels_feature_25,-1.1599791049957275,1.0518417358398438,1.0512105226516724,0.29783743619918823,-0.49137189984321594,0.5715819597244263
volume_sn_voxels_feature_26,-0.35059309005737305,0.19424666464328766,0.4537980556488037,-0.7469271421432495,0.23018205165863037,-0.3578895330429077
volume_sn_voxels_feature_27,0.12360597401857376,-0.5818326473236084,-0.17859584093093872,0.7399906516075134,1.0734115839004517,0.3574449419975281
volume_sn_voxels_feature_28,-0.1634068638086319,-0.41892632842063904,-0.04914863035082817,0.5142971277236938,-0.022890528663992882,-0.24756206572055817
volume_sn_voxels_feature_29,-0.02487620711326599,-0.23671291768550873,-0.2627764642238617,0.4808387756347656,1.2023662328720093,0.0896855816245079
volume_sn_voxels_feature_30,0.16623391211032867,-0.44867756962776184,-0.1282411515712738,0.16355594992637634,0.6263943314552307,-0.08719301223754883
volume_sn_voxels_feature_31,0.15182067453861237,-0.2794410288333893,-0.3671553432941437,-0.13271087408065796,1.1170270442962646,-0.17429707944393158
volume_sn_voxels_feature_32,0.2976372539997101,-0.13020801544189453,-0.6446712613105774,-0.6734827756881714,1.2919080257415771,-0.018392683938145638
volume_sn_voxels_feature_33,-0.10817316174507141,-0.5929213166236877,-0.021335775032639503,0.43317875266075134,0.8717411160469055,-0.21147921681404114
volume_sn_voxels_feature_34,0.5369511246681213,-1.0993813276290894,-0.7295269966125488,-0.772300660610199,1.0074738264083862,0.4413158893585205
volume_sn_voxels_feature_35,0.2563594877719879,-0.9491354823112488,-0.5982698798179626,-0.3863644003868103,0.987858235836029,0.3412829637527466
volume_sn_voxels_feature_36,-0.012500966899096966,-0.396077424287796,0.5863086581230164,-0.1582174152135849,-0.5040503144264221,0.179118350148201
volume_sn_voxels_feature_37,0.512668788433075,-0.6321297883987427,0.5205894112586975,-0.24074530601501465,0.7411885261535645,0.34935304522514343
volume_sn_voxels_feature_38,0.283363401889801,0.3037765622138977,-0.38864588737487793,-0.6137642860412598,1.0604747533798218,-0.19101576507091522
volume_sn_voxels_feature_39,0.25220343470573425,0.3545680046081543,-0.20710919797420502,-0.373184472322464,0.05081355571746826,-0.0429757758975029
volume_sn_voxels_feature_40,0.048289954662323,0.4246789515018463,0.19875751435756683,-0.25920048356056213,-0.36598801612854004,0.10350462794303894
volume_sn_voxels_feature_41,0.04646175727248192,0.37382957339286804,0.2194528430700302,-0.20872685313224792,-0.08035459369421005,0.2613466680049896
volume_sn_voxels_feature_42,0.3024086654186249,0.2345866560935974,0.34330618381500244,-0.2788653075695038,0.7442560791969299,0.3502207398414612
volume_sn_voxels_feature_43,0.5638592839241028,-0.14920011162757874,0.3164701759815216,-1.2121649980545044,-0.03775632381439209,-1.346915602684021
volume_sn_voxels_feature_44,-0.6925263404846191,0.3538425862789154,-0.40399274230003357,-0.4225101172924042,-1.044194221496582,-1.0988900661468506
volume_sn_voxels_feature_45,-0.4551711976528168,-0.1652289181947708,-0.12864111363887787,0.5673553347587585,0.7731576561927795,-0.6380453109741211
volume_sn_voxels_feature_46,-0.13389785587787628,-0.7272381782531738,-0.7170343995094299,-0.0032748105004429817,0.8767736554145813,-0.08706521987915039
volume_sn_voxels_feature_47,-0.2818833291530609,-0.21251976490020752,0.13663649559020996,0.5325790643692017,1.2123314142227173,-0.29254719614982605
volume_sn_voxels_feature_48,0.056298404932022095,-0.8624926209449768,0.16932058334350586,-0.23598800599575043,-0.5602120757102966,0.19586142897605896
volume_sn_voxels_feature_49,-0.4905651807785034,-0.049441199749708176,-0.7921335101127625,-0.25753483176231384,0.709486186504364,-0.0663999691605568
volume_sn_voxels_feature_50,-0.09969566017389297,-0.20931680500507355,0.16796696186065674,0.07202804833650589,1.3101085424423218,-0.4662606716156006
volume_sn_voxels_feature_51,0.07060573250055313,0.1105809286236763,0.19796913862228394,0.09332098066806793,0.5334088206291199,-0.21230877935886383
volume_sn_voxels_feature_52,0.10682600736618042,0.017822572961449623,0.14442409574985504,0.11188843846321106,-0.5585952401161194,0.10303269326686859
volume_sn_voxels_feature_53,-0.06732727587223053,-0.7004429697990417,0.025746474042534828,-0.07532630115747452,0.6620264053344727,-0.10361380875110626
volume_sn_voxels_feature_54,-0.024013279005885124,0.29119062423706055,-0.17484624683856964,-0.18790104985237122,0.9283097386360168,-0.05722042918205261
volume_sn_voxels_feature_55,-0.08826743811368942,0.4507049024105072,-0.07194632291793823,0.09890314191579819,-0.2739441692829132,-0.04325316101312637
volume_sn_voxels_feature_56,-0.056592684239149094,0.3054424226284027,0.1975611448287964,0.18857580423355103,-0.46634045243263245,0.06713297963142395
volume_sn_voxels_feature_57,-0.03437851741909981,-0.05045436695218086,0.23014722764492035,0.1678876429796219,-0.22875110805034637,0.15782281756401062
volume_sn_voxels_feature_58,-0.05767890810966492,-0.27765417098999023,0.4679906666278839,0.12788686156272888,0.31802305579185486,-0.1746515929698944
volume_sn_voxels_feature_59,-0.3608129024505615,0.06428832560777664,0.388151615858078,-0.0914192795753479,0.9348798394203186,0.08979964256286621
volume_sn_voxels_feature_60,-0.06615007668733597,0.5921618938446045,-0.6082304120063782,-0.020274927839636803,0.20009945333003998,-0.18968398869037628
volume_sn_voxels_feature_61,-0.13247156143188477,0.5134134292602539,-0.5659021139144897,-0.0853143110871315,-0.26319706439971924,-0.07324212789535522
volume_sn_voxels_feature_62,-0.3395523130893707,0.3376557528972626,-0.2694410979747772,0.26358988881111145,0.1479722112417221,-0.015525947324931622
volume_sn_voxels_feature_63,-0.13726399838924408,0.33791908621788025,0.0866742953658104,-0.028109600767493248,0.7590988278388977,-0.01878214254975319
volume_sn_voxels_feature_64,-0.1530407816171646,0.5295386910438538,-0.7766072154045105,-0.4332258403301239,-0.24842853844165802,-1.262203574180603
volume_sn_voxels_feature_65,-0.9050369262695312,0.19772452116012573,-0.3505001962184906,0.5099343061447144,-0.8470325469970703,-0.5286149382591248
volume_sn_voxels_feature_66,-0.5865526795387268,-0.09732051938772202,-0.44284000992774963,0.2220030128955841,-0.9654515385627747,-0.6438806056976318
volume_sn_voxels_feature_67,-0.14001305401325226,-0.4408952295780182,-0.29624319076538086,0.008135562762618065,0.018949925899505615,0.04851226136088371
volume_sn_voxels_feature_68,-0.5878522396087646,-0.17444849014282227,0.18987052142620087,0.24396325647830963,0.011851419694721699,0.11574603617191315
volume_sn_voxels_feature_69,-0.02039896324276924,-0.1663433164358139,0.2444746047258377,-0.00644376315176487,-0.39639854431152344,0.19809864461421967
volume_sn_voxels_feature_70,0.6437022089958191,-0.6013145446777344,-0.06448876857757568,-0.3212675452232361,-0.00031076869345270097,-0.0748816654086113
volume_sn_voxels_feature_71,-0.29157117009162903,0.014190852642059326,-0.4185943901538849,-0.1588256061077118,0.5183210968971252,-0.27428552508354187
volume_sn_voxels_feature_72,-0.6391406059265137,0.027883067727088928,-0.6268939971923828,-0.06544004380702972,0.13446879386901855,0.21204248070716858
volume_sn_voxels_feature_73,-0.41314396262168884,-0.3528011739253998,0.6407214999198914,-0.034588441252708435,1.2440916299819946,0.1928439736366272
volume_sn_voxels_feature_74,-0.026672309264540672,-0.028338411822915077,0.39929628372192383,-0.08574508130550385,0.7659780383110046,0.32764652371406555
volume_sn_voxels_feature_75,0.15459269285202026,-0.018954604864120483,0.4240688383579254,0.12871874868869781,-0.08131382614374161,0.35148149728775024
volume_sn_voxels_feature_76,0.3044601380825043,-0.32591259479522705,-0.04156440123915672,-0.09394284337759018,-0.17372854053974152,0.20606470108032227
volume_sn_voxels_feature_77,-0.49949201941490173,0.35320329666137695,-0.9749336242675781,-0.35647934675216675,0.09838061779737473,0.45266205072402954
volume_sn_voxels_feature_78,-0.19068948924541473,-0.20464380085468292,0.7835617065429688,-0.6330084800720215,1.4332219362258911,0.40333202481269836
volume_sn_voxels_feature_79,0.18459349870681763,0.0836758241057396,0.16557255387306213,-0.3508063852787018,0.6550676226615906,0.10642401874065399
volume_sn_voxels_feature_80,0.041895050555467606,0.22721630334854126,-0.029713133350014687,-0.020175989717245102,-0.39167913794517517,0.11458197981119156
volume_sn_voxels_feature_81,0.12669388949871063,-0.12652969360351562,0.052489619702100754,0.2750772535800934,-0.523674488067627,0.04344619810581207
volume_sn_voxels_feature_82,0.15350472927093506,-0.7795601487159729,0.45874130725860596,0.061910562217235565,0.6127936244010925,-0.21155892312526703
volume_sn_voxels_feature_83,0.04715749993920326,-0.04903688654303551,0.06008855998516083,-0.2096768021583557,1.0677582025527954,-0.031277675181627274
volume_sn_voxels_feature_84,-0.14019478857517242,0.2863602340221405,-0.47999370098114014,0.1026502475142479,-0.3104662597179413,-0.2681456208229065
volume_sn_voxels_feature_85,-0.4047856032848358,0.16272124648094177,-0.3830440044403076,0.5442374348640442,-0.7030113339424133,-0.21355226635932922
volume_sn_voxels_feature_86,-0.2638758420944214,-0.2961888015270233,-0.15122000873088837,0.3669029474258423,-0.3532761037349701,-0.212707057595253
volume_sn_voxels_feature_87,0.1549188196659088,-0.46131595969200134,0.11052557826042175,0.0926516056060791,0.17471253871917725,-0.12817618250846863
volume_sn_voxels_feature_88,-0.06551382690668106,-0.5003821849822998,0.4233236014842987,-0.15378524363040924,0.7248327136039734,0.07417752593755722
volume_sn_voxels_feature_89,-0.6744461059570312,0.44182780385017395,-0.7668156623840332,0.3928450345993042,-0.7559933662414551,-0.5612863898277283
volume_sn_voxels_feature_90,-0.5708761811256409,-0.0819748267531395,-0.7763951420783997,0.2713783383369446,-0.617954432964325,-0.48385733366012573
volume_sn_voxels_feature_91,-0.16758425533771515,-0.2888931334018707,-0.35066577792167664,-0.16064733266830444,0.08575242757797241,-0.11166614294052124
volume_sn_voxels_feature_92,-0.12059877067804337,-0.262832909822464,-0.29653483629226685,-0.6308813095092773,0.4753101170063019,0.22604137659072876
volume_sn_voxels_feature_93,0.7097888588905334,-0.5567989349365234,0.15334464609622955,0.2212679386138916,-0.04627688229084015,-0.24347999691963196
volume_sn_voxels_feature_94,-0.06461642682552338,-0.5913182497024536,0.0601237416267395,0.3851780593395233,-0.23098385334014893,0.3613605499267578
volume_sn_voxels_feature_95,0.347125381231308,-0.38675782084465027,0.0007795318961143494,-0.1371309608221054,0.34817036986351013,-0.4907110035419464
volume_sn_voxels_feature_96,0.011392228305339813,-0.1755974441766739,0.10473386198282242,0.04777337610721588,0.028224365785717964,-0.08056454360485077
volume_sn_voxels_feature_97,-0.31204450130462646,0.238408163189888,0.07557041198015213,0.1364341378211975,0.21196214854717255,0.15756511688232422
volume_sn_voxels_feature_98,-0.0643789991736412,-0.14657650887966156,0.13606587052345276,-0.08577357232570648,0.4203217923641205,-0.611169159412384
volume_sn_voxels_feature_99,-0.23181192576885223,0.10283184796571732,0.03022717870771885,0.05061345919966698,0.3528956174850464,-0.13299687206745148
volume_sn_voxels_feature_100,-0.28987839818000793,0.1913253217935562,-0.1318497508764267,0.06403126567602158,0.12147783488035202,0.10835336893796921
volume_sn_voxels_feature_101,-0.21232931315898895,-0.11610889434814453,0.4136543273925781,-0.26551204919815063,1.0005230903625488,0.5851688385009766
volume_sn_voxels_feature_102,0.24043899774551392,-0.0726824477314949,0.13212312757968903,-0.12783406674861908,0.36155936121940613,0.5449784398078918
volume_sn_voxels_feature_103,0.7988312840461731,-0.03895508497953415,0.04353335499763489,-0.15028226375579834,0.540902316570282,0.06478366255760193
volume_sn_voxels_feature_104,-0.35248300433158875,-0.4626569449901581,0.2605929374694824,0.13596433401107788,0.17817218601703644,-0.15264640748500824
volume_sn_voxels_feature_105,-0.4452623426914215,0.05693160369992256,-0.11314889043569565,0.09775273501873016,0.08326909691095352,0.07788346707820892
volume_sn_voxels_feature_106,-0.17576980590820312,0.1540459841489792,-0.41602349281311035,-0.09279584884643555,-0.017517216503620148,0.33212709426879883
volume_sn_voxels_feature_107,0.20801644027233124,-0.1502099633216858,0.36164045333862305,-0.661992073059082,1.0481233596801758,0.4021695554256439
volume_sn_voxels_feature_108,0.2131596952676773,0.0019643257837742567,0.11029019206762314,-0.07296193391084671,0.21812759339809418,0.31171053647994995
volume_sn_voxels_feature_109,0.5560969114303589,-0.28695014119148254,-0.032967064529657364,0.08210419118404388,0.05309664085507393,0.09527413547039032
volume_sn_voxels_feature_110,-0.0894213318824768,-0.8462436199188232,0.32478708028793335,0.0618610754609108,0.10127958655357361,-0.17606119811534882
volume_sn_voxels_feature_111,0.07775827497243881,-0.03440602496266365,0.19832377135753632,-0.4940667152404785,0.8837535381317139,0.06825903803110123
volume_sn_voxels_feature_112,-0.08269522339105606,0.06894588470458984,-0.1453278660774231,0.15606123208999634,-0.30070599913597107,-0.39799612760543823
volume_sn_voxels_feature_113,-0.14326469600200653,-0.3317875564098358,-0.3724033832550049,0.3767804503440857,-0.7767124176025391,-0.4364182949066162
volume_sn_voxels_feature_114,0.5383579134941101,-0.9841015934944153,-0.010690443217754364,0.2553435266017914,-0.2821098566055298,-0.13348348438739777
volume_sn_voxels_feature_115,0.4357485771179199,-0.9839513897895813,0.160392627120018,0.11074449121952057,-0.006279423832893372,-0.09790365397930145
volume_sn_voxels_feature_116,0.40519118309020996,-0.40627551078796387,-0.516852855682373,-0.24823305010795593,-0.3739442825317383,0.4735746681690216
volume_sn_voxels_feature_117,-0.9622430801391602,1.5286632776260376,0.9475975036621094,-0.5603206753730774,0.7634930610656738,-0.6366657018661499
volume_sn_voxels_feature_118,-0.7176151871681213,0.8728291392326355,0.3072742223739624,-0.2783404588699341,-0.7706553936004639,-0.0014195144176483154
volume_sn_voxels_feature_119,0.6924011707305908,0.9528613090515137,0.12934274971485138,-0.1492728739976883,-0.05604773387312889,-0.33380013704299927
volume_sn_voxels_feature_120,1.2139750719070435,-0.06759165972471237,-0.06830781698226929,0.12210308015346527,-0.2041456550359726,-0.6017836928367615
volume_sn_voxels_feature_121,0.6311749815940857,-0.3447476327419281,0.1377987414598465,-0.05841197445988655,-0.19388096034526825,0.05960358679294586
volume_sn_voxels_feature_122,0.8788149356842041,-0.3261748254299164,0.07641647756099701,0.24549278616905212,-0.04241011664271355,-0.4530200958251953
volume_sn_voxels_feature_123,0.41597986221313477,-0.35556113719940186,0.06231662631034851,0.2195642590522766,-0.2522641122341156,0.21652328968048096
volume_sn_voxels_feature_124,-0.18067151308059692,-0.9047114253044128,0.14860884845256805,0.10759225487709045,-0.4035255014896393,0.22466062009334564
volume_sn_voxels_feature_125,0.39204466342926025,-0.10354628413915634,0.16278232634067535,0.22608062624931335,-0.04590171203017235,-0.2867630124092102
volume_sn_voxels_feature_126,0.19239796698093414,-0.16702236235141754,0.1913193017244339,0.20780739188194275,-0.22715960443019867,0.26094627380371094
volume_sn_voxels_feature_127,-0.36769673228263855,-0.30467984080314636,0.17825943231582642,0.08470454812049866,-0.28434690833091736,0.3071957230567932
volume_sn_voxels_feature_128,0.3941453993320465,0.11063706129789352,0.39735934138298035,-0.05520410090684891,0.09476997703313828,-0.3331645727157593
volume_sn_voxels_feature_129,-0.24157895147800446,-0.07781478762626648,0.15760362148284912,0.2589380443096161,-0.07348831743001938,-0.13428369164466858
volume_sn_voxels_feature_130,-0.09153985977172852,-0.11522605270147324,0.10538414865732193,0.23645707964897156,-0.2281455248594284,0.19285544753074646
volume_sn_voxels_feature_131,-0.02854800969362259,-0.08756926655769348,0.020294038578867912,0.07460521161556244,-0.1234126091003418,0.34482744336128235
volume_sn_voxels_feature_132,-0.060457777231931686,0.21292650699615479,0.3333299160003662,-0.10917159169912338,0.2304350733757019,-0.40892812609672546
volume_sn_voxels_feature_133,-0.3618459403514862,0.07411587983369827,0.37164106965065,0.29719480872154236,0.0034214146435260773,-0.14132265746593475
volume_sn_voxels_feature_134,-0.4644847810268402,0.2326539307832718,0.13450758159160614,0.013404911383986473,-0.06451252847909927,0.2552265524864197
volume_sn_voxels_feature_135,0.02662045694887638,0.10556397587060928,-0.14146935939788818,-0.05617827922105789,-0.24233746528625488,0.1587335765361786
volume_sn_voxels_feature_136,0.4241252839565277,0.06712892651557922,-0.3182481527328491,-0.21029821038246155,-0.3036133050918579,0.18960203230381012
volume_sn_voxels_feature_137,-0.46046361327171326,0.011911436915397644,0.16395516693592072,0.4709300398826599,-0.24368448555469513,-0.011472636833786964
volume_sn_voxels_feature_138,-0.14286333322525024,0.07248785346746445,-0.10771134495735168,-0.015389790758490562,-0.2661372423171997,0.39831429719924927
volume_sn_voxels_feature_139,-0.1566200703382492,-0.7872301936149597,0.1484888643026352,0.46527281403541565,-0.3408633768558502,-0.044541094452142715
volume_sn_voxels_feature_140,0.13278861343860626,-0.08188389986753464,0.43449291586875916,-0.8383113741874695,1.0172141790390015,0.1930263638496399
volume_sn_voxels_feature_141,-0.19458146393299103,0.06933557987213135,-0.024723803624510765,-0.26293233036994934,0.11974025517702103,-0.12502527236938477
volume_sn_voxels_feature_142,0.33959534764289856,-0.5757887363433838,-0.3302842974662781,0.1660292148590088,-0.8262580037117004,0.5492064952850342
volume_sn_voxels_feature_143,-0.08349116891622543,0.49359217286109924,0.35308554768562317,-0.48560577630996704,0.7372950911521912,-0.5742336511611938
volume_sn_voxels_feature_144,-0.5717477798461914,0.32585376501083374,-0.1759069412946701,0.10942714661359787,-0.5536044239997864,-0.716535210609436
volume_sn_voxels_feature_145,-0.4187898635864258,1.0686496496200562,0.20317840576171875,-0.26631709933280945,-0.5641841292381287,-0.2509920597076416
volume_sn_voxels_feature_146,0.13554589450359344,1.1538257598876953,-0.0544096976518631,-0.5083171129226685,-0.004981577396392822,-0.690710186958313
volume_sn_voxels_feature_147,0.3429298400878906,0.4790177643299103,-0.14071887731552124,-0.19590958952903748,-0.21962828934192657,-0.00902918167412281
volume_sn_voxels_feature_148,-0.2228313535451889,-0.5422341227531433,-0.23515188694000244,-0.12844890356063843,-0.35749682784080505,0.16115674376487732
volume_sn_voxels_feature_149,0.7837584018707275,0.5591339468955994,-0.12115813046693802,-0.129334956407547,0.1924505978822708,-0.45393335819244385
volume_sn_voxels_feature_150,0.48700466752052307,0.20397357642650604,-0.05987134575843811,0.003276537172496319,0.011855065822601318,0.08633843809366226
volume_sn_voxels_feature_151,-0.26560094952583313,-0.5509476661682129,-0.11966577917337418,-0.2138487547636032,-0.07721241563558578,0.2846606373786926
volume_sn_voxels_feature_152,0.5991570949554443,0.20060443878173828,-0.21210479736328125,0.08061335235834122,0.0879373773932457,-0.3595217764377594
volume_sn_voxels_feature_153,0.20338040590286255,0.04760850965976715,0.05390908196568489,0.1345544159412384,0.04250016435980797,0.07813183963298798
volume_sn_voxels_feature_154,-0.136675164103508,-0.4014330208301544,0.10542422533035278,-0.0863063707947731,0.14833123981952667,0.19496387243270874
volume_sn_voxels_feature_155,-0.806225597858429,-0.9215324521064758,0.33360758423805237,-0.06811810284852982,-0.03481574356555939,0.39249086380004883
volume_sn_voxels_feature_156,0.6241574883460999,0.48638916015625,0.001007119775749743,-0.12544868886470795,0.21986250579357147,-0.5831692218780518
volume_sn_voxels_feature_157,0.3591264486312866,0.04249059781432152,0.1450277864933014,0.06593502312898636,-0.07663512974977493,-0.210806205868721
volume_sn_voxels_feature_158,-0.08575544506311417,0.1094309464097023,-0.0009372085332870483,0.221692755818367,-0.08714253455400467,0.039084870368242264
volume_sn_voxels_feature_159,-0.22816361486911774,-0.16099752485752106,0.026620259508490562,0.2581482529640198,0.17112815380096436,0.43213874101638794
volume_sn_voxels_feature_160,-0.36420193314552307,-0.6104221343994141,0.44813379645347595,0.08934061229228973,0.26439276337623596,0.06557543575763702
volume_sn_voxels_feature_161,0.12263556569814682,0.2588832676410675,0.37826481461524963,-0.07414814084768295,0.09870774298906326,-0.4245036840438843
volume_sn_voxels_feature_162,-0.2479948252439499,-0.05360943451523781,0.3044138252735138,-0.020443011075258255,-0.2777061462402344,-0.1213989406824112
volume_sn_voxels_feature_163,-0.30833354592323303,0.157392218708992,-0.048344146460294724,-0.06459072977304459,-0.24040253460407257,0.13686785101890564
volume_sn_voxels_feature_164,-0.018958700820803642,0.22436554729938507,-0.010680638253688812,-0.004974753130227327,-0.17561866343021393,0.02452252060174942
volume_sn_voxels_feature_165,0.4469098150730133,0.16951249539852142,0.362059086561203,0.22501739859580994,0.18089188635349274,-0.4093424081802368
volume_sn_voxels_feature_166,-0.5012212991714478,0.11643604189157486,0.193033829331398,0.11003820598125458,-0.4733743965625763,0.049772970378398895
volume_sn_voxels_feature_167,0.07455555349588394,0.017966261133551598,-0.118868388235569,-0.26020288467407227,-0.6165804266929626,-0.09271141141653061
volume_sn_voxels_feature_168,0.7545123100280762,0.09451431035995483,0.0209598857909441,-0.3599007725715637,-0.5903911590576172,-0.3641977906227112
volume_sn_voxels_feature_169,1.0534127950668335,0.32564952969551086,0.3620711863040924,-0.08225879073143005,0.1694355010986328,-0.833270788192749
volume_sn_voxels_feature_170,0.178102508187294,1.0961161851882935,0.11985311657190323,-0.23461419343948364,0.907595157623291,-0.5273008346557617
volume_sn_voxels_feature_171,0.2350803166627884,0.31142836809158325,-0.19161921739578247,0.08369135856628418,-0.003697891952469945,-0.31431886553764343
volume_sn_voxels_feature_172,-0.01985056884586811,-0.17360861599445343,-0.0037478904705494642,0.4742853045463562,-0.513424813747406,-0.09891573339700699
volume_sn_voxels_feature_173,0.41894736886024475,-0.3052704632282257,-0.23354022204875946,0.4356763958930969,-1.0980257987976074,0.3827498257160187
volume_sn_voxels_feature_174,-0.5295462012290955,1.0189517736434937,0.4653528928756714,-0.12717756628990173,-0.15645508468151093,-0.4021199345588684
volume_sn_voxels_feature_175,-0.016560688614845276,0.3306376039981842,-0.13921146094799042,0.18511256575584412,-0.39984622597694397,0.027663663029670715
volume_sn_voxels_feature_176,-0.30348074436187744,-0.07003458589315414,-0.3558439314365387,-0.03403032198548317,0.27238035202026367,0.12430445104837418
volume_sn_voxels_feature_177,-0.24888114631175995,-1.1151124238967896,-0.2606019377708435,0.27485954761505127,0.2233610600233078,0.03408379107713699
volume_sn_voxels_feature_178,-0.07726434618234634,0.24545679986476898,-0.23940563201904297,-0.11362271010875702,0.48915088176727295,0.12240441143512726
volume_sn_voxels_feature_179,-0.15639713406562805,-0.4522770345211029,-0.2509012818336487,-0.05580649897456169,0.8136902451515198,0.26898282766342163
volume_sn_voxels_feature_180,-0.34315624833106995,-1.0850178003311157,-0.20791208744049072,0.1831350475549698,0.7918012738227844,0.2507515251636505
volume_sn_voxels_feature_181,0.01331841666251421,0.38000234961509705,-0.1985561102628708,-0.1613897681236267,0.17141734063625336,-0.30144762992858887
volume_sn_voxels_feature_182,-0.30586275458335876,-1.0436862707138062,0.2554146945476532,0.22036337852478027,0.9733982682228088,0.3352152109146118
volume_sn_voxels_feature_183,0.04571358859539032,0.8079886436462402,0.06254667788743973,-0.48090577125549316,0.14349593222141266,-0.54767245054245
volume_sn_voxels_feature_184,-0.31793293356895447,0.029654106125235558,-0.034901633858680725,-0.129346564412117,-0.11819490045309067,-0.08670088648796082
volume_sn_voxels_feature_185,-0.4040583074092865,-0.029369184747338295,-0.3146931827068329,0.019053496420383453,0.2740730047225952,0.028057800605893135
volume_sn_voxels_feature_186,-0.3251849114894867,-0.44640052318573,-0.295397013425827,0.23902222514152527,0.5514702200889587,-0.02565007470548153
volume_sn_voxels_feature_187,0.049227263778448105,-0.6589409708976746,0.2818649113178253,0.3913211226463318,0.8103798031806946,-0.12135059386491776
volume_sn_voxels_feature_188,-0.12640488147735596,0.6680098176002502,0.5177350044250488,-0.32073774933815,-0.18138207495212555,-0.28873610496520996
volume_sn_voxels_feature_189,-0.4094654619693756,-0.07042516767978668,0.18357039988040924,-0.20462243258953094,-0.3272264301776886,-0.12841014564037323
volume_sn_voxels_feature_190,-0.4146863520145416,0.04364989325404167,0.061398476362228394,-0.13958893716335297,-0.4788946211338043,-0.10620211809873581
volume_sn_voxels_feature_191,0.06891024112701416,0.0578872375190258,-0.005833767354488373,0.04014061018824577,-0.16381502151489258,-0.45826584100723267
volume_sn_voxels_feature_192,0.05603094771504402,0.1614970564842224,0.12622883915901184,-0.2193554788827896,-0.8668573498725891,-0.3942164480686188
volume_sn_voxels_feature_193,0.12206238508224487,1.1726961135864258,-0.5941760540008545,-0.3329886198043823,0.5361272692680359,-0.6327431797981262
volume_sn_voxels_feature_194,0.13032980263233185,0.08025673776865005,-0.9577816128730774,0.20614022016525269,-0.6255855560302734,-0.21680767834186554
volume_sn_voxels_feature_195,0.40921226143836975,0.0781814306974411,-0.41708025336265564,0.4929596185684204,-1.2529933452606201,0.39311671257019043
volume_sn_voxels_feature_196,-0.0855182483792305,-0.3291220963001251,-0.7419724464416504,0.8548110127449036,-0.08233389258384705,0.25246304273605347
volume_sn_voxels_feature_197,0.1815127581357956,-0.5913336277008057,0.07823670655488968,-0.09061850607395172,-0.6163687109947205,-0.8071152567863464
volume_sn_voxels_feature_198,-0.0035339246969670057,-0.0865541324019432,-0.3078096807003021,0.2824970483779907,-0.38481056690216064,-0.04634697735309601
volume_sn_voxels_feature_199,0.2723446190357208,0.5660369992256165,0.6997084021568298,-0.32187962532043457,-0.34762004017829895,-0.07775646448135376
volume_sn_voxels_feature_200,-0.19617991149425507,0.24470967054367065,0.3982410728931427,0.5019581317901611,-0.03874928876757622,0.17575636506080627
volume_sn_voxels_feature_201,-0.07090035080909729,0.8566333651542664,1.2268813848495483,-0.6510330438613892,-0.3706096410751343,0.08432263135910034
volume_sn_voxels_feature_202,0.1919439435005188,0.5728333592414856,1.016302227973938,-0.1852102428674698,0.03061859868466854,0.15299159288406372
volume_sn_voxels_feature_203,0.19663721323013306,0.6974027156829834,1.4761556386947632,-0.5997292399406433,-0.24056994915008545,0.2544819116592407
volume_sn_voxels_feature_204,0.13913051784038544,0.03372286632657051,1.2346993684768677,-0.46669715642929077,0.23567424714565277,-0.07941162586212158
volume_sn_voxels_feature_205,0.19619809091091156,0.298400342464447,1.1809130907058716,-1.224012851715088,-0.16770882904529572,0.44735923409461975
volume_sn_voxels_feature_206,-0.028154296800494194,0.026697510853409767,1.317886471748352,-1.1533442735671997,0.1627342402935028,0.1090441644191742
volume_sn_voxels_feature_207,-0.11107351630926132,-0.35939666628837585,0.9876775145530701,-1.214084267616272,0.3056875765323639,-0.3781687319278717
volume_sn_voxels_feature_208,0.39607417583465576,-0.3430890142917633,1.053011178970337,-1.129723072052002,0.14424334466457367,0.2626080811023712
volume_sn_voxels_feature_209,-0.17392313480377197,-0.4528249502182007,0.9417778849601746,-1.2791225910186768,0.05654578283429146,-0.09439270198345184
volume_sn_voxels_feature_210,-0.13094566762447357,0.22970344126224518,-0.11699944734573364,-1.3862247467041016,0.08746299892663956,0.003876972943544388
volume_sn_voxels_feature_211,-0.2704754173755646,-0.5379459857940674,0.39179909229278564,-1.2006784677505493,0.2591489255428314,0.22966428101062775
volume_sn_voxels_feature_212,-0.28839632868766785,0.8933525681495667,-0.2800418734550476,-1.2152520418167114,0.9303770065307617,0.428148090839386
volume_sn_voxels_feature_213,-0.0753307044506073,-0.545602023601532,0.1176040768623352,-1.3401198387145996,0.12405722588300705,0.24845604598522186
volume_sn_voxels_feature_214,-0.7610039710998535,-0.06578715890645981,0.14949743449687958,-1.200958251953125,0.15706296265125275,0.3627139627933502
volume_sn_voxels_feature_215,-0.1485893577337265,-0.45055925846099854,-0.10444521903991699,-1.1424380540847778,-0.24222207069396973,-0.05049370229244232
volume_sn_voxels_feature_216,-0.5854944586753845,0.31939995288848877,0.057336416095495224,-1.4844626188278198,0.15926392376422882,0.03393914923071861
volume_sn_voxels_feature_217,-0.48396778106689453,0.7162885069847107,0.5155074000358582,-0.08586593717336655,0.8428094983100891,0.05027780309319496
volume_sn_voxels_feature_218,-0.1981937140226364,0.5460240244865417,-0.2255663424730301,-0.08239535987377167,0.60504150390625,0.0703471377491951
volume_sn_voxels_feature_219,0.07620012760162354,-0.08852075785398483,-0.5677617192268372,0.11181729286909103,0.12464366108179092,0.19885751605033875
volume_sn_voxels_feature_220,0.18596984446048737,-0.14971666038036346,-0.055730268359184265,-0.011517949402332306,-0.3595418930053711,-0.02466343715786934
volume_sn_voxels_feature_221,-0.4319082200527191,-0.23891925811767578,-0.490443617105484,0.5738893151283264,-0.1561625748872757,0.5791129469871521
volume_sn_voxels_feature_222,-1.1771680116653442,-0.15197230875492096,-0.680812656879425,0.5584001541137695,0.20639288425445557,1.0616382360458374
volume_sn_voxels_feature_223,0.12767355144023895,-0.22051821649074554,1.1374046802520752,-0.40981602668762207,-0.43421420454978943,-0.14545875787734985
volume_sn_voxels_feature_224,-0.35959210991859436,-0.1798127442598343,1.05836021900177,0.07794279605150223,-0.2340162992477417,0.17380046844482422
volume_sn_voxels_feature_225,-0.055797163397073746,0.17704451084136963,1.4262937307357788,-0.8474211096763611,-0.26577556133270264,-0.2801104784011841
volume_sn_voxels_feature_226,-0.11256545037031174,-0.044137224555015564,1.5809038877487183,-0.12333327531814575,-0.12454643100500107,-0.08667288720607758
volume_sn_voxels_feature_227,-0.5752893686294556,-0.26579973101615906,1.2570576667785645,0.48371800780296326,-0.18594785034656525,0.4185110628604889
volume_sn_voxels_feature_228,-0.1048726812005043,0.3007117807865143,1.4115233421325684,-0.7066014409065247,-0.1053348183631897,0.06687001138925552
volume_sn_voxels_feature_229,0.037369124591350555,0.3573916256427765,1.3293123245239258,0.32305026054382324,0.16949421167373657,0.1495131552219391
volume_sn_voxels_feature_230,0.1361173689365387,-0.3026479482650757,1.3337421417236328,0.67992103099823,0.01720312610268593,-0.1575085073709488
volume_sn_voxels_feature_231,-0.035663921386003494,-0.6902855038642883,1.2634949684143066,0.6968792080879211,-0.2090107947587967,-0.08683684468269348
volume_sn_voxels_feature_232,-0.1382281482219696,0.6446598172187805,1.4591847658157349,-0.4406968355178833,0.04527844116091728,0.08650169521570206
volume_sn_voxels_feature_233,0.2781604826450348,0.5808616876602173,1.232725739479065,0.3521271347999573,0.23068208992481232,0.20514702796936035
volume_sn_voxels_feature_234,0.44296345114707947,0.11668158322572708,1.4306100606918335,0.567280650138855,0.2172604203224182,-0.05862654373049736
volume_sn_voxels_feature_235,0.22912545502185822,-0.48394060134887695,1.464246153831482,0.14108918607234955,0.03414182364940643,-0.40219825506210327
volume_sn_voxels_feature_236,0.3043428957462311,-0.9090495705604553,-0.21883656084537506,-1.1622562408447266,-0.3586169183254242,-0.9673233032226562
volume_sn_voxels_feature_237,0.2470368593931198,0.40922296047210693,1.3663010597229004,-0.191375732421875,0.34300723671913147,0.04030466452240944
volume_sn_voxels_feature_238,-0.05368545651435852,0.0528247095644474,1.4062799215316772,-0.6575583219528198,0.3605169951915741,-0.17640021443367004
volume_sn_voxels_feature_239,-0.5067529082298279,-0.2836700677871704,1.2580604553222656,-1.153747320175171,0.14063425362110138,-0.37170204520225525
volume_sn_voxels_feature_240,-0.20054443180561066,-0.8236815333366394,0.199398472905159,-1.3609592914581299,-0.031360916793346405,-0.6879256963729858
volume_sn_voxels_feature_241,0.12113847583532333,-0.05401172861456871,1.3694387674331665,-0.9905983209609985,0.5593299865722656,0.0690687894821167
volume_sn_voxels_feature_242,-0.23407340049743652,0.12604504823684692,1.4345346689224243,-1.2679753303527832,0.28979548811912537,-0.19100520014762878
volume_sn_voxels_feature_243,-0.6219142079353333,0.09130644053220749,1.530800700187683,-1.3439078330993652,0.2906612157821655,-0.16400454938411713
volume_sn_voxels_feature_244,-0.45521584153175354,0.1597217470407486,0.5093560814857483,-1.3484848737716675,0.8020472526550293,0.04987315461039543
volume_sn_voxels_feature_245,0.3559474050998688,-0.1718037873506546,-0.3921131193637848,-1.2515969276428223,1.2846450805664062,0.072635218501091
volume_sn_voxels_feature_246,0.16830360889434814,-0.7799692153930664,1.1423100233078003,-1.1630921363830566,0.07671555131673813,0.015171149745583534
volume_sn_voxels_feature_247,-0.40279319882392883,-0.6751313209533691,1.3901368379592896,-1.2877838611602783,0.2234749048948288,-0.20619091391563416
volume_sn_voxels_feature_248,-0.3192950487136841,0.8541074395179749,0.15840892493724823,-1.2366020679473877,1.4140396118164062,0.34282058477401733
volume_sn_voxels_feature_249,0.4719770848751068,-1.1812084913253784,0.9532175660133362,-1.262017846107483,-0.18749725818634033,0.1689247488975525
volume_sn_voxels_feature_250,-0.001527741551399231,-0.9029242992401123,1.1221272945404053,-1.5844653844833374,-0.24481429159641266,0.06552507728338242
volume_sn_voxels_feature_251,-0.15040720999240875,1.0563364028930664,-0.2449674755334854,-1.2842893600463867,1.2833017110824585,0.42920446395874023
volume_sn_voxels_feature_252,-0.05510857701301575,-0.9460470080375671,0.530859112739563,-1.3712676763534546,-0.19421552121639252,-0.08915551006793976
volume_sn_voxels_feature_253,0.40684735774993896,-0.03610493615269661,0.009367207996547222,-0.16999435424804688,-0.05360962823033333,-0.14273574948310852
volume_sn_voxels_feature_254,0.666734516620636,-0.5943822264671326,0.6987034678459167,-0.6924347877502441,-0.0424448661506176,-0.5529964566230774
volume_sn_voxels_feature_255,-0.059184152632951736,-0.2666853964328766,0.8683040738105774,-0.5440134406089783,-0.01448115985840559,0.10263071954250336
volume_sn_voxels_feature_256,0.5356093645095825,-0.43258801102638245,1.3631263971328735,-0.9841532707214355,-0.12430316209793091,-0.7755394577980042
volume_sn_voxels_feature_257,-0.04541318118572235,-0.31051599979400635,1.400983214378357,-0.6540112495422363,-0.06472653150558472,-0.3078097999095917
volume_sn_voxels_feature_258,-0.1647111177444458,-0.15841679275035858,1.372210144996643,-0.9019249677658081,0.26095715165138245,-0.8423889875411987
volume_sn_voxels_feature_259,-0.09034716337919235,-0.21775053441524506,1.3747907876968384,-0.15084728598594666,0.2338089942932129,-0.205657958984375
volume_sn_voxels_feature_260,-0.1656302958726883,-0.2337368279695511,1.4437013864517212,0.2405853122472763,-0.1497834473848343,0.19881433248519897
volume_sn_voxels_feature_261,-0.45184895396232605,-0.3505692481994629,1.1912740468978882,0.05784570798277855,-0.5025649070739746,0.625775933265686
volume_sn_voxels_feature_262,-0.05375156179070473,0.28950390219688416,1.3373690843582153,0.7145079374313354,0.32773423194885254,-0.08957093209028244
volume_sn_voxels_feature_263,0.43921586871147156,-0.3726750612258911,1.532423973083496,1.007638692855835,-0.32082393765449524,0.39195287227630615
volume_sn_voxels_feature_264,0.302935928106308,-0.14847488701343536,1.4107799530029297,0.2424301952123642,-0.2297816276550293,0.11761961877346039
volume_sn_voxels_feature_265,-0.14809882640838623,-0.7137477993965149,1.3822048902511597,-0.7227116823196411,-0.7351014614105225,-0.3931567072868347
volume_sn_voxels_feature_266,-0.08716079592704773,0.30618977546691895,1.377190113067627,-0.330649197101593,0.12811380624771118,0.01761341467499733
volume_sn_voxels_feature_267,-0.40689682960510254,-0.1021992638707161,1.2537416219711304,-1.057350754737854,-0.2901085317134857,-0.15992888808250427
volume_sn_voxels_feature_268,-0.5992055535316467,-0.44685688614845276,1.203210473060608,-1.36207115650177,-0.48365721106529236,-0.2675299048423767
volume_sn_voxels_feature_269,-0.013098473660647869,-0.6110314726829529,0.6104008555412292,-1.1990008354187012,0.17874620854854584,-0.5578728318214417
volume_sn_voxels_feature_270,-0.35695263743400574,-0.05137389898300171,0.7838215827941895,-1.398711919784546,1.2493494749069214,-0.01955544948577881
volume_sn_voxels_feature_271,0.519748330116272,-0.3863915503025055,-0.2201300710439682,-1.15632963180542,1.489150047302246,0.039181821048259735
volume_sn_voxels_feature_272,-0.28218820691108704,-1.069074034690857,1.3370364904403687,-1.1909888982772827,0.06641419976949692,-0.4358200430870056
volume_sn_voxels_feature_273,-0.50042325258255,-0.508329451084137,1.4119573831558228,-1.2008718252182007,0.11775679141283035,-0.40014076232910156
volume_sn_voxels_feature_274,-0.25849178433418274,0.666530430316925,0.5128002166748047,-1.2845878601074219,1.2567861080169678,0.21680542826652527
volume_sn_voxels_feature_275,0.35021981596946716,0.6249310970306396,-0.12356624752283096,-1.2958264350891113,1.2777801752090454,0.4565315246582031
volume_sn_voxels_feature_276,-0.3623473346233368,-1.2639042139053345,1.4534845352172852,-1.3150527477264404,-0.5372312068939209,-0.3112200200557709
volume_sn_voxels_feature_277,0.06575021892786026,0.8706101775169373,-0.02708950638771057,-1.2706245183944702,1.3522294759750366,0.1847718358039856
volume_sn_voxels_feature_278,0.6158793568611145,-1.305707573890686,0.5630167126655579,-1.2345499992370605,-0.8010032773017883,-0.34631913900375366
volume_sn_voxels_feature_279,0.35381653904914856,-1.3558435440063477,0.8809570670127869,-1.0946266651153564,-0.781403124332428,0.014896012842655182
volume_sn_voxels_feature_280,0.45762956142425537,0.6650320887565613,-0.5824763178825378,-1.2919793128967285,1.3862375020980835,0.03107570670545101
volume_sn_voxels_feature_281,0.7037960886955261,-1.1466678380966187,0.23997245728969574,-1.3981223106384277,-0.5345866084098816,-0.3248629570007324
volume_sn_voxels_feature_282,0.6324352025985718,-1.0288522243499756,0.14083819091320038,-1.3183777332305908,1.0843846797943115,-0.14840030670166016
volume_sn_voxels_feature_283,0.5861291289329529,-0.24426555633544922,-0.4875238239765167,-1.340364694595337,1.351266860961914,-0.08660870790481567
volume_sn_voxels_feature_284,-0.08241691440343857,-0.4581529200077057,1.2861984968185425,-0.2458895891904831,0.4243413507938385,-0.6897351741790771
volume_sn_voxels_feature_285,0.14654046297073364,-0.36734986305236816,1.004823088645935,-0.09641315788030624,0.2335914522409439,-0.11338740587234497
volume_sn_voxels_feature_286,0.22743773460388184,0.24663305282592773,1.4425638914108276,0.9713581800460815,0.34151411056518555,0.2246142327785492
volume_sn_voxels_feature_287,0.48527035117149353,0.1793908029794693,1.4542280435562134,0.7511812448501587,-0.14878423511981964,0.49246975779533386
volume_sn_voxels_feature_288,0.3694320023059845,0.6260967254638672,1.25027596950531,0.32265177369117737,-0.9512611031532288,0.6748327612876892
volume_sn_voxels_feature_289,-0.04551440477371216,0.8971560597419739,1.391405701637268,0.30524787306785583,-1.134138584136963,-0.11763766407966614
volume_sn_voxels_feature_290,0.4159514009952545,0.2272682934999466,1.2808808088302612,0.7235377430915833,-0.594606339931488,0.49869227409362793
volume_sn_voxels_feature_291,0.3842715322971344,0.1561305671930313,1.3133769035339355,0.26224398612976074,-1.0846620798110962,0.1477908343076706
volume_sn_voxels_feature_292,0.05709715560078621,0.4795520007610321,1.5517759323120117,0.6616551280021667,-0.3136691451072693,0.12278883159160614
volume_sn_voxels_feature_293,-0.11610523611307144,-0.1510879397392273,1.4356255531311035,-0.30743736028671265,-0.8300451636314392,-0.007515447214245796
volume_sn_voxels_feature_294,-0.11278114467859268,-0.1579527109861374,1.285961627960205,-0.23855310678482056,-0.8128759264945984,-0.3973209857940674
volume_sn_voxels_feature_295,-0.44055473804473877,0.24529218673706055,1.317175269126892,-0.3092442452907562,0.032255224883556366,-0.22174668312072754
volume_sn_voxels_feature_296,-0.28178754448890686,0.03321046754717827,1.3685864210128784,-0.9948369860649109,0.15630772709846497,-0.2311009168624878
volume_sn_voxels_feature_297,0.14766745269298553,-0.11834437400102615,0.7898650169372559,-0.6551693677902222,0.9910539984703064,-0.3298225998878479
volume_sn_voxels_feature_298,-0.2530015707015991,0.4787372052669525,1.2428897619247437,-1.0916528701782227,1.0916863679885864,-0.12238654494285583
volume_sn_voxels_feature_299,0.18184156715869904,0.5905632376670837,0.5787671208381653,-1.1067198514938354,1.366085410118103,-0.028515223413705826
volume_sn_voxels_feature_300,0.6521239876747131,0.3384139835834503,-0.14377640187740326,-0.20699356496334076,1.4161957502365112,-0.04538068175315857
volume_sn_voxels_feature_301,-1.3118959665298462,-1.4375914335250854,1.2694697380065918,-1.329849362373352,-0.6437168717384338,-0.45551788806915283
volume_sn_voxels_feature_302,-1.1334494352340698,-1.4447007179260254,1.3561025857925415,-1.3092408180236816,-0.31176289916038513,-0.21456272900104523
volume_sn_voxels_feature_303,-0.7203987240791321,-1.5069694519042969,1.2726863622665405,-1.1419391632080078,-0.4714905023574829,-0.18660151958465576
volume_sn_voxels_feature_304,-0.38895711302757263,-1.2854347229003906,1.1249818801879883,-1.3312227725982666,-0.41068920493125916,-0.30871543288230896
volume_sn_voxels_feature_305,0.14139224588871002,0.8573753237724304,0.06789681315422058,-1.2800016403198242,1.3749438524246216,-0.12681300938129425
volume_sn_voxels_feature_306,0.40398287773132324,0.8570180535316467,-0.11467993259429932,-0.5946903824806213,1.4968067407608032,0.12075178325176239
volume_sn_voxels_feature_307,-0.17003653943538666,-1.2523454427719116,0.8364761471748352,-1.2248718738555908,-0.6302546262741089,-0.29210659861564636
volume_sn_voxels_feature_308,0.18872541189193726,-1.415000557899475,1.0658783912658691,-1.3937594890594482,-0.558097779750824,-0.17376068234443665
volume_sn_voxels_feature_309,0.024388277903199196,-1.093690276145935,0.9093916416168213,-1.1038950681686401,-0.0890113040804863,-0.05293141305446625
volume_sn_voxels_feature_310,0.15749071538448334,0.5389730930328369,-0.5264890193939209,-1.2012711763381958,1.3912185430526733,-0.22288334369659424
volume_sn_voxels_feature_311,0.180789515376091,0.43920350074768066,-0.1418485790491104,-1.035531997680664,1.3111567497253418,-0.19838351011276245
volume_sn_voxels_feature_312,0.7674152255058289,-1.396112084388733,0.3747170865535736,-1.3487603664398193,-0.5934700965881348,-0.09279089421033859
volume_sn_voxels_feature_313,0.6356431245803833,-1.1487387418746948,0.10141672939062119,-1.3716481924057007,-0.03376784175634384,-0.09984557330608368
volume_sn_voxels_feature_314,0.3006346523761749,-1.2383992671966553,-0.14488175511360168,-1.3417919874191284,1.2137669324874878,-0.09170641005039215
volume_sn_voxels_feature_315,0.04954208806157112,-0.6146739721298218,-0.46813738346099854,-1.288299322128296,1.3325791358947754,-0.14065293967723846
volume_sn_voxels_feature_316,0.12062973529100418,-0.00011079758405685425,-0.7752876281738281,-1.3487240076065063,1.3172065019607544,-0.3097148537635803
volume_sn_voxels_feature_317,0.2211131602525711,-0.14178268611431122,1.1553584337234497,-0.9934277534484863,0.4499838352203369,-0.4836428761482239
volume_sn_voxels_feature_318,-0.42269983887672424,-0.40233317017555237,1.5216569900512695,-0.10445170104503632,0.5321936011314392,-1.2012035846710205
volume_sn_voxels_feature_319,-0.08416575938463211,-0.14315949380397797,1.4128581285476685,-0.17808584868907928,0.47840264439582825,-0.07227662950754166
volume_sn_voxels_feature_320,0.2799302339553833,0.35434845089912415,1.3342913389205933,-0.395163893699646,-0.14745183289051056,0.5318018198013306
volume_sn_voxels_feature_321,-0.4313279688358307,-0.27722883224487305,1.3071538209915161,0.6731460690498352,0.17816144227981567,-0.28258800506591797
volume_sn_voxels_feature_322,0.2539987862110138,0.2268913835287094,1.3243961334228516,0.5027393102645874,-0.15288899838924408,0.45325958728790283
volume_sn_voxels_feature_323,0.22332994639873505,0.541388750076294,1.3093971014022827,0.26620182394981384,-1.0935338735580444,0.7749902009963989
volume_sn_voxels_feature_324,-0.12069500237703323,-0.32184863090515137,1.5902482271194458,0.7578635215759277,-0.24928998947143555,-0.017372308298945427
volume_sn_voxels_feature_325,0.04232673719525337,-0.1310778111219406,1.2651578187942505,0.4224764406681061,-0.9089045524597168,0.48562026023864746
volume_sn_voxels_feature_326,0.07253475487232208,-0.011139105074107647,1.442397117614746,0.38184624910354614,-1.2414051294326782,0.11866982281208038
volume_sn_voxels_feature_327,-0.3641968071460724,-1.03571617603302,1.403922200202942,0.43960997462272644,-0.5701012015342712,0.19095906615257263
volume_sn_voxels_feature_328,-0.29147329926490784,-0.3954610526561737,1.3433650732040405,0.1088220477104187,-0.7390317916870117,0.1662738025188446
volume_sn_voxels_feature_329,0.0076397680677473545,0.2250298708677292,1.1371814012527466,0.3128105401992798,-0.41906988620758057,-0.3607507348060608
volume_sn_voxels_feature_330,-0.388479083776474,-1.2877048254013062,1.1975778341293335,-0.07216781377792358,-0.19217802584171295,0.05706310644745827
volume_sn_voxels_feature_331,-0.3398713171482086,-0.9552858471870422,1.4048413038253784,-0.44003915786743164,0.26881229877471924,0.1310986578464508
volume_sn_voxels_feature_332,-0.013502237387001514,0.13889352977275848,1.2278873920440674,-0.09496954083442688,0.9604010581970215,-0.12910018861293793
volume_sn_voxels_feature_333,0.5093349814414978,0.36494389176368713,0.21198670566082,0.4519965648651123,1.215579628944397,-0.3232419788837433
volume_sn_voxels_feature_334,-1.2383394241333008,-1.3372135162353516,1.2013170719146729,-0.8320828080177307,-0.20396928489208221,-0.4255775511264801
volume_sn_voxels_feature_335,-1.315294861793518,-1.0269056558609009,1.0579346418380737,-0.5006963014602661,-0.40796276926994324,-0.2524304687976837
volume_sn_voxels_feature_336,-1.2598353624343872,-1.340857982635498,1.1920515298843384,-0.3715797960758209,-0.3592982292175293,-0.2953871488571167
volume_sn_voxels_feature_337,-0.46790051460266113,-1.0438212156295776,0.9846673011779785,-0.5314725637435913,0.6822144389152527,0.08690616488456726
volume_sn_voxels_feature_338,-0.30117228627204895,-0.4055275619029999,0.7042849063873291,-0.3140164017677307,1.3795958757400513,-0.03171069920063019
volume_sn_voxels_feature_339,0.14100275933742523,0.6469787955284119,-0.01681525632739067,0.4024706482887268,1.2793234586715698,-0.14643211662769318
volume_sn_voxels_feature_340,0.5660861134529114,0.5734953284263611,-0.10217943042516708,0.7720238566398621,1.4521065950393677,-0.18371783196926117
volume_sn_voxels_feature_341,-1.3154034614562988,-1.317267894744873,0.5116401314735413,-1.0885039567947388,-0.29022833704948425,0.2535698115825653
volume_sn_voxels_feature_342,-0.8418524265289307,-1.2030824422836304,0.5840271711349487,-1.022092342376709,-0.27482959628105164,-0.14238569140434265
volume_sn_voxels_feature_343,-0.07532154768705368,-1.2319872379302979,0.4625007212162018,-1.0372405052185059,-0.39043548703193665,-0.0721142590045929
volume_sn_voxels_feature_344,-0.11900651454925537,-1.1223574876785278,0.11926566809415817,-1.097928524017334,0.23262663185596466,0.14226332306861877
volume_sn_voxels_feature_345,-0.32734453678131104,-1.1253293752670288,-0.15240205824375153,-0.8082376718521118,1.2166906595230103,0.0532497763633728
volume_sn_voxels_feature_346,-0.3348625600337982,-0.8022472262382507,-0.25844231247901917,-0.36681216955184937,1.2854362726211548,-0.0016726404428482056
volume_sn_voxels_feature_347,-0.13318727910518646,0.24296611547470093,-0.36105260252952576,0.37398919463157654,1.4825340509414673,-0.2063458114862442
volume_sn_voxels_feature_348,-0.052789751440286636,0.5226891040802002,0.11296585947275162,0.8241511583328247,1.3986711502075195,-0.27833014726638794
volume_sn_voxels_feature_349,0.26075437664985657,-1.2619813680648804,-0.05502656102180481,-1.036327600479126,-0.2633925676345825,-0.1946372538805008
volume_sn_voxels_feature_350,0.4010091722011566,-1.288918137550354,-0.4643612802028656,-1.2436363697052002,0.34898504614830017,-0.12645737826824188
volume_sn_voxels_feature_351,0.0007039530319161713,-1.3168888092041016,-0.6531888842582703,-1.0387300252914429,1.37358558177948,-0.04816334694623947
volume_sn_voxels_feature_352,-0.2984478771686554,-1.0023757219314575,-0.6979344487190247,-0.5206290483474731,1.421536922454834,-0.08625208586454391
volume_sn_voxels_feature_353,-0.6137956976890564,-0.22884227335453033,-0.27823469042778015,0.14295300841331482,1.341207504272461,-0.25319352746009827
volume_sn_voxels_feature_354,0.48053646087646484,-1.260138988494873,0.24849767982959747,-1.189164161682129,-0.3402763605117798,-0.08421873301267624
volume_sn_voxels_feature_355,0.3106972277164459,-1.286129355430603,0.13604037463665009,-1.3002026081085205,0.4116346538066864,0.14133328199386597
volume_sn_voxels_feature_356,-0.0045163012109696865,-1.1447768211364746,-0.07641459256410599,-1.1463571786880493,1.2592192888259888,-0.043775685131549835
volume_sn_voxels_feature_357,-0.4318579137325287,-1.1200278997421265,-0.29538968205451965,-0.8073407411575317,1.4727239608764648,-0.0861218124628067
volume_sn_voxels_feature_358,-0.49738502502441406,-0.8122107982635498,0.10414410382509232,-0.3742750883102417,1.405259609222412,-0.3738928735256195
volume_sn_voxels_feature_359,0.5685449242591858,-1.3888746500015259,0.7329179644584656,-1.125933051109314,0.6158743500709534,0.09164094179868698
volume_sn_voxels_feature_360,-0.44528403878211975,-0.5724029541015625,1.353887915611267,-1.079256534576416,0.43765854835510254,-0.3591937720775604
volume_sn_voxels_feature_361,-0.16362404823303223,-0.9243664145469666,1.5104846954345703,-0.3967307209968567,-0.3360925614833832,0.3388400673866272
volume_sn_voxels_feature_362,-0.37340497970581055,-1.226380705833435,1.217431902885437,0.07145865261554718,-0.0972103402018547,-0.133018359541893
volume_sn_voxels_feature_363,0.04260352626442909,-1.1653748750686646,1.2855353355407715,0.10396350920200348,-0.7140533924102783,0.4203057289123535
volume_sn_voxels_feature_364,-1.1849761009216309,-0.8965043425559998,0.988913357257843,-0.3251204192638397,-0.11177915334701538,-1.2679452896118164
volume_sn_voxels_feature_365,-1.5136300325393677,-1.120257019996643,1.0266295671463013,0.06316918134689331,-0.15856711566448212,-1.1034616231918335
volume_sn_voxels_feature_366,-1.3958054780960083,-1.2209481000900269,1.240128993988037,0.2930086553096771,-0.1078042984008789,-1.2898837327957153
volume_sn_voxels_feature_367,-1.0833054780960083,-1.3248167037963867,1.2737220525741577,0.43781304359436035,0.09598087519407272,-0.9413322806358337
volume_sn_voxels_feature_368,-0.21399974822998047,-1.4584671258926392,0.8244023323059082,0.4544229209423065,-0.0888383761048317,-0.16675686836242676
volume_sn_voxels_feature_369,-0.007678838912397623,-1.2852188348770142,1.2216509580612183,0.5186461210250854,-0.29861852526664734,0.37082237005233765
volume_sn_voxels_feature_370,-0.06001618504524231,-1.0852185487747192,1.213274598121643,0.5680079460144043,-0.33673369884490967,0.4660924971103668
volume_sn_voxels_feature_371,0.011580456979572773,0.13052214682102203,0.7823389172554016,0.6072626709938049,0.16484695672988892,-0.013596447184681892
volume_sn_voxels_feature_372,-1.3436933755874634,-0.625665009021759,0.43041446805000305,-0.4562464952468872,0.008289759047329426,-1.2425456047058105
volume_sn_voxels_feature_373,-1.6647955179214478,-1.0240836143493652,0.6788319945335388,-0.25148311257362366,-0.048846226185560226,-0.3518061637878418
volume_sn_voxels_feature_374,-1.6674450635910034,-1.244889736175537,0.8432335257530212,0.05910541117191315,-0.20186257362365723,-0.05066538602113724
volume_sn_voxels_feature_375,-1.329088807106018,-1.3606024980545044,0.8092899918556213,0.0471334308385849,-0.14960648119449615,-0.39606231451034546
volume_sn_voxels_feature_376,-1.120282530784607,-1.2792612314224243,0.539871096611023,0.2506500482559204,-0.2603195607662201,-0.39618104696273804
volume_sn_voxels_feature_377,-0.36570942401885986,-1.284983515739441,0.45234814286231995,0.4599500894546509,-0.09397003799676895,-0.22125591337680817
volume_sn_voxels_feature_378,0.022937536239624023,-1.1931471824645996,0.4823472201824188,0.5088279843330383,0.12495597451925278,0.47410380840301514
volume_sn_voxels_feature_379,0.05008140206336975,-1.4476310014724731,0.3746762275695801,0.5405232310295105,0.6259811520576477,0.5302819013595581
volume_sn_voxels_feature_380,-0.11259051412343979,-0.594216525554657,0.2876068353652954,0.9265467524528503,1.2088948488235474,0.32242757081985474
volume_sn_voxels_feature_381,-0.010057851672172546,0.4791242182254791,0.20585696399211884,1.1447863578796387,1.481009840965271,0.07769891619682312
volume_sn_voxels_feature_382,-1.4445632696151733,-0.9056758284568787,0.00021284322428982705,-0.6218875050544739,0.32724234461784363,1.0452208518981934
volume_sn_voxels_feature_383,-1.4062142372131348,-1.412467122077942,-0.004034107085317373,-0.5575326085090637,-0.01250931154936552,1.0904011726379395
volume_sn_voxels_feature_384,-1.2288089990615845,-1.256937861442566,-0.2205091118812561,-0.559350311756134,-0.2251206636428833,0.5768430829048157
volume_sn_voxels_feature_385,0.35877856612205505,-1.2733479738235474,-0.4832410514354706,0.40042802691459656,0.5932294726371765,0.0873785987496376
volume_sn_voxels_feature_386,0.1144980862736702,-1.3995118141174316,-0.28387370705604553,0.881439745426178,1.051784634590149,0.46312031149864197
volume_sn_voxels_feature_387,0.001904276548884809,-0.899985134601593,-0.05143092945218086,1.0721642971038818,1.3231855630874634,0.637108564376831
volume_sn_voxels_feature_388,-0.19907009601593018,-0.34382155537605286,0.27728328108787537,1.0246480703353882,1.2408909797668457,0.1253366470336914
volume_sn_voxels_feature_389,-1.484078288078308,-1.1749275922775269,-0.6307068467140198,-0.9558336138725281,0.22824372351169586,1.2663456201553345
volume_sn_voxels_feature_390,0.24515342712402344,-1.4698452949523926,-0.5901178121566772,-0.0536043643951416,0.7020143866539001,0.02286245860159397
volume_sn_voxels_feature_391,0.013623639941215515,-1.2882674932479858,-0.4606918394565582,0.695692777633667,1.3297170400619507,0.27165865898132324
volume_sn_voxels_feature_392,-0.6385985016822815,-0.6211018562316895,0.32892224192619324,1.3314666748046875,1.324272632598877,0.2802938222885132
volume_sn_voxels_feature_393,0.027545398101210594,-1.2780953645706177,-0.15292172133922577,-1.0747225284576416,-0.01775188185274601,0.07476639002561569
volume_sn_voxels_feature_394,0.16791363060474396,-1.2307003736495972,-0.09353414177894592,-0.5962566137313843,0.789592981338501,-0.0018410831689834595
volume_sn_voxels_feature_395,-0.8181890845298767,-1.1252955198287964,0.18472616374492645,0.801007866859436,1.3930991888046265,0.23029056191444397
volume_sn_voxels_feature_396,-0.9954091906547546,-0.790895402431488,0.7547893524169922,1.0977251529693604,1.3772739171981812,0.0161537304520607
volume_sn_voxels_feature_397,0.16067315638065338,-1.0814975500106812,0.6612849831581116,-1.2214696407318115,-0.060113292187452316,0.4970603883266449
volume_sn_voxels_feature_398,-0.4952112138271332,-0.5674794316291809,1.1413657665252686,0.3600725531578064,1.1885223388671875,-0.038581088185310364
volume_sn_voxels_feature_399,0.0849403440952301,-0.30863258242607117,1.2822265625,-1.396573543548584,0.11751530319452286,0.05488842725753784
volume_sn_voxels_feature_400,-0.4853384494781494,-1.1915392875671387,1.4355007410049438,-1.2939808368682861,0.1721440553665161,-0.6707648038864136
volume_sn_voxels_feature_401,-0.9921717047691345,-1.0934110879898071,0.487633615732193,0.22630083560943604,0.27784478664398193,-1.3860498666763306
volume_sn_voxels_feature_402,-0.8772632479667664,-1.4040580987930298,0.867756187915802,-0.8343687653541565,0.4169899523258209,-1.1136069297790527
volume_sn_voxels_feature_403,-0.1337708830833435,-1.134090781211853,0.8511035442352295,-0.9205278158187866,-0.027868280187249184,0.29626384377479553
volume_sn_voxels_feature_404,-1.251518726348877,-0.31130659580230713,0.46588024497032166,0.17943933606147766,0.48348307609558105,-1.3797907829284668
volume_sn_voxels_feature_405,-1.34056556224823,-0.297698050737381,0.4138183295726776,0.04082785174250603,0.13444006443023682,-1.424454927444458
volume_sn_voxels_feature_406,-1.3749942779541016,-0.7195582985877991,0.5659911036491394,0.200821191072464,-0.02592889405786991,-1.2598240375518799
volume_sn_voxels_feature_407,-1.3250840902328491,-1.278210997581482,0.616369366645813,0.2749890387058258,0.08977776765823364,-1.6681091785430908
volume_sn_voxels_feature_408,-1.3836485147476196,-1.4118674993515015,0.3948274552822113,0.12806421518325806,0.2703584134578705,-1.215151309967041
volume_sn_voxels_feature_409,-1.0974035263061523,-1.1560291051864624,0.2171611189842224,0.00374435493722558,0.22883270680904388,-1.0364999771118164
volume_sn_voxels_feature_410,-0.026068752631545067,-1.5011119842529297,0.3666286766529083,-0.11324165761470795,0.24448131024837494,0.004442564677447081
volume_sn_voxels_feature_411,0.4126054346561432,-1.227980375289917,0.4688442051410675,0.2229061871767044,-0.10708194971084595,0.7513012886047363
volume_sn_voxels_feature_412,-1.332472324371338,0.42369744181632996,0.21150942146778107,0.1602691262960434,0.3404332101345062,-1.2478338479995728
volume_sn_voxels_feature_413,-1.4111441373825073,0.5996951460838318,0.3048531711101532,0.17877879738807678,0.2096426635980606,-1.1318864822387695
volume_sn_voxels_feature_414,-1.5924125909805298,-0.03806716203689575,0.4224785268306732,0.19296658039093018,0.03449275717139244,-0.20789864659309387
volume_sn_voxels_feature_415,-1.3519163131713867,-1.106093406677246,0.33761391043663025,0.2763148844242096,-0.09105730056762695,-0.019619621336460114
volume_sn_voxels_feature_416,-1.353759765625,-1.351842999458313,-0.2089451104402542,0.24824729561805725,-0.12228453159332275,-0.45293352007865906
volume_sn_voxels_feature_417,-1.2263526916503906,-0.8668069243431091,-0.5398942232131958,0.26000726222991943,0.10500776022672653,-0.5932161808013916
volume_sn_voxels_feature_418,-0.16176484525203705,-1.236521601676941,-0.5559420585632324,0.3086070418357849,0.40912774205207825,-0.20942917466163635
volume_sn_voxels_feature_419,0.5251606106758118,-1.3772010803222656,0.010176562704145908,0.5250345468521118,0.7038028240203857,0.632835328578949
volume_sn_voxels_feature_420,-1.1473933458328247,0.5878229737281799,-0.2719479501247406,-0.08435548096895218,0.7367982864379883,-1.2204781770706177
volume_sn_voxels_feature_421,-1.3783186674118042,-0.8749331831932068,0.01918540708720684,0.13242939114570618,0.028514159843325615,1.1887890100479126
volume_sn_voxels_feature_422,-1.43975031375885,-1.5830546617507935,-0.3323216438293457,0.08296771347522736,-0.07224677503108978,0.9842292070388794
volume_sn_voxels_feature_423,-1.2970303297042847,-1.240662693977356,-0.6948676109313965,0.28572383522987366,-0.2057972550392151,-0.022882824763655663
volume_sn_voxels_feature_424,-0.31512364745140076,-1.4713786840438843,-0.7950380444526672,0.43424153327941895,0.23505918681621552,-0.34572017192840576
volume_sn_voxels_feature_425,0.578652560710907,-1.1933525800704956,-0.29923710227012634,0.8822607398033142,0.8683772087097168,0.32221323251724243
volume_sn_voxels_feature_426,0.4772842824459076,-1.157712459564209,0.1026626005768776,1.0682721138000488,1.197135090827942,0.8056206107139587
volume_sn_voxels_feature_427,-1.2361024618148804,-0.8967867493629456,-0.27724388241767883,-0.15207722783088684,0.28093817830085754,1.221925973892212
volume_sn_voxels_feature_428,-1.4108823537826538,-1.4293543100357056,-0.3976888656616211,-0.17498567700386047,-0.07798882573843002,1.3277697563171387
volume_sn_voxels_feature_429,-0.7421960830688477,-1.4091578722000122,-0.6533612012863159,0.13121482729911804,0.03620808944106102,-0.3111874461174011
volume_sn_voxels_feature_430,0.284547358751297,-1.6238471269607544,-0.1395561397075653,0.9623994827270508,0.976830005645752,0.1745588779449463
volume_sn_voxels_feature_431,-0.23609890043735504,-0.5368825793266296,1.4701424837112427,0.8488467335700989,1.0514651536941528,0.08006604760885239
volume_sn_voxels_feature_432,-0.20773911476135254,-0.8148314356803894,-0.14345748722553253,0.1374998390674591,0.2958199679851532,-1.288989782333374
volume_sn_voxels_feature_433,-1.135233998298645,-0.9583784937858582,-0.10965385288000107,-0.040513355284929276,0.1395495980978012,-1.235178828239441
volume_sn_voxels_feature_434,-1.3246536254882812,-0.7900367379188538,-0.10475945472717285,-0.2659650444984436,0.3135063946247101,-1.4021437168121338
volume_sn_voxels_feature_435,-0.340623140335083,-1.1265974044799805,-0.024435630068182945,-1.1895875930786133,-0.0670289397239685,-0.7946893572807312
volume_sn_voxels_feature_436,-0.45184001326560974,-0.6312384009361267,0.5417492389678955,0.5973436832427979,0.7667061686515808,-1.2336176633834839
volume_sn_voxels_feature_437,-1.2012066841125488,-0.21229110658168793,0.1936275213956833,0.41449031233787537,0.22023193538188934,-1.3588619232177734
volume_sn_voxels_feature_438,-1.3957518339157104,0.03198393061757088,0.05342745780944824,0.15091973543167114,-0.016445279121398926,-1.529441237449646
volume_sn_voxels_feature_439,-1.2525709867477417,-0.36945852637290955,0.06887834519147873,0.14447081089019775,0.1458197385072708,-1.2093040943145752
volume_sn_voxels_feature_440,-1.2585846185684204,-0.9746634364128113,-0.13652576506137848,-0.024381393566727638,0.22666889429092407,-1.2627509832382202
volume_sn_voxels_feature_441,-1.4046107530593872,-1.2347962856292725,-0.433910608291626,-0.567993700504303,0.2508026361465454,-1.1998878717422485
volume_sn_voxels_feature_442,-0.9670088887214661,0.6372482776641846,0.2979230582714081,0.3164548873901367,0.2892626225948334,-1.2545583248138428
volume_sn_voxels_feature_443,-1.0548959970474243,1.0913256406784058,0.05097311735153198,0.3957199454307556,0.007674048189073801,-1.3590964078903198
volume_sn_voxels_feature_444,-1.3809419870376587,0.5726855397224426,-0.007564527448266745,0.3841155767440796,-0.04684107005596161,-1.0847309827804565
volume_sn_voxels_feature_445,-1.0512758493423462,-0.7059738636016846,-0.05088864639401436,0.29055625200271606,-0.05028523504734039,-0.6195628046989441
volume_sn_voxels_feature_446,-1.2150181531906128,-1.1905481815338135,-0.4867499768733978,-0.027292510494589806,0.14294691383838654,-0.7017415761947632
volume_sn_voxels_feature_447,-1.186007022857666,-1.386878490447998,-0.8614921569824219,-0.2201167196035385,0.266918420791626,-0.3535180985927582
volume_sn_voxels_feature_448,-1.4393811225891113,0.8732112050056458,0.12442954629659653,0.08820933103561401,0.47494032979011536,-1.358582615852356
volume_sn_voxels_feature_449,-1.4296746253967285,-0.9841609001159668,-0.21142911911010742,0.18837599456310272,-0.3828352987766266,1.0126186609268188
volume_sn_voxels_feature_450,-1.3579238653182983,-1.3733841180801392,-0.6407317519187927,0.07191795110702515,-0.04765405133366585,0.2661909759044647
volume_sn_voxels_feature_451,-0.681574821472168,-1.0279024839401245,-0.531934916973114,0.3262150287628174,0.52402263879776,-0.009074520319700241
volume_sn_voxels_feature_452,-1.5343650579452515,-0.12973786890506744,-0.07249252498149872,0.48414430022239685,0.003713904647156596,1.0162878036499023
volume_sn_voxels_feature_453,-1.7297767400741577,-1.2502714395523071,-0.1336168497800827,0.2948460578918457,-0.23833654820919037,1.2371032238006592
volume_sn_voxels_feature_454,-1.1906307935714722,-1.0519299507141113,-0.30167797207832336,0.21422135829925537,-0.37975117564201355,0.6325489282608032
volume_sn_voxels_feature_455,-0.9303450584411621,-1.0244277715682983,-0.253772109746933,0.4367017447948456,0.2431076020002365,-0.057114191353321075
volume_sn_voxels_feature_456,1.0140819549560547,-0.9734897613525391,-0.6940178871154785,-0.435859739780426,0.20048071444034576,-1.140052318572998
volume_sn_voxels_feature_457,0.9576596617698669,-0.9217889308929443,-0.49262508749961853,0.015077883377671242,0.09437792748212814,-1.5570099353790283
volume_sn_voxels_feature_458,0.22784920036792755,-0.6697179675102234,-0.6293511390686035,-0.12497201561927795,0.012275067158043385,-1.4384630918502808
volume_sn_voxels_feature_459,-0.6653339862823486,-0.6720954775810242,-0.4229942262172699,-0.6383244395256042,0.15613625943660736,-1.6372736692428589
volume_sn_voxels_feature_460,-0.7313523292541504,-0.648098886013031,-0.36271071434020996,-1.0861726999282837,0.2005033940076828,-1.3828089237213135
volume_sn_voxels_feature_461,-0.2660885155200958,-0.8705359101295471,-0.35330963134765625,-1.3443832397460938,-0.14513292908668518,-1.3292202949523926
volume_sn_voxels_feature_462,1.1812993288040161,-0.5775481462478638,0.2725178003311157,0.5786001086235046,0.23892726004123688,-1.3459222316741943
volume_sn_voxels_feature_463,-0.5556495785713196,-0.09460993856191635,-0.15615271031856537,0.09706681221723557,0.016128085553646088,-1.4337661266326904
volume_sn_voxels_feature_464,-1.026105523109436,0.002763524651527405,-0.22283942997455597,-0.08262646943330765,-0.1302051991224289,-1.3189083337783813
volume_sn_voxels_feature_465,-1.1553802490234375,0.10085725784301758,-0.3521088659763336,-0.2525777220726013,-0.11179140955209732,-1.3076825141906738
volume_sn_voxels_feature_466,-1.181053638458252,-0.6624270677566528,-0.4675306975841522,-0.85069739818573,-0.11399132013320923,-1.5371973514556885
volume_sn_voxels_feature_467,0.0032152633648365736,-0.06683355569839478,0.4961811304092407,0.3093087673187256,0.11920399218797684,-1.4643306732177734
volume_sn_voxels_feature_468,-1.224682331085205,0.46076762676239014,0.16726024448871613,0.05091845989227295,-0.17891548573970795,-1.2134273052215576
volume_sn_voxels_feature_469,-1.2609682083129883,0.8616512417793274,-0.12376078963279724,0.1387307345867157,-0.3395524024963379,-1.0917811393737793
volume_sn_voxels_feature_470,-1.4557455778121948,0.5713841915130615,-0.17429500818252563,0.021105647087097168,-0.25050944089889526,-1.2827026844024658
volume_sn_voxels_feature_471,-1.4138144254684448,-0.2891588509082794,-0.3887236416339874,-0.06548275798559189,-0.2031484991312027,-1.1973466873168945
volume_sn_voxels_feature_472,-1.2237390279769897,-0.9967133402824402,-0.5071387887001038,-0.65953129529953,-0.08722180873155594,-0.7688372731208801
volume_sn_voxels_feature_473,-1.1207740306854248,0.2641170918941498,0.3271430432796478,0.2757762670516968,0.047537077218294144,-1.3355638980865479
volume_sn_voxels_feature_474,-1.3353182077407837,0.17952419817447662,-0.056347984820604324,0.39573878049850464,-0.3246912956237793,0.1630183905363083
volume_sn_voxels_feature_475,-1.2941768169403076,-1.1548582315444946,-0.40424203872680664,-0.04481732100248337,-0.3055002987384796,0.49487465620040894
volume_sn_voxels_feature_476,-1.0274771451950073,-0.30146923661231995,-0.22125624120235443,-0.0631716325879097,0.2997807562351227,-1.3469884395599365
volume_sn_voxels_feature_477,-1.4157508611679077,0.5120441317558289,0.05461873486638069,0.01333143375813961,0.35807880759239197,-1.3186163902282715
volume_sn_voxels_feature_478,-1.1215064525604248,-0.5946648120880127,-0.09095421433448792,-0.15363356471061707,0.7841818928718567,-1.0575332641601562
volume_sn_voxels_feature_479,-0.9179567694664001,-1.3585950136184692,0.5795134902000427,0.31073248386383057,-0.07420284301042557,-0.09146435558795929
volume_sn_voxels_feature_480,-0.9976508021354675,-1.0070677995681763,-0.27691805362701416,-0.1242823451757431,0.7663805484771729,-0.9388226866722107
volume_sn_voxels_feature_481,-1.2254680395126343,-1.490987777709961,0.08678898960351944,0.01114671304821968,-0.7847283482551575,0.17151495814323425
volume_sn_voxels_feature_482,-0.5792575478553772,-1.2430058717727661,0.6800826191902161,-0.22446051239967346,0.1995164006948471,-0.4757842719554901
volume_sn_voxels_feature_483,-0.2309151291847229,-1.0837095975875854,-0.218919038772583,0.0007172431796789169,0.30589041113853455,-0.8316885232925415
volume_sn_voxels_feature_484,-1.13812255859375,-0.7909989356994629,0.06689242273569107,0.06395548582077026,0.12043362110853195,-0.6314983367919922
volume_sn_voxels_feature_485,-1.1642450094223022,-1.2971514463424683,-0.03660482168197632,0.3085944354534149,-0.09215253591537476,-0.10941806435585022
volume_sn_voxels_feature_486,0.39697036147117615,-0.7647247314453125,0.19150511920452118,0.4047809839248657,-0.5670927166938782,-0.249100923538208
volume_sn_voxels_feature_487,-0.08537748456001282,-1.102997064590454,0.4145294725894928,0.2912231385707855,-0.3638469874858856,0.3290744125843048
volume_sn_voxels_feature_488,1.1855860948562622,-0.602491557598114,1.2605887651443481,0.017591234296560287,1.47614324092865,-0.8090100288391113
volume_sn_voxels_feature_489,0.43682074546813965,0.42763400077819824,-0.29763248562812805,-1.3144521713256836,-0.31649088859558105,-1.3807495832443237
volume_sn_voxels_feature_490,1.1051549911499023,-0.501307487487793,-0.04422060027718544,0.5421915054321289,-0.16710825264453888,-1.3087431192398071
volume_sn_voxels_feature_491,0.7085161805152893,-0.2919601798057556,-0.18819622695446014,0.023998355492949486,-0.28682079911231995,-1.4094200134277344
volume_sn_voxels_feature_492,-0.05807800963521004,0.2178194373846054,-0.2970098853111267,-0.2872588634490967,-0.3033702075481415,-1.416411280632019
volume_sn_voxels_feature_493,-0.8660227656364441,0.25435197353363037,-0.25637155771255493,-0.9296722412109375,-0.3173333704471588,-1.348719835281372
volume_sn_voxels_feature_494,-1.0339583158493042,0.4765044152736664,-0.16913561522960663,-1.0816690921783447,-0.3134545385837555,-1.3134006261825562
volume_sn_voxels_feature_495,1.2296757698059082,-0.38362130522727966,0.5168538093566895,1.1047619581222534,0.005407618824392557,-1.210616111755371
volume_sn_voxels_feature_496,1.035011887550354,0.21905575692653656,0.43269482254981995,0.35317736864089966,-0.30257919430732727,-1.7098288536071777
volume_sn_voxels_feature_497,0.098663330078125,0.456287145614624,0.11525983363389969,-0.012314841151237488,-0.43560120463371277,-1.44528329372406
volume_sn_voxels_feature_498,-1.2082122564315796,0.7752634882926941,-0.021662821993231773,-0.23819100856781006,-0.39323854446411133,-1.2317448854446411
volume_sn_voxels_feature_499,-1.2781115770339966,0.8472595810890198,-0.07145438343286514,-0.4549691081047058,-0.34285926818847656,-1.5668063163757324
volume_sn_voxels_feature_500,-1.4794096946716309,0.5713465213775635,0.12073516845703125,-0.8191521167755127,-0.49999359250068665,-1.2600197792053223
volume_sn_voxels_feature_501,1.0421864986419678,-0.25371238589286804,0.11188279837369919,0.7201767563819885,-0.16866888105869293,-1.2565079927444458
volume_sn_voxels_feature_502,0.7481243014335632,0.2628328800201416,0.14070849120616913,0.11220866441726685,-0.3416649103164673,-1.2799147367477417
volume_sn_voxels_feature_503,-1.3677140474319458,0.8372247815132141,0.11528661102056503,-0.25217998027801514,-0.40204480290412903,-1.1772809028625488
volume_sn_voxels_feature_504,-1.362156867980957,0.34766924381256104,0.15722161531448364,-0.42376458644866943,-0.5109710693359375,-1.1132876873016357
volume_sn_voxels_feature_505,-1.1990904808044434,-0.3326427936553955,0.3939019441604614,-0.8478690385818481,-0.5993516445159912,-0.10122217237949371
volume_sn_voxels_feature_506,0.13216538727283478,0.1201600432395935,-0.1294081062078476,-0.15463948249816895,-0.22075100243091583,-1.2162721157073975
volume_sn_voxels_feature_507,-1.1878024339675903,0.37613415718078613,0.17498350143432617,-0.4015849828720093,0.058215703815221786,-1.4015843868255615
volume_sn_voxels_feature_508,-1.302220344543457,0.4795709550380707,0.13671700656414032,-0.2670506238937378,0.10809531807899475,-1.3258740901947021
volume_sn_voxels_feature_509,-1.2003278732299805,0.18569231033325195,0.2719390094280243,-0.04834076762199402,-0.022461524233222008,-0.964996337890625
volume_sn_voxels_feature_510,0.25820645689964294,-0.16522319614887238,-0.4778675138950348,-0.3345249593257904,0.12080162018537521,-0.950067937374115
volume_sn_voxels_feature_511,-1.1678611040115356,-0.4175460636615753,-0.0390300489962101,-0.5416719317436218,0.4260886013507843,-0.7326363325119019
volume_sn_voxels_feature_512,-1.190197467803955,-0.665303647518158,0.3370896279811859,-0.25684112310409546,0.5523841977119446,-0.8763856887817383
volume_sn_voxels_feature_513,0.30832743644714355,-0.18215017020702362,-0.6423950791358948,-0.41377443075180054,0.1429629772901535,-0.533672034740448
volume_sn_voxels_feature_514,-0.9357719421386719,-0.7389400601387024,0.13053511083126068,-0.5334113836288452,0.5230306386947632,-0.8095136880874634
volume_sn_voxels_feature_515,0.4417361319065094,0.2729046940803528,-0.38078418374061584,0.0086293900385499,-0.17417174577713013,-0.06145802140235901
volume_sn_voxels_feature_516,-0.5939331650733948,-0.7618908882141113,0.09007507562637329,-0.13449035584926605,0.03170989081263542,-0.6373376846313477
volume_sn_voxels_feature_517,0.5796045660972595,1.102847933769226,-0.14836138486862183,0.2729369103908539,-0.30717191100120544,0.6837450265884399
volume_sn_voxels_feature_518,0.30626413226127625,0.6550675630569458,0.3643524944782257,0.31270694732666016,-0.6734033226966858,0.20915934443473816
volume_sn_voxels_feature_519,-0.3049882650375366,-0.6160900592803955,0.6038711071014404,0.35447829961776733,-0.601757824420929,-0.11930688470602036
volume_sn_voxels_feature_520,0.047520559281110764,1.1229761838912964,0.10308592766523361,0.02440691739320755,0.0669328048825264,0.06695087254047394
volume_sn_voxels_feature_521,-0.24761836230754852,1.0519956350326538,0.6337730884552002,0.2587870657444,-0.6506571173667908,-0.060733646154403687
rigidity_left,-0.06441671401262283,0.02118499018251896,0.14107713103294373,0.005368816666305065,0.0574643649160862,-0.033012546598911285
rigidity_right,0.03420288488268852,0.17796377837657928,0.05594527721405029,-0.032621078193187714,0.025830021128058434,-0.061271678656339645
tremor_rest_left,-0.05691861733794212,-0.051948707550764084,-0.04750039055943489,-0.027088545262813568,-0.19987572729587555,-0.12209421396255493
tremor_rest_right,-0.06458240002393723,-0.03859449177980423,0.04175494238734245,0.018216572701931,-0.06001390144228935,-0.04800137132406235
tremor_postural_left,-0.049343500286340714,0.07137420028448105,-0.043122872710227966,-0.021943284198641777,-0.10402492433786392,-0.09061944484710693
tremor_postural_right,-0.13887476921081543,-0.2366309016942978,0.17164184153079987,-0.1276257038116455,0.001641834736801684,-0.03602715581655502
bradykinesia_speed_left,0.051588889211416245,-0.10910576581954956,0.03355276212096214,-0.01559978723526001,0.07795636355876923,-0.014137924648821354
bradykinesia_speed_right,-0.07448481023311615,0.04401870444417,0.1274794191122055,-0.05384944751858711,-0.07431573420763016,-0.10944415628910065
bradykinesia_amplitude_left,-0.00404272461310029,-0.1719510555267334,0.0036458440590649843,0.12722262740135193,0.0441628098487854,-0.043948546051979065
bradykinesia_amplitude_right,0.01997329108417034,0.2107509821653366,0.07143715769052505,-0.04751718416810036,-0.010562638752162457,-0.04228224977850914
bradykinesia_rhythm_left,0.021590327844023705,0.06430468708276749,-0.07341798394918442,-0.08594747632741928,-0.037789732217788696,0.06724873930215836
bradykinesia_rhythm_right,0.023271458223462105,-0.27255743741989136,0.23161816596984863,-0.07453694939613342,0.012786376290023327,0.09670279175043106
mirrormovement_left,0.06684533506631851,0.25236013531684875,0.6568917632102966,-0.012422628700733185,-0.14830322563648224,0.06888613104820251
mirrormovement_right,0.15434128046035767,-0.04015189781785011,-0.04487444832921028,0.02156027965247631,-0.051156144589185715,-0.07000552117824554
