0,1,2,3,4
1.0232149,0.26064748,-0.44999278,0.53391147,-0.5857755
0.85539806,-0.12596111,0.9127332,0.061610013,0.3837057
0.2930249,0.14470334,-0.3485173,0.41536576,-0.7357792
-0.13887337,-0.13059317,0.4993593,0.12955596,0.83207583
0.6520085,-0.38051322,-0.28910348,-0.28592867,0.9570809
0.030527513,-0.484143,-0.49741262,-0.08951837,0.3287461
0.028365772,-0.085611686,0.90372723,-0.16304645,-0.6095564
0.90964437,-0.2280074,1.1455148,-0.1437426,-0.1272927
0.3062175,0.3116238,-0.7815785,0.6513018,-0.3463213
-0.928754,0.5797578,0.0036693893,-0.5110021,0.86982524
0.40485507,0.07063928,0.27384406,1.2298434,-0.75719047
0.83510095,-0.8639657,-0.7165276,0.03042696,-0.11423195
-0.37806764,-0.87269515,-0.39704403,0.20875001,-0.04310905
-0.39531636,0.87725997,-0.69949543,1.4262985,-0.4545247
1.0608727,-0.38193992,0.5456898,-0.031163562,-0.33900577
0.83746296,-0.0329103,-1.3157921,-0.19476245,0.94983196
0.3338534,-1.3586093,0.9901432,-0.025499918,-1.0834881
0.9933562,0.00699667,-0.5137546,0.88682204,0.09201202
-0.3539619,0.0923474,1.1377609,-0.28592315,-1.0990876
0.13678513,0.100145556,-0.9044199,0.35179794,-0.6653005
-1.141901,0.636048,0.63633454,1.5344733,1.2484295
0.43048614,0.2514611,0.19737981,-0.3708713,1.4629053
-1.9620044,1.1401718,-0.16693464,0.1002924,0.123628646
0.6679235,-0.285129,-0.8706175,-0.7291798,-0.08991654
1.1986117,-0.9915598,0.8413699,0.17774272,0.4694506
0.9359767,-0.36298153,0.27111945,-0.2743686,-0.35762745
0.35758963,-0.2757189,-0.49066046,0.4296874,-0.86718917
-0.17958944,-0.029484987,0.025373274,0.41354993,0.3066451
1.3356507,0.2925144,1.4313527,-0.49465537,0.1799251
-0.19775315,0.43471333,-0.10412523,0.7350675,-0.27182853
-0.34309125,-0.45361328,-0.9119517,0.5719434,-0.54371715
0.44257736,0.11866942,0.88885885,0.5449222,-0.23807907
0.39819226,0.6234201,0.532587,-0.49556282,0.7996364
-0.6693975,-0.13681051,0.30793133,1.396199,-0.09767063
-0.06721779,0.76235217,0.7325795,0.29188904,-0.8008034
-0.80982965,-1.0126501,1.0079584,0.77907103,-0.43346635
0.32210493,-0.012703621,0.4944398,0.70550555,-0.25955907
0.56705225,0.12013593,-0.36957622,-0.18456319,0.4186823
0.75214833,-0.4128361,0.817097,0.18940043,0.18924123
0.5400824,-0.92953146,1.4586926,-0.6376631,-0.1943897
-0.11425675,-0.14478287,0.12297992,-0.08206426,0.23314309
0.14176635,-0.8252689,-0.30641788,1.0410011,0.5623768
0.65487874,0.199374,0.92685974,0.30637115,0.86126566
0.842387,-1.1639091,-0.7036376,0.7195271,-0.2501635
0.49906263,0.28518203,1.8496251,0.7955342,0.79066396
1.1386412,0.16242169,-0.6345448,0.16002963,-0.33947062
1.3276511,0.18518065,0.15814245,-0.4034048,0.23328477
-0.37623298,-1.2435565,-0.13578382,0.108636044,0.09108719
0.117432155,-0.059473433,-0.5127493,-0.11286883,0.518784
0.40395135,-0.2298951,1.1525093,1.4983702,-1.0500969
-0.03756412,-1.0934856,0.98219424,-0.8018643,0.42377475
0.7989638,-0.32152662,-1.0976905,0.9110121,0.95160055
1.1887321,0.0018625989,-0.046133123,-0.14017119,-0.15849845
0.2003449,0.01037401,-0.93163526,1.610991,0.7033171
0.6609987,-1.1665249,-0.511769,-0.32324478,0.40240258
0.38526845,-0.21556021,0.121238485,0.4857128,-0.42602226
-0.96862346,-0.70206094,-0.032580975,-0.6097272,0.09641868
0.20721985,-0.23863745,0.6169366,0.38986084,-0.059452884
0.06945669,-0.42838177,0.563035,-1.2462126,-0.22069131
0.49026603,0.50195885,0.18887731,0.029036999,-0.12904511
0.021272192,-0.28998327,-0.23273453,-0.73815227,0.51585025
0.19345535,0.11293647,-0.6944957,-0.34823003,-1.5456212
0.32007712,-0.07101236,-0.79630136,-0.26710933,0.21154468
1.0651412,-0.23570435,-0.045679666,0.2923849,-0.3229512
0.33983886,1.0151075,0.23894303,0.51617825,0.31495062
-0.08504518,-0.29528725,0.44265565,0.5852321,0.8882607
-0.75165796,-0.01787258,0.6116971,1.0077076,-0.27750993
0.29935426,-0.48970425,0.9585077,0.0372337,0.18040964
0.7749087,-0.71813375,-0.20766188,0.43318483,0.10060851
0.5021857,0.19441353,-0.44425768,0.9154763,0.41741976
0.65969557,-0.4912939,0.5415043,0.45690152,1.0998428
-0.7937771,0.4036639,-0.013764946,0.18677224,0.5222874
0.4260226,-0.74325955,0.23235494,0.072589904,0.46302518
0.5318682,0.5203248,0.801249,0.37630874,0.91951996
0.1655037,0.81464416,0.096239924,0.12040914,-0.5482087
0.92842215,0.9116383,-0.36431092,0.90991557,1.2258779
0.6375159,1.5330899,-0.20025174,0.3376151,-0.6278584
0.46883392,-0.5369473,0.16479081,-0.93028325,-0.67437524
0.44915965,-0.80856174,0.56816787,1.3406656,-1.7413278
0.42672074,-1.2934705,1.7856519,-0.35229144,0.6078725
-0.020668443,1.3021673,1.6146998,0.03243017,-0.36407018
0.19663778,-0.60929793,0.08033821,0.19213718,0.5785926
0.6761363,0.2483185,0.52900964,-0.43832085,0.53453755
-0.83886707,-0.29590678,-0.42477545,-0.056173846,0.82787406
0.01324962,0.69026554,-0.06673504,0.02960805,-0.27259207
0.20933706,-0.85765976,-0.65946156,0.46561977,0.009452132
-0.7978877,-0.49220073,0.31680882,1.0266219,-0.8114088
-0.49037415,0.37484446,0.14892805,1.0331752,1.524608
0.5394945,0.5546763,-0.9132267,0.0026107442,0.0017885286
0.22132412,-0.56129736,0.8961259,-0.38880557,-0.81835485
0.05793742,-0.5783867,1.0652317,1.268159,0.8845323
-0.8749791,-0.20864254,0.09797772,-0.8866282,0.53727996
1.3479838,0.34140512,-0.115604214,0.16398166,-0.67263365
-0.05319712,0.20029137,-1.1291624,0.11424556,-0.14719188
0.69248813,0.4015046,-0.61022574,0.29452723,1.1625543
1.2992525,-0.56889033,-0.41494226,0.71379906,-0.55629486
1.0219917,-0.76394695,0.19137429,-0.134712,0.61998653
0.9736904,-0.16018353,-0.057343274,0.28464293,1.1589309
0.49967358,0.22828296,-0.013752464,0.43408173,-0.18502386
-0.6226997,-0.4873786,1.3278697,1.4398177,-1.141203
0.17642309,-0.108970076,0.9604336,0.36486492,0.5974935
0.490783,-0.010425318,0.041661214,-1.0747949,0.68561924
0.69868004,-0.8489962,0.5687129,0.61066926,0.09202014
1.698283,0.6968373,-1.0107255,-1.0299524,-1.0764014
-0.14120789,0.40803733,0.6585385,-0.23609854,0.17889693
0.39544624,0.12381834,-0.18559046,0.107559755,0.92677236
1.5903672,1.2394305,-0.015139059,0.2297948,0.47880036
-0.99481755,-0.052073408,-0.35202795,-0.66611576,0.42203242
0.69523185,0.12177305,0.72759646,0.2548007,-0.49348173
0.8369447,-1.0428286,-0.44003987,0.58765316,0.43437293
-0.15183155,-0.33002773,0.02894925,1.5012511,0.5592713
0.14327633,0.15926121,0.33963948,0.39537156,0.3262753
0.66945153,0.28417048,-0.79869825,0.79425406,-1.0590936
0.68318707,0.19130684,0.34375802,0.4381953,-1.1925635
0.06774828,0.7467266,-0.22730611,1.1428107,-0.75251204
0.011011035,-0.21060975,0.22312674,0.18926299,0.10746725
0.68232924,-0.18717964,0.84048146,-1.6344028,0.014611084
0.58381236,0.7292843,-0.9502858,0.41464996,-0.33774868
-0.11664854,0.35962442,0.9053171,0.61667776,-0.3418327
0.7405272,-0.04548923,0.95805544,0.20965624,-1.1592796
-0.4841468,-0.2243778,0.63023025,0.56560713,0.27359292
0.80853415,-0.3246517,-1.0089759,1.2623087,-0.38705406
1.1384505,-1.1346343,-0.42702705,0.5732292,-0.46975967
0.11107435,-0.08548291,0.82191825,0.058868334,0.20567638
0.6056831,-1.022844,0.9621036,-1.5816197,-0.012294519
-0.12901165,-0.24457805,-0.79313296,-0.21299273,0.8693571
0.14217779,0.12480957,-0.07067353,0.27742535,0.2713503
0.3826814,-0.7262431,-0.290053,0.5280512,-0.5094268
1.2904581,-0.852981,-0.29625657,-0.039457813,-0.59207225
1.086069,-0.5493915,0.2583063,-0.25981513,-0.44807816
0.6252071,0.51789737,-0.55144864,0.008473689,-0.24195537
0.6498983,0.8432631,0.558628,0.5891704,-0.33737376
-0.69301486,0.41511518,0.6310008,-0.46029583,1.0332602
0.16597313,0.26161763,1.0183755,0.06530809,-0.54687095
0.55432326,-0.98086274,0.43741605,1.51041,-1.1783214
-0.2481335,-0.29755345,0.773074,0.38580343,0.0064601335
0.731414,0.22206324,0.17292064,0.8369275,-0.14667095
-0.6787134,0.07946997,0.7035467,0.697433,-0.24428374
0.3368804,0.0789983,0.0954863,-0.38164565,-0.53443086
0.49514562,-0.17029952,-0.74980724,0.952653,-0.8620165
0.53733665,-0.39321548,-0.26689214,-0.853809,0.56805724
0.6536947,0.9662124,-0.10845729,1.3695668,0.36206424
0.6759133,0.09585006,-0.19317666,0.26145172,-0.83502126
0.66520107,0.6376028,0.22675218,0.045936402,0.5373027
0.5308841,-0.2873759,-0.45076823,-0.8054173,0.5142429
0.7526867,-1.2065699,-0.17671193,0.05427775,0.31193888
0.7979304,-0.3062153,-0.30039388,-0.30419552,0.36811566
1.6093222,0.67079246,-0.59144247,0.3644001,-0.016468067
-0.99942416,-0.38985786,1.168734,0.9076064,-0.9778172
0.93825424,-0.081688926,-0.16633072,0.30103514,-0.5799857
-0.5235279,-0.67839694,0.41806424,0.090783276,0.61727077
-1.0043929,0.97191167,-1.0654169,0.744442,-0.2785926
0.5193596,0.34920573,0.11361809,-0.5446818,0.68048906
1.0945102,0.30550888,0.81136245,-0.34506404,0.5332565
-0.52476937,-0.75531375,1.6224602,-0.30289838,-0.6325422
1.2552187,-0.30456614,-0.28431174,0.6417923,1.6801057
1.1076311,-0.813768,0.34722126,-1.0468663,0.19031449
0.14837186,-0.56264395,0.88792765,0.04064201,1.0681567
0.07694432,-0.75150156,0.78920996,0.515652,-0.6555046
0.31772548,0.16744207,0.17035753,1.9825556,1.1565654
-0.22834197,-0.5054955,-0.16307575,-0.41957802,0.024378622
0.18282408,0.7424148,0.103180535,-0.7731486,0.24002531
-0.45979172,0.070349745,-0.46682313,0.81440175,0.38000482
0.5350768,-0.07360113,0.06724519,0.31494588,0.026106887
0.6313198,-0.06419652,0.48763794,0.12846246,0.4957335
0.07982758,1.5965114,0.4688842,-0.435368,0.72088796
0.6787194,1.253053,0.7624727,-0.09870833,-0.54962116
0.13275795,0.8764742,0.4487025,-1.7013814,0.23359762
0.17160544,0.012267502,0.84843963,-0.07487379,0.3687491
0.073946334,0.6112191,0.07345394,0.26018935,-0.26910082
-0.05363664,-1.4350957,0.3907285,-0.32421988,0.15624881
1.842351,-0.4784903,1.0932686,-0.70901716,-0.14753616
0.96148723,0.58196634,0.2704566,-0.050508916,0.9755058
-0.48318514,-0.73912424,1.0009956,0.62249655,0.3314593
0.8787683,0.87566215,0.13017757,-0.027675942,0.7341387
0.4387255,-0.42763734,-0.28763118,-0.10957483,-0.015449989
0.8939455,0.8240011,-0.56605357,0.24882121,-0.32007664
0.32467642,-0.35100752,-0.03870053,-0.9372139,0.7879794
-0.6094583,0.65628505,0.19077416,-0.5591391,0.43851766
0.18964712,0.80731815,1.9928643,0.000281258,-0.9216624
0.42664623,0.8411815,1.038341,0.64986175,-0.4422755
-0.41696447,-0.4994097,0.38691962,-0.10391105,-0.052782882
-0.741631,0.53770834,1.8689313,-0.63947153,0.37960345
0.23189881,1.1246225,-0.63262427,1.2565372,0.54833275
1.169517,0.60124856,0.072429605,-0.0035596078,-0.3148052
0.8435594,0.6874451,0.32892624,-0.9051404,-0.67090386
0.7297703,-0.87998456,-0.5200267,0.80569226,1.3608108
0.2554294,-0.43457916,-0.050717577,0.38385576,0.47192547
0.4279487,-0.87784153,0.47332194,-0.19456513,-0.049283847
-0.030075615,0.009446101,-0.55110335,0.07909771,-0.5760912
-1.3553978,-0.41622543,-0.11190682,0.67173225,-0.15971817
1.2230895,-0.0936118,0.5823221,0.4194983,-0.5034016
0.09739273,-0.22306158,-0.074363925,-0.13638514,0.20092255
-0.23104325,0.23502696,0.85435325,0.22775538,0.3695064
-0.2712111,0.50729007,0.8983068,0.6152312,1.5549319
-0.6578305,0.44676018,0.29440874,0.3218999,0.09154748
0.5873819,0.8659354,0.7326552,0.057589635,0.19236226
0.5530522,-0.036606904,0.57793975,-1.9321538,0.08759878
-0.111059725,-0.52610123,0.6714875,-0.8459418,0.15334265
0.87174296,-0.114418186,0.3331975,-0.22497931,-0.51700187
0.64812267,1.0329971,0.68171614,0.692623,-1.0643921
0.7130108,-0.123586684,0.8866505,0.110068016,0.086727396
0.31177378,0.4421863,-0.1849325,-0.10108953,0.25196707
0.9583878,0.19566648,-0.23489207,-0.08978847,0.029084219
0.3415423,0.20975325,0.76068944,-0.7161591,-0.08798362
0.2561494,0.356612,0.91182536,1.2808074,1.0920756
0.8501812,-1.3083014,-0.099717245,-0.8632193,-0.52859074
-0.004342549,-1.8663559,-0.43810365,-0.81967837,0.8764439
0.9915125,-0.23376821,0.41279715,0.4418481,0.06276255
0.28744972,0.42130777,-0.011711997,-0.0103170695,0.5334239
1.0059495,0.3236319,-0.08402874,-0.46168414,-0.25757834
-0.11780308,0.44786856,-0.11714737,0.23790705,0.70693874
0.5473809,-0.34698448,0.47164583,-0.8267371,0.56332123
0.1392413,0.5797639,0.83550143,-0.26387703,0.41669118
0.5861482,0.25672185,0.5199992,-0.49828106,-0.13183977
-0.002052108,-1.5405976,0.3013225,-0.682506,0.6918227
0.11137021,-0.55279803,1.245577,0.612146,-0.016157316
1.3108373,-0.62559,1.6096982,0.35637107,-1.3571799
1.5179634,0.4731721,-0.09200648,0.121140875,0.77550495
0.15361927,-0.5250334,-0.4543048,0.069317825,1.2559583
1.2670497,0.0077232965,-0.19170958,0.40793845,-0.16611385
0.44190025,-1.1267436,0.041135535,0.28856415,0.6350551
0.013802031,0.5486485,1.1707264,-0.045052815,1.2973677
0.6248586,0.09321152,0.1008363,0.4735137,0.21455832
1.1622101,0.2406845,0.31415838,0.13216469,-0.029190445
0.47436833,0.44050303,0.6935996,0.6599763,0.66970706
0.7162776,0.85962975,0.022930512,-0.4308013,1.4661413
0.850198,0.37067837,1.0001444,1.1596968,-0.35763642
-0.50310004,-0.005628293,0.55200684,0.17523035,0.3570832
-1.1729198,0.11071072,-0.37805188,0.21003966,2.1735675
0.9827762,-0.26980078,0.27014142,0.99975586,-0.43827394
0.50773954,-0.30859295,1.0841053,-0.20041032,0.35238877
-1.1758212,1.0300466,-0.60550916,0.05158225,1.6563357
0.17420632,0.19350077,1.1952609,0.36304128,0.760163
0.8422585,-0.58613944,0.6186588,-0.40502322,0.13537839
0.46137768,1.2006382,-0.2633536,-0.13969262,-0.5358214
0.39850494,-0.58879256,-0.48808992,1.404149,1.2817279
0.13828792,-0.4984783,-0.030839311,0.030654019,1.3186741
0.36641708,-0.12356373,0.4790842,-0.085008785,0.3526311
1.1253096,-0.32331297,0.2032884,-1.32552,0.21770321
0.27533922,0.33254153,0.4118556,-1.2841549,0.8340604
1.0491632,-0.60684764,-0.3872598,0.2653349,0.32274383
0.36314484,0.020320946,-0.56447625,-1.0756507,1.0482405
0.03728658,-1.5030134,0.56786627,0.74774355,-0.4915381
-0.026950143,-0.50974727,0.78293043,-0.053857513,-0.4233875
0.8647639,0.18962482,-0.50587976,0.3602409,1.0692227
0.43843588,1.237996,0.8831804,-1.3320072,-0.13234726
-0.58943594,-0.8121832,-0.55695873,0.13038129,-0.5596041
0.3859339,-0.11724462,-0.18170677,1.316152,-0.3018291
-0.4385021,-0.7665497,0.9984773,-0.05950306,0.46127808
0.29252675,0.5318043,1.1211928,1.0982056,-0.8098805
-1.414226,-0.47423443,0.38497517,1.1463898,0.70820177
0.66437936,0.52654177,0.050747287,-1.0824729,1.1968726
0.8398293,0.97860384,-0.27722287,-0.06110133,0.1007805
0.3215278,0.19658314,0.89127505,-0.72132885,-0.48173037
0.4973025,-0.4363965,0.23387869,1.7044481,0.21256472
0.72401804,-0.43885997,0.74857706,0.0033041928,-0.6569395
-0.59152496,-1.3374562,-0.39920717,0.68966806,0.100147195
0.7125245,-0.0031528326,-0.5048973,-0.02092751,0.6147586
-0.15331972,-0.35018155,0.93152183,-0.11096344,0.16461459
1.0310122,0.87625045,-0.6269625,-1.0863817,0.4287254
-0.4912711,1.267663,0.3350968,1.0020313,0.4453243
0.38945067,0.96307313,0.44888908,0.3328065,-0.6654772
0.4497227,0.23605867,-0.894619,0.57862896,-0.49018964
0.21845108,-0.1120631,-0.077140234,-0.50651306,0.3629823
0.16175072,0.42380694,-1.1191075,-0.9102034,0.9191369
0.21736105,-0.11458522,0.6318775,-0.48225704,0.7596791
0.4856716,-0.7290557,0.54532343,0.08865237,0.83400077
0.62686807,0.31438336,0.47965547,1.3199197,0.12147324
0.06141161,0.05897602,-0.90342367,0.03400969,-0.735601
0.39262193,-0.17469236,0.2537061,0.005092523,-0.020517122
-0.9856283,-0.6894803,0.39136764,-0.11217715,-0.8593482
0.83746207,-0.22680153,0.42034864,-1.8131063,-0.25040564
1.3003429,0.58411115,0.15070143,-0.47257936,0.5751381
0.299695,0.25299188,-0.8511664,-0.7878398,0.8972792
0.99121195,-0.28972024,-0.5869532,-0.8120563,0.26416916
-0.96841156,0.37574074,0.28531906,-0.39724717,1.5556976
-0.34609497,0.30776724,-0.3344813,0.46899766,1.1016115
1.0354779,-0.63199526,-0.4135829,-0.65179354,-0.21082532
-0.38014045,0.16304617,0.88896394,-0.04716943,-0.12248825
0.26226196,-0.6534177,-0.41999644,-0.1977621,-0.14020021
0.1509824,0.02993561,-0.076747045,0.03533681,-0.022196306
0.9794108,-0.8946327,-0.16879171,-0.6497698,0.025706334
1.1718725,-0.12708463,-0.44594708,0.4915027,0.8517439
0.38377833,0.24536861,1.3257244,1.1632,-0.39722037
0.30227068,-1.2346703,0.9957405,1.493209,0.53993696
-1.1085064,-1.3952665,1.2442001,0.5741878,0.30856323
0.48334745,-0.29830298,0.39415312,-0.1829957,-0.17655943
1.0966578,0.44672588,0.40059555,0.38303387,0.09980187
1.1150957,-1.2727686,0.14429949,0.17421833,0.43150398
0.49376294,-0.8858608,0.8021966,0.78078765,0.54522973
-1.6442131,-0.02974028,-0.01851456,0.62174916,0.17833382
1.7265784,-0.87188286,-0.44224554,-0.18637268,0.53358
0.7817571,0.27359924,-0.14741264,0.032907277,0.16263945
-0.27738282,-0.9526101,0.79118854,-0.05801775,0.3803914
0.09822952,-1.1133916,-0.06258947,0.6483481,0.8435369
0.58044815,0.5379413,-0.46570873,0.14247577,0.025422033
-0.11019211,1.1604782,-0.16056883,-0.1929286,0.40120855
-0.20810436,-0.61959314,0.4881259,0.49600357,0.5180567
0.49871588,0.48780894,0.6860063,-1.0482036,0.3630708
-0.6043344,0.24986006,1.3123205,0.502256,-0.22745624
1.1998665,0.12078892,1.2226614,0.12164927,-0.93502563
0.06369542,0.0784927,-0.51369643,0.4176635,0.9170994
0.6089673,-0.58972484,0.21110846,-0.9915503,0.46147558
-0.16215593,0.8738871,0.23000072,0.6912131,-0.62364614
0.3169531,0.2046902,0.058698833,-0.16469257,0.16250834
0.48430616,0.9481408,1.2410069,-0.28998962,-0.9945229
-0.45088735,0.028088124,1.6222508,-0.11272099,0.5090595
0.79106426,0.74385685,-0.24767356,-0.052068148,-0.33993575
-0.84266025,0.9359456,0.05652434,-0.32503402,-0.613554
0.6708712,0.002332091,-0.59533894,0.3185917,1.0555439
0.12473234,0.8245811,-0.08761925,-0.2661671,-0.71044576
0.76372176,-0.3523318,-0.508329,1.0588167,0.6144919
0.94668806,0.10111744,0.025981415,-0.26385346,0.1265298
0.9350336,-0.70176655,0.08781197,1.4067701,-1.5999416
-0.65713125,-1.3929117,-0.8120788,0.590817,0.48694286
0.3465066,0.84420896,0.14278656,0.83834076,-0.3002064
0.035562415,0.35506555,-0.024768451,-0.12858623,-0.75676966
0.015579092,0.11870161,0.31005672,0.44918764,-0.2194306
-0.17754944,-0.02637105,0.342501,-0.85846704,-0.117508054
0.55098087,0.6528748,-0.28637746,0.6659947,0.2649113
0.004122346,0.6468131,-0.54547566,-1.0318826,0.3012158
0.92006755,-0.12969957,0.41872737,-0.2013829,-0.9289769
0.62835044,0.41451943,0.9220974,0.25668973,-0.5941554
0.4179218,-0.10634915,-0.032584272,1.1431531,1.208971
-0.55948293,0.7062393,-0.16995016,-0.6873213,0.5111714
1.1988502,0.7713333,0.2904573,0.17895126,-0.26267445
1.3936249,1.1804608,0.72403806,0.12557496,0.018519878
0.4063992,-0.15399696,-0.9026319,0.64261234,0.2037872
1.2613052,0.8509896,-0.49851534,-0.55131084,0.36311823
0.6458115,0.20647919,0.46464214,0.2845679,-0.27992272
0.77001923,-0.20362818,0.34951717,-0.21624143,-0.07539295
1.5054513,-0.3065713,0.27350277,0.036466017,-0.39609787
0.7116898,-0.07695881,0.13151413,0.36059308,0.38829702
1.58263,0.10967163,-0.45884913,0.36228734,-0.8044703
1.013302,0.050070047,0.077845,0.12952936,0.5253399
0.92692536,-0.5264642,0.31938237,1.2707963,0.2858814
-1.1939825,1.0508534,0.6111977,-0.9923501,0.04668761
1.5709242,0.7863827,-0.17882058,0.11227852,-0.3153258
-1.4435565,-0.93903965,0.04333714,0.09471194,-0.9897622
1.5435394,-0.23522812,0.11282569,0.56697094,-0.9164834
0.26433492,0.11120033,-0.06278272,0.054849587,0.26909643
1.0046444,0.09981059,-0.32149354,-0.19768868,1.3899518
1.2823992,-0.22004631,-0.20265526,-0.14380889,-0.6351122
0.18018286,0.80597675,0.22112007,0.33434093,0.7575781
1.28315,0.3979361,0.6964747,-0.12157972,-0.30876493
1.5840979,0.27628356,0.33494732,0.89593977,0.48159984
1.3792062,-0.21786375,-0.017136775,-0.29058468,1.1736463
0.79767275,-0.014930018,-0.4327057,-0.7039197,-1.0010496
0.4051672,-0.30402133,-0.4060468,0.0014933358,-0.3377052
1.4409354,-0.017134927,0.015305888,0.7530616,-0.24127167
0.75011367,0.30174783,-0.4804044,0.6013738,-0.61221194
0.746429,-1.6435878,-0.2956563,-0.8856467,0.54282993
1.0102803,-0.34579518,-0.53479135,0.82943827,-0.5098931
0.9257115,-1.1167625,-0.6158942,0.98965925,0.69600934
1.46496,-0.2698585,-0.07221326,1.2015986,0.17719615
-0.53472954,1.0960274,0.97377646,-0.30018795,-0.08027864
1.8066065,1.3990291,1.5776471,-0.674968,-0.31638613
-0.47315288,-0.026556358,0.15845661,-0.0907951,-1.073788
0.0016394383,0.7374607,-0.034678422,0.22333507,1.260775
1.1510466,-0.095539555,-0.39425382,1.1858937,-0.8367332
0.045565497,1.2115717,-0.24141358,-0.033764575,1.1213925
0.90608585,-1.2931619,-0.7640962,-0.16376834,-0.62026185
0.19743495,0.16899504,-0.3514518,-0.65358084,0.5187379
1.3467008,1.1077557,-0.31228262,-0.6189625,-0.31301433
-0.28899175,0.14966632,0.06391678,-0.29312935,0.72026783
0.35538962,-0.7205237,-0.2997485,0.78187674,0.07081024
0.7440072,0.46632448,0.82761264,0.23076503,-0.26143453
0.21813442,-0.692138,1.1384717,0.07707986,-0.16844885
1.4589305,0.6837224,0.17859955,0.032935638,0.68946785
0.9288087,0.30815625,-0.4867712,-0.5605593,0.26848078
-0.34948936,0.09252274,-0.34741497,1.735135,1.0347407
0.18780012,0.17242835,-0.1537992,0.09257183,0.27458793
0.062187705,-0.0020864082,1.0663464,0.3762163,-0.43145356
0.01339084,0.28576887,-0.3451068,0.23819448,0.46569052
0.59652215,-0.6345,-0.5083672,0.43338796,0.65986603
0.6421192,-0.7048013,0.360128,0.3772616,-0.13532047
0.86458415,-0.47033042,-0.21783109,-0.4854354,-0.5290556
-0.054756522,0.4476062,-0.46083507,-0.21399073,0.6118396
0.9842486,-0.33340302,0.16058895,-0.6944721,0.36772162
0.30956945,0.17721525,-0.3400498,0.16798271,-0.01647839
1.1623914,-0.8478651,-0.49162263,-1.0509052,0.04229443
0.5484183,0.45214784,0.32853782,1.3171462,-0.8462762
1.613686,0.4899807,0.7550313,-0.3974821,0.8038829
1.1091764,0.8556543,-0.2545134,1.056244,0.18245278
0.29149905,-0.6337992,0.15039338,0.0581372,-0.020567138
0.5228031,0.65193737,0.9016147,0.046648905,0.028625846
0.63761586,-0.49815553,-0.44700846,0.33656964,-0.5202295
-0.3521876,-0.16480705,1.1724788,-0.9492145,0.83776426
0.9903176,-0.32637182,0.26899236,0.6141143,0.57266784
-0.32417578,0.11787916,1.4773668,0.16534407,-0.6248519
1.0935494,0.14811374,0.21631557,0.74465996,0.21433969
0.66192406,0.87336206,0.60045445,-0.2368585,0.019054368
-1.5426954,0.5106892,-0.25867555,-0.97435975,-0.86987615
0.6997214,0.37308136,0.048099086,0.2506278,-1.5642381
0.21695049,0.04624854,-0.27038872,-0.72863525,-0.8271368
0.55902284,0.7249507,0.46993196,-0.33377045,-0.36134893
0.23585366,-0.0901178,1.3771065,-0.19155008,-0.27425644
0.38230136,-0.9750655,0.78359735,1.3276831,-0.23888677
0.78937405,-0.71371216,0.49065903,-0.35749024,-0.65989083
0.39753264,0.33023414,-0.24182622,1.5287864,-0.23267673
0.35427177,0.13436788,0.09238208,-0.28958848,1.3548871
0.68306744,0.8749054,-0.020626545,-0.25745586,-0.19229648
-0.69777924,0.30650127,-0.69042194,0.9970216,1.0337391
1.7853614,0.44382152,-1.2406421,0.27028897,-0.64863986
1.3012687,1.0130454,0.020152548,-0.16770773,0.46285024
1.2660131,0.476508,0.8161833,-0.032599576,0.33711502
0.04906751,0.82268405,0.32036906,0.082234435,0.09297182
-0.26257268,-0.56946105,-0.3793377,-1.0637305,-0.890936
-0.28923,-0.2460668,-0.15093899,0.494481,-0.6576303
0.64666736,-0.4871888,0.9461359,0.456398,-0.023295196
0.81882215,0.14200675,0.15946548,0.56165904,0.4815195
0.15556662,0.5484338,0.22893332,-0.33400428,-0.8194656
0.5864382,0.0661517,-0.33415264,0.3504449,-0.7822016
0.5343144,0.56726176,0.2291975,0.7408683,1.2437392
0.50175494,0.07437035,-0.16965058,-1.0443307,-0.32688144
0.86982954,-0.76086515,1.386536,-0.7335787,-0.6454771
0.058528204,0.6470733,0.6895504,0.022779627,0.15495552
0.6008378,0.56239057,-0.08965085,1.4556526,0.46769345
-0.35093752,0.73788446,1.3461235,0.1717124,0.7068244
1.1623194,0.5998552,0.8286796,-1.4362729,-0.49232754
0.47991028,0.9184933,-0.23204616,0.24331391,-0.16668339
0.6304508,0.68734473,0.08385169,-0.6008513,-0.82097924
0.37805036,0.33609098,0.8238614,0.31268683,0.7805455
0.53535706,0.62738264,-0.14210863,0.5409354,-0.7641928
0.65681535,0.67024606,1.506132,0.34544843,0.60931975
0.34040824,-0.95562094,0.20919259,0.027264265,-0.015063601
0.6018798,-0.6552806,-0.08394441,1.471052,-0.6049101
-0.0449852,0.97298974,0.9303112,0.65894663,2.1864588
0.01751975,0.48069733,0.4245749,0.072804965,1.0944884
-0.5918211,0.009810501,-0.84208477,0.07137187,-0.52057153
0.07077652,-0.82422274,1.1010985,0.37910867,-0.12982608
0.4630973,0.109183274,1.0064626,-0.81649846,1.4845405
0.25214654,-0.36762163,-0.0036484692,-0.44162598,-0.42075306
0.52466744,-0.83146286,0.09875754,0.055086594,0.3396043
1.2151864,-0.25650764,-0.8835185,1.0715892,0.62768966
-0.3238637,0.35182628,-0.68375623,0.6149499,0.3719585
0.98158956,0.57920843,0.5738725,0.21181518,0.49139756
-0.5609773,0.73519105,0.111193456,-0.10498571,0.6631657
0.79157585,1.0153602,0.27252597,1.4785087,-0.63412744
-0.7843381,-0.037901573,0.47453395,-1.2088802,-0.19452152
0.27456066,0.10441022,0.60890555,0.7597564,0.6490686
0.46711874,-0.9997577,0.7290937,-0.34058726,0.33589855
0.8709577,1.036324,0.37469736,-0.32588565,1.408974
-0.28463587,0.013361946,-0.9830038,0.6132343,1.0072064
0.23528793,0.3534203,0.40143216,-0.16266829,1.5226499
0.64979565,-0.6929467,-0.01238773,0.6021737,-0.007027978
0.61744386,-0.8498359,0.63076735,0.30475718,-0.22468674
-0.19486035,-0.6706638,-0.8118535,0.09036985,-0.10704814
0.9018108,0.12209023,0.15863597,0.3034183,-1.0397102
-0.38702843,-0.35533318,0.09254905,0.61463696,0.30629736
0.20709103,-0.07399068,-0.96306217,0.54739803,-0.18370242
0.15690978,-1.0958414,0.8601113,0.39716464,0.18286873
0.76997995,0.8131139,-0.30315694,-0.10895457,-0.06716661
1.023362,0.64254516,-0.2297963,0.204575,0.40052444
1.2820711,1.275624,0.40399706,1.2296001,-0.65939045
0.06719661,-0.9216919,-0.49999285,0.27076823,0.9571163
1.8067359,0.33381695,-0.05172771,-0.0705724,-0.28759763
1.1772457,-0.91995597,-0.6357828,0.62104046,-0.18918332
0.13064031,-0.14857931,0.44576666,0.14700043,0.1798041
0.30183858,-0.96445835,-0.2467834,0.23134609,0.20640565
0.54655343,1.3137323,0.55838096,0.40213427,-0.15023561
0.55440444,-0.8254918,0.3678942,0.18806624,0.9441931
0.5235345,0.002051837,0.19159052,-0.534731,0.15242514
-0.27336004,0.14864923,0.52800864,1.5935537,1.0300076
0.6716051,0.32678533,1.1453764,-0.5044735,0.08593186
0.23394601,0.032236133,0.061103925,-0.838089,0.5933488
0.080121085,0.33716258,-0.14849854,0.38377237,0.38733447
0.31309843,-0.3418349,0.5047565,-0.063760355,1.0368632
0.36817658,0.112909704,-0.6726356,0.94404155,-0.82913333
0.026916282,-0.24337026,0.5577528,1.3475486,-0.4220462
0.7199252,-0.48390198,-0.060067024,0.9873923,0.1310266
-0.7711168,0.096481234,0.93749493,0.45341635,0.85292685
0.4614837,1.1456113,0.06749495,-0.016248988,-0.06315829
0.2666203,-0.9370156,-1.2571627,-0.23455587,-0.64868283
1.2106279,1.3824353,-0.6939138,0.19914472,0.050637834
0.2126229,0.37377164,0.5431095,0.34356877,0.23080832
0.8492698,0.08017526,-1.036294,-0.2966146,0.008572078
0.35560653,0.42534575,0.07039693,0.48430574,-0.122531906
0.92842,0.5238974,0.45825562,0.006831759,-0.56578195
0.9303807,-0.9172622,0.018849794,-0.13760695,0.5360938
0.6481778,-0.057381306,-0.007330064,-0.42786407,-0.9727492
-0.019585589,-0.9612485,1.1925296,-0.17275634,0.5448765
0.26046628,-0.64651084,0.67396617,0.1880709,-0.080978826
0.30846277,0.7977287,0.37510985,-0.18253863,0.7113418
0.2467538,0.023546468,0.8346316,0.60106254,0.36897293
-0.36282748,-0.3713434,0.04904389,0.37818664,0.8607762
1.7794989,0.77557266,1.4939609,-0.5837085,1.1575277
-0.16057013,0.13184464,0.8454769,0.34607896,1.0502056
-1.5064983,-1.181805,0.054102194,0.354057,-0.7255219
0.5443915,0.6515531,0.794455,-0.007833093,-0.66260165
1.1480802,0.46140942,0.71235466,0.11565445,-0.15534079
-0.59449464,-0.6654399,1.2411157,0.8752077,-0.3437196
0.75781053,-0.09597167,0.1330389,2.3449652,1.3220637
0.19474246,0.7593944,0.4312524,1.1069345,-0.26956254
0.07727024,0.5752775,-0.53953993,0.745164,-0.53729457
1.1753588,0.14564031,-0.39278546,0.26443085,0.9676347
-0.18539022,-0.040676046,-0.12347793,0.1932382,-0.014569264
-0.93412465,0.49619797,0.03285639,0.66913146,0.18216291
0.29073992,-0.06616012,0.15260206,-1.3745157,-0.9344511
0.8029477,0.19372073,0.433224,0.07490579,0.3163089
0.3427055,-0.22091344,0.1826115,-0.17773639,0.6942796
1.9675949,-0.04972723,-0.624557,0.72117037,-1.0593289
0.81946385,-0.19425999,0.10662841,0.18723261,-0.21508364
0.18274383,-0.06946347,-0.55376244,0.08654732,-0.2796749
1.3160899,0.25527683,0.0063230637,0.7810926,1.056742
0.56453675,0.65799534,0.44952628,0.2080651,-1.0406206
-0.2312523,-0.17203277,-1.3723544,-0.08625345,2.680435
0.25757045,0.040080655,-0.7058128,0.9771208,-0.6767997
0.16556804,0.26661903,-0.43687832,0.16486885,0.22697206
-0.18757585,1.5898572,0.2511074,0.8927935,0.06407684
0.31501758,0.17262203,1.2542776,0.07293415,-0.174254
1.8001915,0.009655074,-0.5586151,0.04843925,0.05374533
0.6637972,0.24313797,0.023369713,-0.78465873,-1.339105
2.4926403,0.48497093,0.00064456003,-0.007690282,-0.7406232
0.24712835,0.27768844,0.36265805,-0.048719283,0.756393
0.26624832,-0.04046019,0.26131552,0.019721616,-0.8030939
0.41062018,-0.25262505,0.45026043,0.026513612,1.0186051
0.40896454,-0.031210404,0.005492826,0.68594605,1.1145661
0.59280944,0.8475489,0.22372971,0.64086217,-0.68678385
0.40563512,-0.492819,-0.36009574,0.8555011,1.0129405
0.8626457,0.10789962,-0.1826234,1.7883427,-0.15717167
0.34489995,-0.43727234,0.5216329,0.15355535,0.109756164
0.9039504,0.5541844,0.17832202,0.48646355,0.26229483
0.47919872,0.07720566,0.61393553,0.6403747,0.23923554
1.0684519,0.28338325,-0.3648437,0.7000122,0.5856301
-0.14450236,-1.2305148,1.3426757,1.2040417,-0.13915113
0.7253993,-0.21588886,0.9266964,0.18722676,0.91871107
-0.34019923,-0.29870185,0.28685462,-1.256636,0.81681204
0.1961345,-0.3145208,-0.9133669,-1.6279331,1.2697451
0.44368628,0.3700937,-0.9451396,-0.052302852,-0.86160475
1.1426753,0.34898823,0.14966144,0.873306,0.6592719
0.046822265,0.17170914,-0.36778027,0.7642143,-0.4803502
0.6121877,0.5056514,0.016134977,-0.67923975,-0.10562932
0.74974704,0.34842786,0.55100405,-0.052194577,0.043845482
0.012543079,-0.33006155,-1.0904561,1.4708611,-0.43517122
0.64166325,0.122894846,-0.8463865,-1.805326,1.0892216
0.7227411,-1.2332872,-1.1169559,0.0030999216,-0.40000656
1.3049927,0.65836895,0.6331048,-0.25452104,0.3828477
0.9547925,0.31056607,0.1254333,-0.99720514,-0.19004422
0.10469541,-0.18676455,0.20577338,0.20695634,0.43247056
0.39913025,-1.0840153,-0.26445246,-0.83713424,0.6887936
0.8556816,-0.06891791,0.6604018,0.63891715,0.043404333
0.54466176,0.0069896826,0.2741456,0.11211515,0.67259204
0.6337891,0.4318967,0.13829379,-0.27609095,1.7105205
1.4322791,0.5818933,1.5383683,-0.057388257,0.17426029
0.0046000998,0.08803695,-0.42809835,-0.28312486,0.2442594
0.006763447,0.39196384,1.0006787,1.1681379,-0.73915166
0.9925894,0.3129569,-0.38007835,-0.1504428,0.32480484
0.5983383,-0.46239966,0.13421126,-0.42894465,0.24694441
-0.39865053,0.25969467,-0.3237983,-0.4977941,0.29648605
0.5660071,0.14336246,-0.19751912,-0.85763645,0.41403815
0.12322467,-0.07703808,0.51480675,0.9427818,0.3615473
-0.73847157,1.8810899,0.56860137,0.51117593,-0.5679929
1.1029816,0.5550004,-0.11012337,0.75191367,0.008691165
-0.57535744,0.58271325,0.8963941,0.8046335,-0.23156057
-0.21205482,-0.20897466,-0.4930299,0.052799962,0.24317554
-0.2551728,-1.4491043,0.30990562,0.5615844,-0.5262867
0.47763246,-0.35234106,-0.4254439,-0.36241442,-0.15682274
1.0356848,0.5094674,-0.6379061,0.12220757,0.8469871
0.033253238,-0.9493009,0.21277006,0.49715364,-0.15653192
0.41147956,-1.137555,-0.426415,-0.43956575,0.43030316
0.52562785,0.20247045,0.5845884,-0.0990291,-0.30991438
-0.97746545,0.027871653,1.9845889,1.3275558,0.51952875
0.8167592,0.47857428,0.85212255,-0.3949002,-0.35480076
1.2466446,1.6245642,0.24974833,0.44128388,-0.39836723
1.080153,0.16481848,-0.16586427,-0.6021351,0.18313953
0.08949209,0.5140351,0.5737899,-0.44704896,-0.16162623
-0.22212657,0.42122072,-0.44590455,0.97004765,1.533753
-0.11365527,1.2496672,-0.63393015,0.8623972,0.67583054
0.61545765,0.17710708,0.35908622,0.78196675,0.44777498
-0.075529784,1.0081589,0.660478,1.1744133,-1.2382728
0.47480965,-0.35462168,-0.023685846,-0.20735143,0.6341101
1.1874082,0.4268328,-0.37994802,0.43835577,0.23578143
0.1724571,-1.1194628,-0.24376404,-0.8564373,-0.26943573
-0.05390498,0.19418639,0.99870366,-0.4099199,0.17299215
-0.26144993,0.5124982,0.95668226,0.7164165,0.30482718
1.5166756,0.014082909,-0.10826182,0.94610995,1.5160666
-0.8496283,0.42121252,0.16638535,0.7469594,-0.28214058
0.42848614,0.0435024,0.4759367,-0.72275805,-0.18521838
0.28861055,0.7598356,1.5083243,0.008699983,1.270283
1.6886096,-0.10430636,-0.08429173,-1.1342186,1.203406
0.65684104,-0.44349763,0.57383084,0.7652088,0.6838509
1.5790253,0.032128837,0.97395635,1.0905726,0.99152774
0.36904588,0.299779,-0.8517735,0.48865083,1.0863826
0.050586563,0.71805006,0.42887625,0.39767325,0.36832327
0.94070476,-0.1187207,0.65371543,0.16928758,-0.045016546
0.78257406,-0.7833476,-0.13149366,-0.6793387,0.15255857
0.43031222,-0.18783,-0.7861855,0.541954,0.041759796
-0.8148398,0.6811627,0.5297161,-0.32838157,0.2836244
-0.28705806,-0.34305826,-0.2726404,-0.80164194,0.1821312
0.5323115,0.039407205,0.47751674,0.9649932,1.3452163
-0.0460948,0.96161234,-0.99755293,0.012270934,0.70412683
0.5227781,0.522324,-0.9811896,0.85488385,0.855129
0.35726738,-0.67621845,-0.24097288,0.7377721,0.4269458
1.0604541,-1.98459,0.10909822,-0.16204442,0.23097289
0.016418671,-1.213462,0.6543339,0.029002117,-0.8216665
-0.41126424,-1.3078756,0.15136473,0.23343363,-0.03270034
0.9590422,-1.1470567,-0.87162954,-1.4761063,-0.89329594
0.9976095,-1.043304,0.13829401,-2.0316794,-0.14774346
0.11568924,0.35999313,0.31690446,0.21436755,-0.74787784
0.5216228,0.30206984,-0.83790517,0.17977181,0.13013911
0.50460976,1.1534346,-0.05415166,0.9938372,1.4383752
0.7049212,-0.5005873,0.110257775,-0.03405061,0.06596954
0.74999493,0.2278638,1.3929117,0.8256971,-0.051064365
0.9534169,0.4635802,-0.07556472,0.33861288,0.71795094
0.29382056,0.4381908,0.004621173,0.22389966,-0.33147803
0.57331383,-1.0519906,0.42428723,0.49375936,0.6370055
1.1275451,-0.15455434,-0.4298595,1.4111285,0.5113531
0.707681,-0.21293022,-0.18927854,-0.4080328,0.65793085
0.11677529,0.6638908,0.23345472,-0.35618478,-0.34942266
-0.54298586,1.0794133,-0.36690348,0.30718547,0.73898727
-0.19170266,-1.057346,-0.49776858,-1.1243869,0.4330583
1.2119257,-1.513053,-0.32690507,0.44416606,0.5301468
-0.22460045,-0.41385382,0.17984663,-0.6608758,0.2732315
0.55062073,0.33795854,0.91781986,0.23120108,1.0785669
0.48241457,-0.47571382,0.9086619,0.054860547,0.8835601
0.24336335,-0.6482967,0.73794943,-0.06714641,-0.35055086
0.10999359,-0.40519607,0.33490124,-0.821417,0.38343093
0.31391242,-0.10488227,0.18088423,-0.5620049,0.9596159
0.5839086,0.35156038,0.99188864,0.24572997,-0.36456868
1.1205381,0.6013684,0.28614843,-1.635474,-1.5331537
1.1242753,1.1402904,-0.1357866,-1.0625672,0.21107097
1.3697793,0.26989362,-0.40958798,-0.5886251,1.7090333
1.075203,0.23322712,-0.049456105,-1.1772934,0.51631236
0.6208755,-0.2820942,-1.3739321,-0.2743281,-0.2519803
0.8030776,0.29556006,-0.3730108,-0.0022181822,-0.60742646
0.47107625,-0.4895344,1.0121447,-0.9442033,0.8762558
1.045127,0.5808726,-0.4987954,0.7867312,0.7524776
0.33480883,-0.58630943,0.38025662,-0.54168797,0.99815166
1.6698159,0.6683945,-0.14706042,0.23899262,0.2895222
0.43571758,-0.1637494,0.48471263,0.6761571,1.2356399
-0.18758504,-0.7310891,-0.43583837,0.124477744,0.4357825
-0.56729424,0.4505621,1.4834311,1.1130782,-0.85005283
0.4250211,-0.047537282,1.023372,0.5232395,0.64635366
0.3707289,-0.22582467,0.77007216,1.1240512,-0.7059265
-0.8898367,1.2390269,0.72797376,-0.28884763,0.52244365
-0.030791521,-0.9747095,0.3205156,0.23368752,1.8263034
0.30850372,0.85684025,0.7114885,-0.501429,0.6694747
1.5050219,-1.7747056,0.5794576,1.435055,-0.40675396
0.13951968,1.0032274,-0.99763626,-1.0515729,0.34846756
0.6591026,0.023434203,0.08294931,-0.92795587,0.6962122
0.97894496,0.10303828,1.0870543,0.7954684,-0.51189536
0.46772197,-0.19244497,-0.42380702,1.1599895,0.8214763
1.2567316,0.549924,-0.50300586,0.25914475,0.07532821
0.43041438,0.25741035,1.1023896,-0.002399627,0.25459832
-0.77772933,-0.19952565,-1.4160786,-0.016310979,0.38644865
0.6357207,-0.14739217,0.8308471,0.38354072,-0.09919279
-0.3812493,0.17651705,-0.1905588,0.54578805,0.37894863
0.6453036,0.97109264,1.0477813,0.726538,0.30150554
-0.10929628,-0.6023926,0.02744518,0.7637429,0.65001094
0.44688413,1.5469394,0.3789713,0.0716808,0.11902718
-0.62481165,0.71734875,-0.054964714,-0.0950251,0.030401414
0.34255356,0.12682627,0.1304125,0.73211086,0.9728991
0.08434731,-0.99958557,0.18593122,-0.08524349,-0.039314073
1.404819,0.86699116,0.027962545,-0.11091586,0.5444082
0.46549836,-0.6221798,0.33735883,-0.15786454,-1.4304357
0.77386373,-0.15629542,0.3937932,0.3783324,-1.5139265
0.7120738,-1.0862564,-1.8183008,-0.18856853,0.41478705
0.61534303,0.03914097,-0.42809165,1.0364317,0.32285056
1.1586438,0.4206909,1.4110746,2.0733082,0.04798486
1.2932397,-0.23827052,0.9234489,0.57900876,1.0601107
1.6894225,-0.4238768,0.04340616,-0.592377,0.78882456
-0.2086243,-1.2266977,0.62606996,-0.6055943,-0.449722
-0.058202032,0.58266616,1.9804621,1.2187437,-0.12788242
0.030770646,-0.15119198,0.37774304,0.16664012,-1.6481144
-0.42752615,0.35852256,0.6881751,0.41505828,0.08346128
0.6132336,-0.2420341,-1.0105486,0.7719132,0.72050434
0.71313995,0.017785706,-0.13576011,0.02258979,-0.18669514
-0.85269403,0.12571874,-0.19848548,-1.184631,0.5650108
-0.07289122,-1.0246289,-0.28705576,0.2796012,0.41280064
0.081805244,-0.40070316,-0.24658158,0.8714683,1.3383067
1.2917857,-0.009517778,0.95281357,-0.27032542,0.17354693
0.29752845,0.4851528,-0.075370215,-0.121995956,1.0370265
0.70149964,-0.37675893,-0.97370565,0.7389585,-0.28424272
0.38007128,0.1924525,0.21106006,0.22778524,0.22254944
-0.05622223,0.28755128,-0.06599037,-0.15300018,0.6151721
0.33847412,-0.18981214,-0.086628295,-0.29389328,-0.6519585
0.025399163,-0.024761409,0.23884003,-0.105228275,-1.5519767
-0.10092652,-0.1263466,-0.050623443,-0.09265258,-1.2516729
1.1341933,-0.21315435,-1.8360043,-0.041015975,0.19916019
0.41948384,0.14075617,0.25539076,-0.49434337,0.004609123
1.29108,0.24680205,0.40099114,-1.3497714,-0.07718041
1.5606662,-0.36176074,0.027702052,1.3787873,0.14801143
-0.18501832,-0.23265529,0.24438363,0.30013236,1.1281704
0.63247156,0.65197957,0.040330198,-0.25515693,-0.23281828
0.329985,-0.3931373,0.035310976,0.21914586,0.3366188
0.7038273,-0.36833686,-0.8287474,0.58465016,0.84896326
-0.6519547,1.1162096,-0.06570967,0.025881168,0.8539613
-0.07349031,-0.020400329,0.66749674,0.89467084,0.84549856
0.4216865,-1.1037594,1.0759671,-0.3235185,0.94028425
0.4524941,-0.47619528,0.15933894,0.8704941,0.9070571
0.7590726,0.46628067,-1.3271456,-0.32415304,-0.9440987
0.40203753,0.18813619,-0.83220774,0.21879828,0.5689653
-0.01889585,-0.76412314,0.51190287,0.54390055,0.45445466
1.141756,0.16033374,-0.07873605,0.688988,1.4301054
0.048385,0.19265649,0.5123966,-0.26289168,0.4367747
0.55028516,-0.02026326,-0.6260223,-0.16452138,0.005129553
0.18500751,0.16975553,-0.63749474,-0.43823427,1.398463
0.0762154,1.0835714,-0.072984196,0.640796,0.3564853
-0.013946891,0.00766344,0.9134719,0.25036618,0.31301352
-0.017992849,-0.1358989,0.36914805,0.5799195,1.1329682
-0.8124921,-0.029365849,-1.2331363,-0.030145636,1.2093577
-0.001105916,0.19940706,-0.54970986,-0.48066524,0.4208391
-1.0655783,0.44267243,0.97121036,-0.60624707,-0.30521905
0.4120192,0.8341775,-1.0450333,0.28114226,0.32025352
0.82096237,0.16060433,-1.0275232,0.17890832,0.26092005
0.9805011,0.121237986,1.0197012,0.78771895,0.093146175
-0.44788098,-0.86056274,-0.49322298,0.523918,0.02968003
1.3309544,0.037982337,-0.4268738,0.6527733,0.9601021
0.21853958,0.67581993,-0.5771042,0.5042909,1.1545864
0.069150016,1.3917792,-0.10300064,-0.13041784,-0.14151159
0.48972896,0.6954387,-1.0051502,0.8046256,0.5032082
1.1902223,0.43648162,-0.24990804,0.926354,0.16353233
-0.63125163,0.13125023,-0.049526427,0.35727072,-0.48064917
1.7486558,-1.0438111,1.3298751,1.0158391,0.50480944
0.51167256,-0.8579723,-1.6680686,1.0214598,0.85567087
0.41438976,-0.3414308,-0.030772757,-0.55967426,0.7069778
0.49913332,0.13375098,0.70081514,0.34474775,-0.21427363
-1.0502446,-0.6468857,-0.17183144,-0.08118892,0.24313909
1.1650326,1.221071,1.1473385,-0.2318658,-0.28977528
0.5774135,-0.3629082,0.15888387,0.708717,-0.2862702
0.0711737,-0.3135058,0.96456444,1.337112,-1.0458442
0.7056124,0.74943453,0.08895052,-0.41895774,-0.93781555
-0.12040041,0.29620138,0.17517036,-0.36279705,0.07323777
0.020911636,-0.11866388,1.1443156,-1.2863779,0.939042
1.576743,0.8614729,-0.33077165,0.71742105,0.5395273
0.036645826,0.29934505,1.4602393,-0.5063019,0.08505131
0.60907304,-0.28412226,0.8907807,0.7008704,1.2462072
-0.24244502,-1.2592404,-0.014506464,1.0981603,-0.36759925
1.1190524,0.6958881,-0.09337084,-0.59480727,0.7156792
0.90373945,-0.6285389,0.5928783,0.85911214,0.83623886
0.20299242,-1.0178757,1.0012858,-0.16128471,-0.0281983
0.16529784,-0.39338797,0.17740534,-0.44536754,0.35486305
0.0043527777,0.70939326,0.024999736,-0.92288274,0.97714865
0.8634433,0.77203983,0.15174761,1.4509528,0.19647604
0.90605795,-0.4315757,-0.20347212,-0.40904668,0.2907041
0.99281925,-0.5458787,1.1392272,-1.0838392,0.21974671
1.1781679,0.1571493,-0.13653153,1.3041099,-0.38541046
-0.17166047,0.24386293,1.186604,-0.6555784,-0.002009631
-0.12814857,-1.2322992,0.20042732,0.7851146,-0.16873413
0.31738007,0.2417286,0.17166433,0.46730298,0.60332775
0.22321236,0.36057928,0.1801603,0.9935602,1.1664667
0.44231933,-1.0377991,0.6941347,-1.0417137,1.3059235
1.014664,-0.19859701,-0.29449302,0.59812874,0.8469556
0.5665267,0.553428,-0.21950811,-0.05854028,-0.12398156
1.4581256,1.249744,0.18646272,0.049244985,0.120990984
-0.06623901,0.20188868,1.3900708,-0.067827776,-0.3201417
0.9926354,2.2368271,-0.7070149,-0.20389292,-2.1586142
0.39328837,1.6660185,-0.46101385,0.22006059,-0.20355198
0.68951744,-1.0219551,-0.6423261,0.13376416,-0.09459941
1.4190863,0.081334494,-1.1530517,0.5796994,0.0070464094
0.7169383,-0.08328654,-0.35112438,0.36697128,0.5009358
-0.073712796,0.03642245,-1.2143927,-0.052187182,1.4856782
-0.032114647,0.49911195,1.2245531,-0.32335332,0.41424492
0.9696171,-0.7393878,0.069748655,-0.1393096,0.62066543
0.9065416,-0.3794994,0.327191,-1.2410595,0.719166
1.4035282,-0.67563504,-1.0148858,-0.07458089,0.3887405
0.34231028,0.09808747,0.04286864,-0.816743,0.2775608
-0.25872523,-0.001572128,0.7237015,0.595411,1.2071348
0.054441907,1.0656579,-0.75884575,0.8464754,0.6876203
0.46159118,0.05371198,-0.13769872,0.9282202,-1.1726543
1.7175583,0.5465364,0.18824317,0.13781637,0.78372914
-0.9576057,-0.5950147,0.42002094,-0.1682587,0.15798889
-0.14066307,-0.08088168,-0.2891897,0.61395985,0.36622187
0.106895946,0.46493408,0.3895311,1.1604184,-0.088877596
1.2837143,0.3612211,0.37025926,0.7500317,-0.15270269
0.61476105,1.2257164,-0.22682557,0.71380544,0.12831554
-0.42711875,0.49886802,0.059729297,-0.89194643,0.9560883
0.31864583,0.6083843,1.5999545,0.17014545,-0.80383193
0.073595144,0.57585585,1.1817292,0.36985758,-0.19220045
1.0151511,0.035970435,0.26934773,1.225751,0.49411622
-0.43086103,0.011627288,0.09148878,0.7459882,-0.5048474
-0.53729594,-0.07839386,-0.1290403,-0.66389304,1.1506703
0.51799685,0.5528041,0.15171742,0.17889151,0.063516736
0.8536593,0.89991236,0.54730666,0.8829165,0.11647057
0.05698354,-0.122194596,0.23943321,0.13624148,0.9928577
1.3369265,-0.3758025,-0.14346443,-1.0002289,0.866479
0.5000887,0.40482962,0.69634765,0.92734945,1.1676822
-0.048762754,0.67793715,1.1599762,-0.15849434,0.6487072
0.64487076,0.48727143,0.9199508,0.22586426,-1.1377172
0.63273835,1.607095,-0.1702358,0.876336,0.67778504
0.8646975,0.59911096,-0.049373284,1.7065241,0.14631668
0.52103436,-0.13557154,-0.5633339,-0.20748992,0.8923767
0.95491886,-0.6768014,-1.9072248,0.17710114,0.49312136
-0.055279955,0.26784334,-1.0958796,0.23437038,0.5552872
0.22047481,-0.50326765,0.72398156,-0.36969295,0.28105757
0.38919866,-0.34323248,0.55763113,1.4090221,0.15703863
-0.3257295,0.03176217,0.20662019,1.7638514,1.1405945
0.1499623,0.3727183,-0.361455,1.5699655,0.1355405
0.07343324,-0.7920739,0.24918824,0.62638575,0.40788066
-0.41380978,0.7900248,0.22507095,0.6111472,-0.14193296
0.64434695,-0.73980033,1.0489242,0.11809207,0.3548475
0.8736658,-0.36040962,0.43079445,-0.088909455,0.3942409
1.357435,0.023681512,-0.08322536,1.0332351,0.2773854
-0.99722046,0.095413946,-0.25420198,-0.16019845,0.57112366
0.606096,0.3513523,0.36730078,0.18496764,-0.23256302
1.6461935,-0.15765318,-0.46744728,-0.3534329,0.7853546
0.24373007,0.26170078,0.44752136,-0.81519973,0.19363292
0.42017972,0.5309474,0.8929997,0.37836224,0.47692537
-0.62079936,1.2233808,0.28180698,-0.9947357,-0.262144
0.6107261,-0.5838335,0.30893517,0.39328203,0.11551093
-0.9725723,-0.60444003,-0.5792074,-0.6081591,0.7586972
1.4676752,0.6634463,0.08265441,1.4057012,-0.8513192
1.2747906,0.16921303,0.6490635,-0.11768389,0.1077433
-0.24639511,0.38570568,0.15364848,-0.28406847,-0.02118909
1.275388,0.02422275,0.18152079,0.08720596,0.6476409
-0.40838847,1.1009161,1.0301863,-0.3578599,0.16014847
0.688077,1.0076691,0.6843195,1.3254936,-0.47814214
0.19904274,0.3681408,1.2423772,1.0384847,-0.5410421
1.8356365,-0.6133401,-0.32204458,-0.532741,-0.6883281
-1.2477478,-0.15312281,1.1054832,0.77793115,1.1728797
0.56060416,0.3646599,0.4874585,0.83000314,-0.113527164
1.0438488,-0.5740447,-0.60688764,-0.10280531,-0.12978101
0.012103457,-0.12254329,0.97908956,0.3410542,0.8459904
0.4688116,0.9625034,-0.22683996,1.0790651,-0.6277604
0.04557081,-0.048259158,-0.87972903,-0.5553216,1.0105728
0.40317374,-1.7223804,-0.11074105,-0.38854992,0.64019346
0.0138357,0.09338337,0.42527458,0.7924689,-0.43152547
0.4755115,0.18440121,0.79849964,0.3564307,0.4760489
-0.078169174,0.22513345,-0.22803317,-0.6428676,0.113807656
-0.10071616,0.32756832,1.6721095,0.3677885,1.8958759
0.7994975,-0.9278649,0.2729924,0.04692965,-0.46723452
0.14861988,0.07486129,0.23926102,1.0269108,0.69634867
0.64638376,-0.4991739,0.8780765,-0.21187358,0.110486805
0.5528753,-0.36532676,0.355203,0.56414765,0.9433883
0.44858846,-0.21203734,-0.6065846,-0.1687794,0.49411184
0.046633657,0.28342068,-0.7745302,0.08868405,0.3781183
-1.5512099,-0.9167667,0.80776453,-0.2169365,-0.22499152
-0.14083685,-0.5506438,-0.06482084,-0.7021196,0.028633755
0.92820376,-0.86332005,0.62924916,0.5205497,-0.51958275
0.7560185,-0.5862011,-0.27434826,-0.35100678,0.68534505
0.38032594,-0.8359264,0.56247985,-0.5217275,0.8180183
0.32403573,-0.77514213,0.17390312,-0.14616825,1.1514139
-0.23770358,-0.08455523,0.12631781,-0.2780722,0.34591213
0.072922684,-0.048267365,0.73081136,0.28583106,0.33185872
-0.40796602,-1.1691439,-0.60067225,0.6484552,-0.8344643
0.06405581,0.2915218,-1.3744181,0.33842185,-0.5799944
1.1060678,0.025400463,-0.20687951,0.29666153,0.64612293
-1.1073526,-0.32980153,-0.33199748,0.19473453,0.7004927
0.74661064,-0.17130204,0.030068459,-0.4760912,-0.5070632
-0.3801044,-0.5147082,-1.1596649,0.1672181,0.44712994
0.2969559,-1.0363487,1.5998002,-0.11366342,0.060702324
-0.06587834,0.35555634,0.7822674,-0.9432312,0.73119044
0.5975338,-0.06750602,0.43046966,-0.46217826,-0.40922517
0.490796,-0.98822606,-0.14387749,0.24308755,-0.25597113
0.9390554,-0.37701538,-0.4886667,-0.7449522,0.9659009
0.5501507,-0.26008952,0.018380357,-0.35252652,-0.47797558
0.56833994,0.96144617,-0.14723076,-0.17389818,1.159583
0.54287887,0.21017464,-0.61828357,0.84544885,0.10658998
1.0660423,0.6031112,0.0941714,-1.2642481,0.6306491
0.7217653,0.8237384,-0.07018787,0.96334517,0.12935969
0.70532554,-0.08437314,0.3456336,1.0495034,0.22280213
0.9908425,0.82952464,1.2258306,-0.00078073656,0.49294415
-0.3367599,0.34637874,0.5100456,-0.6185553,0.1742037
1.3756179,-1.0407138,-0.49822947,1.2979285,0.35264933
0.58152795,0.10095667,0.4586692,0.20730154,-1.115087
1.0830822,1.163949,0.24516313,0.7043624,0.7849521
-0.33340418,0.25535974,1.0045831,-0.6552621,0.0054072314
0.853905,-0.05364622,0.36644968,0.53745824,-0.44334894
-0.27863148,0.42941406,1.3794028,1.0989823,-0.06599235
0.5989861,0.1750794,0.3080385,1.0709088,-0.44161084
0.6629011,-2.0033529,0.47784492,0.9532269,-0.30493873
0.5049926,-1.2877932,0.22370917,0.6949874,0.28850588
0.5076985,-0.82980216,0.20371763,-0.18387006,0.48478192
-0.8490063,-0.2671924,1.173847,0.0035342043,-0.83382726
1.1840417,0.61341584,-0.35671213,0.75889236,0.722775
-1.0055771,-0.3100093,-0.16870312,0.5581282,-0.6402986
-0.38487026,0.094213,-1.0831507,-0.19185945,0.8541719
1.2135112,-0.033632703,-0.45760155,1.1197033,1.0642147
1.1896234,-1.0516942,0.050271887,0.5119472,-0.3306615
0.61854696,1.03272,0.78170455,-0.30454218,0.32027608
0.41351777,-0.3544654,0.4661855,0.96272707,0.1734812
-0.95251906,-0.68399054,0.13754883,-0.109154895,0.70289886
0.6634147,-0.81512743,-1.1420538,2.0409935,0.36588264
-0.114922084,0.4871502,1.2009485,-0.12817162,0.22047669
0.86948895,0.30215725,-0.08613716,-1.2693549,0.08220377
1.7286667,0.21083903,-0.084039256,-0.73235625,0.21428186
-0.16780901,-0.24619009,1.4550945,0.43694448,0.047822673
0.7816104,-0.2675519,0.5241317,0.9856482,0.14212827
-0.029043796,-0.5358946,0.15386821,-0.83277893,-0.0074799843
0.2999508,-0.6970671,-0.34649292,1.5682613,0.14443526
0.8594468,0.08560461,1.3360128,0.37390453,-1.2979575
-0.5425703,1.4649156,0.7944351,1.1533897,1.5169904
0.6850496,-0.66401076,-0.8061381,0.39709938,0.24777833
1.0481509,-0.74326336,0.37048355,0.42379436,0.28152996
1.1016132,0.34729472,0.632879,-0.23827267,0.76327384
0.614923,0.10669327,0.030213999,0.48662075,0.64930165
-0.5952252,0.5366088,0.0461416,-0.3255327,0.48891857
0.5146793,-0.27217594,0.12594,-0.12999508,-0.56275153
1.3680788,0.16661899,-0.996401,-1.2528712,0.5152009
0.8125453,-0.8294172,-0.21507996,0.19425586,-0.19049007
-0.20465194,1.4840173,-0.92790246,-0.2013898,-0.7513002
0.7872147,0.61124045,-0.33407098,0.3853315,-0.4633251
-0.88082176,1.3511393,-0.43427008,0.7081038,-0.9900926
1.060534,0.10555551,-0.027972143,-0.5120441,-0.442229
1.2235254,-0.2018235,-1.3264277,0.36272764,0.68428093
1.1277572,-0.5396744,0.43824542,0.60086966,0.13918108
0.24021119,0.66824025,-0.36174163,0.054798197,0.05286251
-0.22594951,0.15784748,0.9193565,-0.22171164,0.248383
-0.5409517,-0.9261287,-0.37607068,-0.34595835,-0.22704682
-0.33589393,-0.65316176,0.46397728,-0.22464748,0.3237286
0.62703454,-0.46848828,1.2427944,0.3282776,0.59310305
0.74345857,-0.69107443,-0.726483,0.8947336,0.49489835
-0.20493625,0.68880177,0.12686078,-0.060967945,0.7272684
0.7992463,1.0487905,0.03278547,1.2260436,0.94752383
0.67618096,-0.22612977,0.5148843,-0.22185382,0.22672626
0.6118775,-0.5721866,0.38205603,0.50830966,-0.25919983
-0.5167952,0.026241053,-0.12035085,0.7003668,-0.07197721
0.19690408,0.43225902,-0.20699619,-0.5753491,0.89841086
-0.16543855,0.24883978,-0.41739357,0.7033197,0.73641676
0.840605,0.3549519,0.2527304,-0.39241183,-0.7246105
0.8660216,-1.2141964,0.2050071,-0.66532993,-1.0681099
0.25615394,-0.27249986,-0.4621961,0.02019726,0.70726806
0.9690678,0.40478444,-0.5704739,0.34709376,-0.7097015
0.18771595,-0.86831486,-0.64682245,0.2710304,0.45003855
0.229012,-1.0300604,1.0860018,0.021259245,-0.16487955
0.8936371,0.19620006,0.57018334,0.7346446,0.99345046
-0.19970997,0.7260186,0.2979563,0.30671564,-0.16633873
-0.47410706,0.69536394,0.89612436,0.3143516,1.0960442
-0.5341298,-0.7171472,2.0835848,0.5440636,0.17068307
0.19980133,-1.0971025,0.14087932,0.11808739,2.1086936
0.5680147,0.30370015,-0.19224639,-0.8364596,0.099523485
0.12587486,0.10073187,-0.47875926,-0.22502239,0.9433708
0.6648279,0.42502758,0.52948856,0.97408754,0.23782466
0.61498606,-0.14268604,-0.0048611113,1.1075921,0.093409024
-0.08537582,-0.74514574,0.51452446,-0.37076148,1.9023638
1.0505573,0.58161104,-0.043084756,0.83768874,0.24432185
-0.5326648,1.796884,1.1686795,-0.47346547,-1.0628302
0.72499424,-0.25021237,1.3358335,1.0946976,-1.4832616
0.42594174,0.044855263,-0.8976827,-0.36251852,0.47016007
0.45699036,-0.5189046,0.45583257,0.19248106,-0.9574003
0.41591823,-0.72709954,0.30884346,0.08325516,-0.2445395
0.6090096,-0.2673613,-0.31450444,-0.00014343689,1.7780384
0.7386199,0.88825035,-0.502056,0.5582972,0.16503914
0.37667954,-0.20740621,0.33376637,-0.5051284,0.5586721
0.14522906,-0.35649753,-0.046733897,-0.20211321,0.013533857
0.36468813,-0.6240149,-0.9161709,-0.5972945,1.2363831
1.2257103,0.6514121,0.8150142,0.23612359,0.029777277
0.72421795,-0.38366786,0.87494427,0.81544435,-0.37226656
0.12636624,1.3194144,0.02778601,0.9422516,0.8309906
-0.14910297,-1.5525287,1.4992288,-0.26282033,-0.93062866
0.6714419,-0.5443602,0.15927355,-0.015231114,0.3994871
0.37473187,-0.61804986,-0.091370046,0.45834658,0.47252488
0.50940835,0.34103256,0.2024433,-0.60886586,0.28326142
0.956573,-0.6555777,-0.36184186,0.7308429,-0.64573383
1.2635366,0.38870698,-0.3665423,0.592395,-0.6478012
-0.072680965,-0.0776351,-0.33202347,-0.4675814,0.73927593
1.0964744,-0.07579885,-0.8215811,0.122322544,-0.35014147
-0.72985107,-0.6173423,-0.1487763,-0.6492226,0.78011143
0.63949126,0.38568607,-0.5166185,0.061858363,-0.0011859435
0.7723912,0.3054192,0.36236182,-0.020124808,-0.78821206
-0.100914545,-0.26099107,0.4132949,0.94788414,0.23496497
0.46489656,0.40247133,-1.2318827,0.033254907,1.2258826
0.60581034,-0.31631553,-0.18739098,0.57786113,-0.27347896
0.7128041,0.5707518,0.6128619,0.21016102,0.3833339
-0.14312038,-0.6329184,0.7269334,0.8914885,0.16782053
0.44583127,-0.24912077,0.16105469,0.17026857,0.66186076
0.9097468,0.5904504,-0.49603868,-0.29756287,-0.14106481
0.46411216,-0.3079863,0.54250604,0.4582358,-0.01310168
-0.5292271,-0.6229731,0.4674591,0.87547344,0.269689
-1.4885144,-0.5471527,0.20657504,0.89271647,0.059027713
0.26694107,1.2059352,0.36525127,0.119187064,0.93081117
0.8478481,0.38379014,1.1032017,0.18197833,-0.47645
-0.05550255,0.7710622,0.49398765,2.0658262,-0.0078716315
0.0017279673,-0.029827837,0.083811596,-0.08670368,0.3128093
0.7286891,-0.25329062,1.0686661,-0.51357096,-1.2890092
0.73522747,0.35511258,1.1453148,-0.5330186,-0.114034474
0.3705337,-0.6823563,1.1239276,-0.34560236,0.36483645
0.8970525,0.618528,0.68832225,1.0056809,-0.07635005
0.6897617,0.43439266,0.026834527,1.390455,0.7962502
1.0851526,-0.74388206,-0.6942657,0.7647818,0.2422137
0.3052967,0.47982907,-0.45531923,0.9034314,0.28927258
0.6220295,-0.587455,1.8406291,-0.72268534,0.060069848
0.64216155,-0.17518216,-0.42589232,0.05101702,-0.47263515
0.39474058,0.16155365,-1.6372801,0.5567414,-0.21119176
0.80314124,0.20331462,0.07663728,0.41780385,-0.33222416
0.533383,-0.14511245,1.0194347,0.49451295,-0.64599186
0.5306716,0.75507313,0.20069031,-1.6901133,0.07942183
0.18591182,-0.30013216,0.7888028,0.47375897,-1.1736766
0.29598704,0.75405335,-0.18337421,-0.1534476,0.15496542
0.2863737,0.8323894,0.511235,-0.3035769,0.43990412
1.0796944,0.35362625,0.5069749,-0.11072421,0.75469065
-0.09942308,1.5487219,0.6452737,0.6077412,1.6179885
0.43717158,0.99645543,-0.07117847,0.8748793,0.02170231
0.6911837,0.30531684,-1.1717546,-0.42847368,0.5793989
-0.030259598,0.7069538,0.8061406,-0.12248134,0.5596452
-0.40894073,-0.34330532,1.5258976,-0.34695914,0.08196082
0.04016591,-1.1156411,0.4349405,0.3666846,0.68808293
1.3519983,-0.21004303,-0.22009128,0.27564016,-0.45362794
0.25381187,-0.35909653,-0.46852267,-0.2565016,0.6342288
0.9288947,0.26765507,0.07327882,-0.11595626,0.16060784
-0.11254557,0.09955469,-1.0255991,1.0290325,0.43478903
0.7956522,1.342075,0.31922397,-0.4993158,-0.4791554
-0.3128334,-0.54077935,0.2573967,-0.5304474,-0.85987306
1.1821543,1.5182716,1.2258881,0.002422963,-0.12971836
1.8533401,0.2252882,-0.17961401,0.05034934,0.11910424
0.1373642,-0.44632336,0.0066319546,-0.79208565,-0.18137258
0.17967795,-0.22872432,0.41443098,-0.795792,0.14787799
0.46826357,0.123030014,0.5562358,-0.99552554,0.6999931
-0.79888266,0.28974628,-0.8443282,0.19246057,0.83776087
-0.8678001,-0.50141966,0.13895531,0.4931187,0.25413486
0.416427,-0.294872,0.80054915,0.51021653,0.6459674
0.7950563,0.044493403,-0.03998417,0.14891607,-0.37435997
0.010061733,-2.0704758,0.23399153,0.81744665,0.30372697
0.5479392,-0.44051862,0.96727073,0.07658242,0.65378684
0.33043393,-0.43182516,1.3954899,0.8279049,-0.17469709
-0.10585805,0.56391776,0.9239494,0.275646,0.4368645
0.61337847,-0.9214362,0.08497014,1.2223372,0.4245359
0.46610388,-0.6403117,-0.6462654,-0.38395596,-0.12917915
0.41029847,0.089368664,-0.51792586,0.40375206,1.2546228
1.7511988,-0.12680165,0.91612226,0.021564584,-1.5697094
0.33068234,1.2060635,0.29102305,0.31166905,0.4380303
0.07796742,-0.31640205,0.010695171,-1.2336078,0.6339052
2.0802681,-0.64463574,-0.36692348,0.65594465,-0.032584768
0.2613194,0.35016617,0.97660667,-0.6667954,-0.05548495
0.46768972,0.39321333,0.98810834,0.2490154,0.31575736
-0.05296787,-0.67285395,-0.24309647,-0.2925146,0.86349034
0.6912201,-0.5290524,1.0705911,-0.4298056,0.6084533
-0.2544016,0.6447032,0.3689491,-0.23818995,-0.47279033
0.61467224,0.04757714,0.8993205,-0.62301487,-0.5576189
-0.13353233,0.24660243,0.61312616,0.6856076,-0.36290678
0.85930604,-0.5727899,-0.60393137,0.73258466,-0.05323831
0.25350058,-0.8764958,0.54720503,1.3153145,0.27384508
-0.06691639,-0.4350636,0.9400165,1.0808913,0.44089022
-0.6895685,-1.1834915,0.4425561,0.18535617,0.4571217
0.72166264,-0.5718145,1.0680524,-0.63409334,-1.1339909
-0.049907185,-1.0123799,1.606405,0.6421953,0.3421889
-0.16987443,-0.45165518,-0.16148344,-0.43710253,1.3434603
-1.1823713,-0.26908264,0.023768447,0.21084893,0.33421072
0.3569328,0.611601,0.9596684,1.5945754,0.28991216
-0.22619258,0.73326385,1.0669833,0.45714357,0.64159334
0.19141448,-0.7426955,0.6504743,-0.22981079,-0.21458486
0.25523826,0.7443908,1.1662776,0.50996906,-0.23529261
0.26000458,-1.1669334,1.3050679,0.48240626,-0.4688082
0.20797911,0.26327074,0.27565563,-0.19738881,0.32609886
1.9292043,-0.50204694,0.59625685,-0.3407287,-0.016912328
1.17852,-1.3302795,-0.19675624,-0.5470535,0.30671224
0.66286993,-0.30589488,0.41846675,1.0703276,1.4804392
-0.13547294,0.115752034,0.54560304,-0.44910178,0.5955623
1.0575866,-0.18208855,-0.12981498,0.20900069,-0.41680548
-0.070766434,-0.40079644,0.10438105,1.4980314,1.6267184
1.0642166,-0.1885141,-0.6811201,0.11885234,1.1479567
-0.17222731,-0.14898008,0.09211534,-0.85576844,-0.28504542
0.42157933,0.49432343,-0.82721364,-0.6209839,-0.37867978
0.73530287,-0.63985366,0.8073678,-0.2593482,0.6720728
0.4265884,-1.1512699,0.93406844,1.0630385,0.21364889
1.0391767,-0.26828432,0.16786449,-0.38319024,0.022121547
1.4248742,-0.089692295,-1.3560761,-0.20672664,1.6358685
0.41354534,0.60815966,-0.39203906,-0.39092878,-0.48777264
1.1680588,0.18532202,0.6780499,0.9302649,0.17493507
-0.30284038,0.1508613,-0.69993484,0.05778253,0.4416741
1.039365,0.8278628,0.49648154,1.8204248,0.35675886
1.5975238,-0.22111838,-0.48394522,-0.3231858,-0.9811882
0.15601176,1.5880909,0.64672846,-0.25895798,0.32576016
0.6493336,-0.19699219,0.32257533,0.6953505,-0.4484894
0.27769792,-0.8968911,-0.74752563,-0.7820604,1.1032473
0.56243116,0.45982432,0.521585,0.63724643,0.07789914
-0.43976167,-0.52471834,0.7918243,-0.66670114,-0.0471197
0.52836233,-0.30786335,0.1286621,0.039025594,1.0273713
0.18353643,0.79280376,-0.86074793,-0.5364106,0.2376677
0.64574146,0.59752333,0.21087696,0.104577236,-0.36712152
1.2599459,-0.48686036,-0.17447875,-0.7648811,0.42950004
0.5169389,0.61867297,-0.37912887,0.9691435,0.7091696
-0.35146815,0.67898726,-0.6798227,-0.39182374,1.4590871
1.4449462,-0.100426845,0.48242533,0.7793423,-0.33403897
0.609605,0.55245715,0.8769564,0.13120908,-0.25037497
0.6962582,-0.064191595,1.5896966,0.25888562,-0.479883
-0.18008368,0.3835561,-0.5163732,0.44122377,0.16394666
0.99972045,-0.93152934,-0.13859679,-0.0050488887,-1.0352254
-0.019904744,0.9165774,-0.78742385,-0.5324177,0.5799215
1.0171362,0.56183636,-0.21500188,0.9872835,0.19182621
-0.012731849,-0.10476798,-0.11022049,0.64992344,1.5055838
-0.2554083,0.52288204,0.053142853,-0.06998771,0.9774367
0.80836517,1.2854418,1.0791122,-1.0530859,-0.12208162
0.74807924,-0.53155947,-0.257712,0.8143781,-0.20480856
0.13648586,0.35667777,0.9754484,0.8180632,0.039125808
-0.38973674,0.70934546,0.7419648,-0.023184266,0.27133438
0.7339744,-0.4844805,0.015544084,0.52804416,0.9823401
1.359345,0.56686443,0.73257744,-0.44892457,-0.055196814
1.1242344,-0.12555301,-0.32039917,-0.2339471,-1.4347533
0.15774582,0.58475345,0.1613076,-1.057255,0.052879408
0.1804102,0.34625643,-0.39855582,-0.10213016,-0.38182238
1.2738563,-0.39066675,0.011291925,-0.20437177,-0.5046397
-0.6159842,-0.032093473,0.95443994,0.7364172,0.49109992
-0.6582901,0.8620683,-0.9102856,-0.8750278,1.115768
-0.776012,-1.128242,0.062818,-1.3180373,0.48797232
-0.037905477,0.60568786,0.7864361,-0.115316495,0.9467799
1.5699465,-0.6635651,0.6771596,0.20747192,0.89948267
0.16177475,-0.6201209,0.81370074,0.70392156,-0.16653466
0.64985484,0.55273235,-0.24743032,0.053505976,0.95456797
0.5702271,-0.74953705,-0.019560432,0.29930893,-0.66876346
-0.94899744,0.114851944,-0.06200947,0.48803997,-0.2440798
0.15513508,0.4906285,0.13642019,-0.4536604,-0.20478533
0.75596243,-0.76685536,-0.23525557,-0.36341593,0.7542893
0.088529035,1.0410938,-0.42953253,0.26325065,0.14175488
0.8948216,1.5249113,0.17315198,0.12235569,0.05638321
-0.25416335,-1.0799768,-0.6635165,0.0072047124,0.67816293
0.61243105,0.35446265,0.8566972,0.3641752,0.2358988
-0.35040292,0.2302592,-0.49518743,0.58849883,0.8484508
0.09400055,-0.9041671,1.1964968,-0.53389955,0.027883505
0.07962948,-0.49058798,0.8059499,0.13616453,0.14946264
-0.77837366,0.29827234,0.317955,-0.0075073782,0.09793018
0.510839,0.2683096,0.42482585,-0.4096399,0.19589311
-0.1710597,0.28904495,0.058715213,-0.51039916,0.26082164
0.01425197,-0.06756418,0.519609,-0.3237073,-0.42269772
0.52086014,1.0454346,-0.21862206,-0.55477136,0.23738252
0.8261954,-0.1795105,1.1000756,0.2385365,-1.1097993
1.0970774,-0.13676366,-0.5116164,-0.6031001,0.90561354
-0.2734607,0.44277242,-0.104152374,0.39820895,0.08387768
1.055107,-0.16379453,0.0003236418,0.5207139,0.4741711
0.15515542,-0.23974213,0.060812607,-0.34864512,1.8302888
0.45811296,0.6301893,0.32418576,0.63753194,-0.14326015
0.041073322,-0.80918705,1.2631702,0.28719246,-1.0033419
0.39249167,-0.23074858,0.31626683,0.40825105,0.7373507
0.63307285,-0.61293817,1.3125976,0.024157347,-0.56594265
0.13636456,-0.7673101,-0.6239262,0.97175664,-0.18484835
1.0406936,-0.1339284,0.39787313,0.09734715,-0.7639744
-0.5889063,-1.0864395,-0.3697015,1.1083441,-0.13818012
0.8381538,0.3971463,-0.51214594,-0.64274454,-0.4145191
1.2403837,-0.07730745,0.03126079,-0.6542153,0.627741
-0.35185096,0.06252006,-0.36373484,0.7527645,0.27363348
0.1199263,1.1603857,0.34253237,-1.7900271,0.3506602
-0.20995581,-0.24610342,0.32438394,0.03537619,1.6330868
2.1663783,0.12412204,-0.4120836,1.2922618,0.48488796
-0.056933034,0.018680599,0.24500655,-0.25590718,0.33508596
0.29162368,-0.2586035,-0.46979478,0.7765709,-0.10344066
0.6119618,-0.53013605,0.42111784,-0.0282179,-0.6243623
0.5835429,-0.68635625,0.25145388,0.6737487,-0.26504394
0.3137198,0.7534722,-0.21378744,0.37259907,0.5311604
0.76421505,-0.9143368,-0.619435,0.023300387,0.30055428
0.4688165,0.009604791,0.9063794,-1.0441089,-0.28473553
-0.48643944,0.0004422651,1.1215329,-0.7503767,-0.10623134
0.5274654,-0.67843986,1.2657418,0.6964379,0.025973491
0.6503954,0.2010368,0.6111323,1.1853523,-0.1486906
0.3418941,-1.1109356,-0.28537098,0.550011,-0.24297878
-0.18908125,-0.9087723,-0.3554734,-1.1596466,-0.18079945
0.4764343,-0.43796661,0.24325506,-0.15095775,-0.5873044
0.3247389,0.1675074,-1.6467432,0.14279066,-0.56309116
1.4442086,-0.28559127,0.4688463,-0.43425,0.76980346
0.91186666,1.1183839,0.7380353,-0.6117649,0.6354872
-0.056571122,-0.057089154,0.15427956,-0.20927306,1.6974775
0.50966114,0.79156446,0.44324356,-1.4453347,0.30088353
0.18398249,0.19680701,0.92143863,0.39309308,-0.5879367
-0.6561523,-0.480064,1.4902916,1.3497878,-0.2450381
0.33259743,0.2974603,-0.58585316,0.19048168,0.21102944
0.6550971,0.5214562,1.1072184,0.28027898,-0.20130506
0.6890054,-0.0068079783,0.6335312,1.3452958,-1.4436524
0.18399249,-0.52216005,1.3877171,0.28233683,1.3158917
0.66761893,-0.4592744,0.4691617,0.3647278,-1.5212665
0.48134542,0.27929384,0.9713801,-0.34753433,-0.8147239
-0.24339657,-0.32191694,0.7782338,0.44400296,0.739306
0.46708122,-0.55830604,0.8126691,0.356006,0.4206024
0.16513936,0.0065534622,-0.4489838,0.90897053,-0.084847145
-0.28713343,0.20384857,1.3419063,0.06849395,0.35662797
0.8035672,-0.03174144,-0.45791525,1.0930328,1.1540563
-0.17625113,-0.41453156,0.41346732,0.1290937,-0.40102127
-0.3810919,0.8446397,-0.11947253,-0.105342,0.7855178
-0.24051741,0.4498568,-0.93355817,-0.17806797,1.5902373
0.42546,0.37377146,0.63763595,-0.6178964,-0.3162704
0.76443624,0.31340128,0.40827882,-0.44513378,-0.37443924
0.53522116,0.1914349,1.114139,0.013242505,0.0829487
0.44790325,0.16993606,1.1709877,-0.6069868,-0.0033943618
0.96053064,-0.88331616,-0.40964803,-0.9516071,-0.7850688
0.4026893,-0.9820972,-0.24884741,0.82357633,0.78457886
-0.2444871,0.50461745,0.9515395,0.4370844,0.12227659
0.8356711,-0.8226474,0.32416907,0.29839236,1.7165719
-0.42947602,0.50923616,-0.53856754,-0.62315255,0.0010189512
1.2425452,-0.4241179,-0.3997131,0.0074183443,-1.0967219
1.7119792,-0.028364042,0.52470654,-0.90125287,-0.6511684
0.31797886,0.49624324,0.09608111,-1.0768639,0.656284
1.6920049,1.2632649,-0.06277356,-0.5213024,-0.30373207
-0.054126766,0.2548779,1.0517015,0.3589836,0.63126975
0.73865074,0.2517269,-0.024467912,-0.8200437,0.5647648
0.44374326,0.19375506,0.57667506,0.64231414,-0.5523411
0.85163146,-0.29378894,0.27716076,-0.06302429,0.21007468
0.12462461,0.991132,-0.13852583,0.9030058,0.52046806
0.91989726,-0.6575018,0.35501927,-0.22991176,-0.50529
0.3952678,0.3614103,-0.6723667,0.38933504,-0.7395487
0.5743873,-0.38834774,0.19650246,0.3464787,-0.14711507
0.29720882,-0.32621253,-0.30002487,0.22920375,-0.29664662
0.11202756,-0.907056,0.24417005,0.8914793,1.3405446
1.0206157,0.31602558,0.21971634,-0.01014285,-0.42873302
0.013033118,-0.029396122,-0.32163808,-0.3239046,0.3460101
-0.41354138,0.3489537,0.46685416,-0.50624555,0.18222578
1.0420564,0.5974691,-0.81136906,-0.7785229,0.67511034
-0.059906617,-1.0529191,-0.2905488,-0.0471325,0.18790326
-0.6170516,-0.34802383,0.748313,0.7106535,0.1865737
0.6666722,-0.35637546,-0.86847353,1.0420113,0.17452459
0.74709,-0.4382296,-0.4248102,0.35959497,1.2606919
-0.13284297,0.6613914,0.20030022,0.44949088,-0.14757666
2.1395578,-0.10838983,0.30120438,-0.54203564,0.5994168
0.68608755,1.2271299,0.6066384,0.11129133,-0.79327476
-0.3488966,-1.4498894,-0.05485564,-0.024530586,-0.17624453
0.3983586,-0.3561172,-1.1875616,-0.23062897,1.0650063
0.25747952,0.120974556,0.5245582,0.24950358,0.11275963
0.2187512,-0.37046343,1.009803,-0.20487946,-1.2943494
0.12102426,-0.19360648,1.3873365,-0.4861419,0.27794263
1.0801486,1.1087455,0.5100111,1.1835886,-0.18015979
0.91151255,0.9860376,-0.57716817,-1.116458,0.19256833
-0.008576296,0.004052182,-0.7091071,0.5395038,-0.25112113
0.37821993,-0.33637005,0.47999015,0.39208853,-0.64000434
-0.9524867,0.78800684,-0.3862348,0.118378095,-0.8829979
0.3690402,-0.48920646,0.054679148,-0.27398118,0.35394174
0.63269013,0.15279424,0.31745493,0.39325714,-1.3240871
0.31787622,-0.08728163,-0.83264345,-0.67022055,-0.1214268
-0.012256548,-0.12770106,0.2384046,0.70543146,0.6979958
-0.3986411,-1.0424918,0.18004054,-1.0231683,0.58646536
0.7109678,-0.9708008,-0.2484015,0.8917723,0.04089178
-1.7875664,-0.41606873,0.22200537,-0.45583773,-1.7292764
1.2665251,0.5407234,-0.13283227,0.09763038,-0.18402836
0.9540251,0.34993136,-0.1567641,-0.32633948,0.67903894
0.8687879,0.09275257,0.31593424,0.93980265,-0.07664677
0.5685036,-0.49156344,-0.049268737,-0.56205416,-0.7417808
2.0008564,-0.1142217,-0.7987272,0.8028978,0.484605
0.71382195,0.16706116,-0.71447057,-0.48869193,-1.4911109
0.6902294,1.1111903,1.3413978,-0.18396857,-0.23209341
0.7429876,-1.2027173,-0.15050782,1.2219785,0.85177714
-0.1579147,0.28416383,-0.34057125,0.009975242,1.50256
0.58563745,0.29544133,-0.023788005,-0.049876478,0.8134744
0.12535718,0.312282,-0.13707846,0.9518205,-0.07706452
0.30749905,0.93404055,-0.04389399,-0.7479354,0.50182104
0.5838761,-0.27418193,1.2351961,0.28088853,0.44595373
-0.47535,-0.31663927,1.0358313,0.2157982,1.2729065
1.0412296,-0.01204909,0.42370102,0.46117026,0.88545984
0.27408826,-0.6287665,0.27777198,1.040227,0.6232205
0.2769601,0.05831782,0.068084955,0.24766947,-0.10825718
0.78842306,-0.6576298,0.43705365,0.08770017,0.8768054
0.17933859,-0.70798004,-0.9476282,-0.83933914,-0.32901153
0.28271663,0.24979141,-0.47148794,-2.0196378,-0.87411356
0.04900619,0.3801355,-0.19641425,1.0058651,0.9516958
0.6600093,0.16280909,0.6712108,-0.54703856,-0.5507479
-0.18686874,-0.96668744,1.6869357,1.0353107,1.3681939
0.29515716,-1.2137489,1.6902468,0.18111764,0.6304792
-0.5603058,1.9203917,-0.4005191,-0.047037728,1.6792587
-0.26231074,-1.5212126,-0.6244263,1.2821689,-0.016871411
-0.19098045,-0.45050335,0.50918156,1.0958779,-0.399695
0.17045748,-0.65720916,0.24453674,0.46584076,0.58844435
0.5445185,-0.114616215,0.77912164,-0.15850952,-0.054046277
0.55721635,-0.08908122,0.08817623,0.5314175,0.22481115
1.1244788,-0.8742776,1.3078438,0.57541734,0.044669643
0.45934886,-0.21101567,-0.44729066,0.09925391,-0.28496298
0.03652263,0.69549936,0.4141784,0.99619776,0.08768626
-0.792792,0.5429312,0.8049443,0.7050636,0.5340899
-1.4786072,-0.66792744,0.40662116,-0.6027715,0.9685938
1.1637256,0.47844607,0.22779989,0.7512668,0.5723818
1.6546091,-0.06370061,-0.30683243,0.21019761,-0.45101267
1.1102436,-0.5484895,-0.73945814,-0.15334636,1.7321314
0.621248,1.2818244,-0.31484896,1.1402822,0.18152334
0.54546624,-0.9760903,0.5247805,0.27964735,-0.96585727
0.16214456,0.22033803,-0.2925028,-0.045948654,-0.32760823
1.4306134,-0.86776155,1.0258104,-0.724769,0.28262892
0.90520346,1.4635329,0.030634804,0.10987661,-0.07735338
1.8036867,-0.18333936,-0.29209688,0.38458747,-1.4234018
-0.5010106,-0.3867303,0.05334605,0.060805526,1.4439052
0.33009008,-0.7229467,0.91024536,-0.34409413,1.1290529
1.8672907,-0.9076479,0.41492686,1.1421276,0.6317033
0.24340345,0.27323714,-0.8580237,-0.94809407,0.5589702
1.114663,-0.31742355,-1.503216,0.31505737,0.14184128
1.9811435,-0.39868945,0.7823388,0.16618016,0.32355803
-0.03237574,0.012887586,-0.14646873,-0.4733811,0.2575738
0.9789675,-0.3788301,-0.1556823,-0.45890728,-0.07705592
0.40364715,-1.0618671,0.7574583,0.2036015,-0.38712713
0.16106476,0.07622406,-0.47494173,-0.22164053,0.37255493
1.1288389,-0.5662862,0.22200392,0.4077972,0.9539223
0.58714813,-0.61164004,-0.13839991,0.49700385,-0.4280326
-0.23433544,0.33602157,-0.26772574,0.16528349,0.4882658
0.5516455,0.7822231,0.68344367,-0.03914319,-0.3822143
-1.0263268,-0.5545254,1.6819038,1.0274153,0.64220196
0.82946455,-0.19345936,-0.11529521,0.11143083,-0.25995746
0.50730175,1.003863,0.759912,-0.52492636,-0.041539364
0.69964904,0.3310928,-0.35707974,0.6479899,0.6435921
0.32529882,0.097091906,-1.0429821,0.45971802,0.32102153
-0.7366238,-0.787716,0.66022176,1.0963874,0.8051423
1.6985321,1.6600695,0.2701811,0.7291114,-0.38924283
-0.08783912,1.0493567,0.95339864,-0.36803815,-0.26034263
-0.013891984,0.798441,0.63179547,-0.34765092,0.92500097
1.0577232,0.75574905,0.004409846,1.1227207,-0.7297459
0.58958304,-0.021727743,-0.35944915,-0.027827747,0.8873141
-0.4820653,0.84267175,-1.3968711,-0.6155713,0.4025112
0.8332203,-0.15090503,1.0531802,-0.101134904,-0.4634127
0.21782807,-0.6293363,0.7725574,0.17155963,0.42417222
0.8019891,0.035206314,-0.10557808,0.21245557,-0.23713493
1.218615,-0.49913836,-0.15443876,-0.25224507,-1.1264634
0.31063756,-0.07311451,0.06616258,0.038049616,-0.12939426
-0.39312026,-0.22927031,0.0865632,0.4332666,0.56294334
0.4142063,1.2520956,-1.0243759,0.46920452,1.0452322
0.24710704,0.85817844,1.3009372,0.42673686,0.5794019
1.0321699,1.2456108,-0.06482344,0.17903437,0.34489945
1.3516845,-0.44963828,-1.9275769,0.03871859,-0.53671145
0.13416049,-0.44003424,0.5187007,0.24605873,-0.06455801
-0.22096299,-0.5237957,-0.37146097,-0.081427895,0.57661813
0.21761976,-0.8634126,0.30308482,-0.40796027,-0.5428353
-0.35482058,0.7173485,-0.38396642,-0.084626555,0.9952254
0.26947263,0.12837891,0.32239762,0.26679268,-0.6509772
0.6029205,-0.34880084,-0.8250236,0.75454175,0.61476654
1.6826707,-0.65828216,0.81784743,0.2116232,0.3969545
1.2956098,-0.10941937,0.4432894,0.35392135,0.46968395
-0.14177582,0.6994272,1.373447,0.040344156,0.6374731
0.8467481,-0.56272185,0.27122754,-0.72126186,0.3195178
-0.11155701,-0.38430542,-0.22610912,0.15261593,0.7553483
0.30590415,-0.5549587,-0.7190573,0.84129643,0.54419863
-0.44387484,-0.1089422,1.3746936,-0.34974355,1.31274
0.08781502,0.19523178,0.7042671,0.48729742,-0.05630117
0.7844195,0.46747142,-0.4067743,-0.2449757,0.5236394
0.78734267,-0.3276998,0.23826551,1.395677,0.8389227
0.9044536,-1.2781912,0.7193364,0.49245712,-0.017192464
-0.21296571,0.44953534,-0.5117723,0.09627719,0.5728719
0.35513693,-0.4583927,-0.06269998,-0.5284541,-0.5208684
0.577652,-0.76700747,0.41752487,1.2447337,0.7290204
-0.0063697286,0.42949373,1.1985283,1.0417954,-0.10579502
-0.39296305,-0.1338253,0.52305067,0.4853471,0.013409583
1.0080016,-0.1746946,-0.08769093,-0.071436964,0.14587542
0.30272287,-1.2331783,-0.9342015,0.8117455,0.063384496
-0.041184098,-0.3352156,0.69234425,-0.21014379,-0.5887404
0.45271385,0.14670482,1.1862063,-0.02607027,-0.19539893
-0.79285145,1.6153351,-0.19333127,-0.13832413,0.95149124
2.052969,-0.76605797,-0.18474473,0.13178077,0.9463888
1.1043277,-1.3585643,0.47967058,0.51701564,0.46852255
0.6254137,0.593409,1.6707437,0.6284038,0.64857835
-0.047006108,-0.19228014,0.020586895,0.45005673,0.4040208
-1.1468136,0.28950733,-0.1626601,-0.43531567,1.225397
-0.28643882,0.4496904,-0.003531453,-0.6222708,0.46550158
0.2105404,0.2575119,0.043880176,0.6547153,0.5739748
-0.4454776,-0.48470166,-0.03125021,0.866503,0.7588934
0.49699953,-0.27588275,0.8293169,-0.28050426,-0.7222726
0.9065442,0.5813613,-1.7235832,-0.21861672,1.8062444
0.7285651,0.32414442,0.63393325,-0.8151759,0.13854179
0.3492769,0.2582127,0.23734838,1.1241175,1.2085834
0.57615143,-0.5821463,1.151469,-0.07430701,0.32502484
-0.6027204,-0.69188404,-0.026862761,0.6738412,-0.20226096
0.66675216,0.07181104,0.17770907,-0.054549564,-1.2108556
1.8221277,0.48479936,0.08477179,0.4244081,0.9645587
1.6225128,0.69294524,0.6108893,0.20270877,0.5562799
-0.103752226,1.0306216,-0.029117353,-0.482997,-0.06407106
1.0972602,-0.3337197,-0.2756047,0.065349385,-0.6978344
-0.025913715,-0.19899647,-0.72178245,-1.3591309,0.5256749
1.570995,0.2034284,0.82274354,0.8547911,0.16859923
0.61877507,-0.080065645,1.3909259,0.9599105,-0.14137793
0.18277925,-1.1395689,0.28970832,-0.2925764,0.93051964
-0.34623542,0.30986118,-0.17241038,0.24202007,0.08095229
0.435851,-1.076127,0.56520486,1.3523633,-0.8203247
1.1291567,1.1917489,-0.16450381,0.63256735,0.9398621
1.5536673,-0.3426761,-0.102386296,0.58353484,0.22044119
0.5825875,-0.1636718,-0.51528484,0.55409193,-0.7455587
0.09857081,-0.06470263,0.671809,-1.5738784,0.4369752
-0.04913107,-0.65798503,0.06544281,-0.060859434,0.6244688
0.03473526,-0.046668466,-0.019925172,0.26276198,0.7569029
0.6714137,0.14301969,0.3648156,-0.9464733,0.05496625
0.7253557,0.09043771,1.0244857,0.48288208,-1.8854363
1.6134299,-0.2601345,0.22188783,-0.95638025,-0.07910734
1.1449447,-0.4137968,-0.122648366,0.578952,-0.27144378
1.3596853,0.6401155,0.60577077,-0.035740595,-0.421857
0.27942184,-0.15796618,-0.032740787,0.14274864,1.1380919
0.3159377,0.12755796,-0.6407344,0.2322985,-0.22572923
0.1987567,-0.13600111,0.21996051,-0.8403827,-0.4516559
0.8585909,-0.78698105,1.1022528,-0.019520773,-0.39302284
0.6440734,-0.86220104,-0.14567941,1.4661967,0.3053599
0.58360845,0.03637297,1.3067542,0.64188576,1.6280997
0.33377075,-0.23244065,-0.94920105,-0.17375849,0.99914736
-0.029139522,-0.35433313,-0.79724663,0.36033523,-0.108952515
0.60824317,-0.09154668,-0.16487338,0.14689027,-0.68967116
1.0363761,0.6586874,-0.024762137,-0.29576764,0.41800392
0.43253672,-0.4750047,-0.019976635,0.73597306,0.21111344
-0.7351433,-0.3731217,0.464486,0.6008394,0.97842044
0.5679875,0.43596253,1.1405267,0.52650714,1.2193862
0.9293223,-0.011906279,-0.32657468,0.8863208,0.092081025
0.9415088,0.73586184,0.16020274,0.06142231,-0.7117578
0.20268565,0.5706138,0.83139926,0.75977993,-0.052796297
0.13920909,0.2115993,0.29666662,-0.28437755,0.75783426
-0.0993434,-0.019653073,1.2749431,0.7862763,-0.3666418
0.5595769,-0.87081933,-0.19029367,0.15909731,-0.7715555
0.6859885,-0.38177297,-0.8189039,-0.211004,-1.1273434
0.09836053,0.50168735,0.4351992,-0.4767453,0.9298468
0.9360314,-0.0015576588,0.1989179,-0.32819,0.14663303
1.2936978,-0.6424317,1.0534215,0.20585562,0.15913107
-0.2686013,-0.12036283,1.5053018,0.49785283,-0.18580547
1.5156488,0.7683091,0.14965674,0.19040686,0.29277426
0.2721151,-0.5768974,0.85690594,-0.8943205,0.75447184
0.8136156,0.10753553,-1.0109247,-0.33275753,0.7256466
0.65591466,0.08567373,0.40222168,-1.0003664,-0.5555635
0.7077768,-0.50535935,0.06925151,1.0385776,-0.67885906
0.94920534,-0.50666314,0.6499593,1.300677,-0.20078811
0.14182349,0.3506518,0.27657786,-0.9488823,-0.029850464
0.5820797,-0.7160952,-0.39882505,-1.0963534,-0.018257903
0.820721,-0.50705725,-0.7953321,-0.066948,-0.43180797
0.19957036,0.75159484,0.07312856,0.11332464,-0.34759995
1.2768033,-1.009349,-0.2984932,0.32693705,-0.07611062
1.0041118,0.52855253,-0.024891892,-0.6668075,-0.49082512
0.0862301,0.6149573,-1.1042713,1.3359517,0.2472989
1.1955637,-0.7814306,-0.077485494,0.5015753,-1.232252
0.6540108,0.37587088,0.1887818,1.2924654,1.1515144
0.52872276,0.11335569,1.1862614,0.38297322,0.34553415
-0.6664307,-1.5063758,0.68070924,0.4112877,-1.1849377
0.060227815,0.2658882,1.6239775,-0.51625574,-0.6108729
-0.6685454,-0.45353964,-0.5208769,-0.1629622,-1.0500827
1.4811174,0.55609816,-0.67611295,0.98460066,0.021579957
-0.019925969,0.8326016,-0.051889874,-0.018575717,0.006595495
0.3923343,0.417278,0.95771295,1.2793374,1.3517594
1.0074898,-0.55398023,-0.34432277,0.5803931,0.46623352
-0.048645128,0.16782282,-0.4101181,1.040935,0.5747471
0.09743056,-0.12664065,0.049751192,1.2138951,-0.008038539
1.300295,0.2000969,1.1280555,0.18572415,-0.013449403
0.4417883,-0.03901443,-0.11740283,-0.058896028,-1.0106671
1.7950578,-0.30511352,0.40282786,0.20701927,-0.47637233
0.95221806,-0.672314,-0.45946747,-1.113337,0.21074723
0.4484499,1.5865029,-0.07725468,-0.17160682,0.042648595
1.2004316,-1.2429149,0.029748619,-0.23170273,-0.6405641
0.5624539,-0.35923398,0.6183374,0.1268895,0.01021729
1.0745147,0.31777638,-0.61508447,0.4713871,-0.15090224
-1.573484,0.50677437,2.0043206,1.0827299,0.13869034
-0.1296356,0.7537237,-0.67046696,2.1585262,0.29118297
0.39878592,0.8535045,-0.3496468,-0.25600478,0.92772675
1.3219814,-0.5643568,-1.2663809,0.6264835,-1.0176696
-0.40008715,-1.0122429,0.061968468,1.1304548,0.80740076
0.70054054,0.20878738,-0.39101976,0.8038822,0.3139048
0.5651206,-0.98969233,1.0731894,-0.30604735,-1.0636225
-0.8663551,0.24286291,0.90419275,-0.08892561,-0.11287377
0.51055276,0.5377474,1.1475723,0.25106323,0.7761972
-0.2921688,-0.5321104,0.039594002,-0.40207806,0.52415496
0.43542206,0.54197705,-0.6623329,0.81345683,0.44854707
-0.4509434,-0.84344846,0.8336902,0.8708704,-0.104786776
0.98724836,0.46993247,-0.21732762,0.4723132,-0.5089315
0.8639657,-0.57546574,0.21571828,-0.18944055,0.16824247
-1.1522229,-0.19975458,0.07320621,1.4484272,0.86302644
1.1529695,-0.45470074,0.84660614,0.9948339,1.2289826
0.9524156,-0.15827566,1.6163877,0.5499108,-0.99252385
-0.050169855,0.5120874,0.2437408,1.1927916,0.3159732
0.71142066,0.48073986,-0.027155723,0.53432345,-0.009197486
0.3942903,-0.21668577,0.8111309,-0.6390207,0.7821373
0.96535975,0.69739485,0.1795503,0.122548155,-0.45502383
0.21337947,1.6696242,0.76523864,-0.6207295,0.55016077
-0.52277213,0.20808855,-0.7689962,0.2014056,-0.287372
-0.43624738,-0.2167508,0.35409027,0.990207,0.09620691
0.8108976,-0.10261379,1.2320682,0.8780871,-0.78625906
0.042435892,-0.5524701,0.28308108,-0.30871034,-1.3620148
0.43200907,-0.8799847,0.3870856,1.3196001,0.32501984
0.9180987,0.34633252,0.86099285,0.77065814,-0.5434176
1.40727,0.17788193,0.38276535,-0.49547303,-0.48791322
1.5346513,1.2859036,0.08111356,-1.1078864,0.8217173
-1.5694194,-0.0846566,0.06394511,0.3585481,-0.49706525
0.042527277,-0.5126936,0.89114666,-0.16143781,0.028211333
0.47185752,0.37895802,0.5648794,-0.33109713,-0.8118695
1.0861188,0.7031595,0.4326593,0.63720345,0.62079835
1.5886682,-0.43105745,-0.2623297,-0.6281742,-0.17999753
0.8239567,-0.22181779,0.35862884,-0.19507241,-0.2520969
1.6527796,0.92054284,-0.62898594,1.3979931,0.3820365
1.8858095,0.42454425,-0.39513037,-0.8458557,0.9735814
1.6012607,0.1659877,-0.43983012,-0.49297592,-0.2563763
0.6717866,0.22480355,-0.76869875,0.11392501,-0.13075633
0.8429648,1.3723181,-0.53462714,-0.6306554,0.11135936
1.9696378,0.74221224,-0.50682926,0.8975739,-0.17587444
0.5635126,-0.116404906,-0.20068993,-0.09080254,-0.11053902
0.0017343104,-0.4219759,-0.9266508,-0.08323032,1.719766
1.4812179,1.1333436,0.1473334,0.46517995,0.6932664
1.5843558,0.1528067,-0.41945755,-0.9108269,-0.78991866
0.27034286,-0.5713607,-0.008988168,0.45040783,-0.25162184
0.2961115,0.3837606,1.70545,1.0295086,0.18959722
0.92468834,0.572486,-0.35608357,0.22549449,-0.57234704
0.26623863,-0.45509654,-0.06570807,0.5367081,0.08987919
1.2248269,0.044691753,0.28954932,-0.10761185,-0.5691458
-0.92862153,-0.43996492,-0.3368193,0.77924126,0.3844062
0.36168304,-1.1377275,-0.04676991,0.006106891,0.06800611
-0.53845894,-0.4232238,0.29594722,0.24990006,-0.34297445
1.1034468,-0.46898845,0.7841754,0.8118321,-0.2423404
0.97527367,-0.20057799,0.17141475,-1.126061,0.36335388
0.5054952,-0.5980122,0.7070135,-0.074123085,-0.083495095
0.45640078,-0.59924555,0.38654506,1.1696831,0.60807204
0.32601178,-0.22642352,-1.1587993,1.5987134,-0.2028766
-0.4054621,-0.027608417,0.1936061,0.34654245,-0.390627
0.9742591,-0.14835541,0.05763751,1.4316939,-0.5441297
0.87718385,0.04350057,0.24721093,-0.32592082,0.46163523
0.050692912,-0.09642896,0.19425039,-0.20978247,-0.5575592
0.8961656,0.9595739,-0.15409645,1.4388373,0.36573532
1.0235419,-0.6420272,-0.19072403,0.42828196,-0.067215525
1.2499119,-0.39997596,1.2177494,0.54668725,-0.41916463
0.1368656,1.0717223,-1.1236382,0.7115242,-0.2594675
0.88991153,0.13036908,0.42450568,-0.97773254,-0.75756633
0.5968594,-0.20866159,1.4240539,1.2705202,-1.3879857
0.89724106,0.1898037,0.93193597,0.19696176,-0.83292836
0.8978587,0.7114059,0.37158835,1.1770042,-0.18127447
-0.35655168,-1.0827005,-0.056131363,0.41165614,0.6162132
1.3642117,-0.07690481,0.2843213,0.68528455,-0.4570498
-0.08412664,0.56138664,-0.13580519,0.15570301,0.2217539
0.029614497,0.8436532,-1.6352317,0.6665368,0.08622859
0.5301228,-0.26301116,-1.0527906,0.649113,-0.3475076
0.66615725,-1.2484546,0.69690776,-0.2934824,0.18833895
0.86655843,-0.17196392,-0.24427277,0.43245485,0.45834592
0.1693746,-0.17363475,0.18392354,0.3823183,0.94457245
1.6458074,-0.9640503,-0.2475305,0.6225134,-0.63535833
-0.5119455,-0.9314044,0.044060864,0.028921627,0.6073778
-0.6968582,-0.30311066,1.2004858,0.83596075,0.55097395
0.86986005,-0.16021225,-1.0881908,-0.28966147,-0.11716153
-0.35804147,-0.6697814,1.4268132,-0.34511298,-0.04061866
-0.5747894,0.7149394,0.84714854,-0.5497779,1.0155748
1.06606,-0.4842622,-0.52067405,-0.5112516,-0.54481477
0.684669,0.8118292,0.36418092,0.8506809,-0.28214929
1.0142817,-0.06431374,-0.70197034,-0.77149224,-0.3572975
0.7795764,0.672497,-0.20812623,-0.22550929,-0.6065746
1.6660149,-0.6513744,0.5933715,-0.67636347,-0.23417638
0.93834853,-0.15080242,0.17704901,0.5339965,0.17322402
0.42748755,0.15387078,0.3023346,0.7327436,0.12559031
-0.09808385,-0.93324375,0.8333351,1.0641643,0.52553064
0.9689891,0.66108835,0.70718104,0.80216175,0.54888386
1.1788825,-0.60725915,-0.56146544,0.15281817,-0.10700852
-0.15215777,-0.052596327,-0.3784761,-0.01644088,-0.97205263
0.7786964,0.053632993,0.20721655,0.21444942,0.16247112
0.65216094,-0.045156144,0.724557,-0.30760732,-0.19616666
0.90686345,-1.2378241,0.21851937,-0.19365232,-0.3871674
0.49647167,-0.12321236,1.0481136,0.26202595,-0.54512787
-0.03182751,0.20284119,0.33492205,-0.5350428,0.13447751
-0.07825261,-0.014039374,0.3653315,-0.7603374,0.7341359
-0.059451055,0.35497743,0.49180198,-0.38845745,-0.6358406
0.81914043,1.2008936,-0.026502822,-0.1522392,0.1506441
0.80719894,0.2722969,-0.104649626,2.1780863,-0.523254
0.993502,-0.1797819,-0.3396993,0.8759532,-0.39559048
0.6959496,-0.7348355,-0.29543388,0.22883022,-0.74435014
0.8783059,0.9280171,-1.0849091,0.6662101,0.30062577
0.4704864,1.3618811,-0.5511688,-0.7846142,-0.09836992
1.0423374,1.1761591,0.77818465,0.07058266,0.15821518
0.57621217,0.7114478,0.35916805,0.36009914,0.6723391
0.457424,-0.7691274,0.34732646,1.32219,-0.49434602
0.955034,-0.30703267,0.9881751,1.4532067,0.02117516
0.49900982,-2.3834927,0.7780595,0.7505129,-0.24597102
-0.55031264,-0.20118509,0.017553419,-0.09423096,0.4927796
0.08256086,-0.011164953,-0.34570396,-0.7142646,-0.8256406
0.7784252,0.115865305,0.6074739,-0.022575496,1.0524272
0.9305232,-0.6080601,-0.13273323,-0.8008944,-0.09057509
0.786079,-0.1514979,-1.6842422,1.0526623,-0.1246279
0.9024872,0.19135538,-0.16834486,0.91021377,-0.534629
-0.12119572,0.5208627,0.7263714,-0.2366905,0.14836542
0.49182516,-0.08162337,0.009582983,0.34868237,0.7584884
0.118651904,0.22606418,0.19863634,-0.7776198,1.208087
0.33422932,1.0998151,0.53960174,-1.171429,-0.10792836
1.096388,-0.25336128,0.21047314,-0.08676556,-0.0042515756
0.03293532,-0.034353983,0.2980055,0.4880052,-0.25105765
0.74425,-0.01743166,0.13666198,0.8814298,-0.37930465
0.21340409,-0.51658696,0.20648707,0.94297165,-0.682136
0.40437695,-0.5488201,0.54070956,0.11555686,0.8404068
1.2278131,0.71802586,0.54120505,-0.15432055,0.9623427
-1.6655391,0.65531904,0.5145056,0.30645463,1.79795
0.35347745,-0.63425887,0.7445111,0.055820722,0.18129054
0.37830663,-1.1953199,-0.110866755,0.2509905,0.9474516
0.43994448,-0.32823706,1.0784702,0.1523153,0.03128337
0.15675254,-0.46338323,-0.26720577,-0.3041155,0.7741287
0.49111634,-0.057592146,0.100949936,-0.14602377,-0.54690623
1.706781,-0.534477,-0.18193586,0.7288438,0.020096473
0.64144784,-0.30563816,0.23728353,0.76831293,-0.12273277
1.7374353,0.35573852,0.21332765,0.02862659,-0.84584737
0.51959604,-0.46540183,-1.2538929,-0.09848755,-0.06541255
0.86355054,0.5060952,-0.27573076,-0.27896583,-0.44653982
-1.0116245,0.7538987,-0.09148345,0.00025876693,0.8926637
0.9998228,-0.017685939,-0.5950771,0.3935191,0.3458924
0.4258597,1.0658937,-0.055062003,1.6044534,-0.350528
1.3185215,0.75254804,0.18060777,0.840153,0.6799615
0.58005893,0.15790263,0.955831,0.7316978,0.7018189
0.5024862,-0.03920967,0.40612203,-0.025713457,0.5925825
0.5577118,0.377436,-0.7503981,-0.00379554,0.7356019
0.37905586,-0.7736576,0.22577266,0.97799927,0.8159115
0.26932454,-0.7629428,-0.7536607,0.42150584,0.09058481
1.0609093,0.7732813,-0.8942586,0.7304431,0.2815025
1.2816916,0.14169052,0.07439617,-0.5575065,1.2102389
0.20283215,0.22458234,0.4841676,1.2107865,0.6263111
-0.11457942,-1.0012048,0.56884617,0.30566773,1.3869985
1.4748964,0.89574426,0.5118631,-1.3785584,-0.26756012
-0.74655336,0.70032775,-0.94086796,0.2293781,0.5183895
-0.13907441,0.41861057,0.20149758,0.51371604,0.27881673
1.8283101,-0.41139558,0.4569671,-0.4821865,0.656509
0.9801254,0.073197745,-0.26112568,0.79293334,0.3702279
0.59106356,-0.90548354,0.12645052,0.5949223,0.17935564
-0.39540106,0.7341835,0.7454347,-0.60899436,-0.08418908
-0.6491015,-0.40039685,0.8538752,-0.520983,0.89663965
-1.0661365,-0.32065734,0.5252088,0.410473,-0.37998423
1.2467505,0.40339443,0.5533689,-0.59115815,0.10122565
0.027524255,-0.49799064,0.4474727,0.4053237,0.0032782825
0.6921525,-0.06607669,-0.010292729,1.6216776,-0.26507807
-0.77882034,-0.46558362,-0.9344836,0.0139673455,-0.3709514
-0.29522064,0.16667694,-0.5317722,0.7724894,0.060768407
0.1515369,0.9495275,0.05527971,0.2710472,0.022513805
-0.160689,-1.278987,-0.82779545,0.9878505,1.0717058
1.0251629,0.4457426,0.44259644,0.79030854,0.57482713
0.86233157,-0.33780494,-0.48929286,-0.3457388,0.25538674
0.0040824814,-0.74703306,-0.332019,0.4360478,0.1968102
-0.12738639,0.8407376,0.88646245,1.0089351,0.37230852
1.0783061,0.5459035,0.09557765,-0.50868213,-0.31783825
0.6887381,-0.09401805,-0.20620677,-0.3092511,1.2819991
1.0607233,-0.4292503,1.311923,0.06316154,1.4887755
-0.08500305,-1.9290239,-1.1061206,0.8083057,0.42272654
1.0059597,-0.1961563,-0.6443678,0.8431859,0.4518827
0.60524,-0.016185487,-0.11910248,1.0125281,0.31741554
0.5870964,-0.1575082,0.7415974,-0.62239623,0.72189265
0.31757182,1.2134017,0.19338827,0.74807143,0.9200055
0.57978225,-0.34894904,-0.3042122,1.6712793,-0.93612146
1.1681155,-1.1008115,-0.042378884,0.37280935,0.13816033
1.4419578,-0.5713127,-0.4684479,1.4398879,-0.53425026
-0.39384848,-0.71767664,-0.9374214,0.6861784,1.005206
0.6747359,-0.06302849,-1.2500483,0.98999655,0.19499871
0.9851219,0.43378776,0.28047144,0.076907754,0.53293896
0.83040816,0.03764981,-0.3604556,0.34432814,-0.046264358
0.33239037,0.9145572,0.2982193,1.3829999,-0.68518037
-0.20862444,0.7203861,0.7478931,0.4274994,0.18232836
-0.20921057,-0.57553005,0.19341058,0.08974353,0.016012147
0.3562197,0.43697003,1.0098621,0.53398377,0.64747244
1.109466,-0.10904623,0.3577608,1.2811899,0.6536506
-0.0052019707,-0.6420707,-0.27954218,0.19012308,0.4754175
0.8650289,-0.19874664,0.8498506,-0.057270527,-0.19063848
1.0682802,-0.43914166,0.0808341,-0.60664916,0.5676493
0.22920096,0.5117736,-0.016020631,0.21319106,0.73124623
0.07750342,-0.39456987,-0.9721563,-0.48218152,-0.97635096
1.0957357,-0.9449046,-0.7917953,-0.47304246,0.002202963
0.8588305,-0.094667055,0.11192525,0.4987436,0.38576645
0.94477844,-0.15363394,-0.020585036,-0.0028954223,-0.13767986
0.61313874,-0.59991974,0.7730898,-0.038852688,0.10287504
1.2373784,-1.0109483,0.5441211,0.48812476,-0.5724913
1.0171744,-0.46937105,0.3400548,1.0940716,0.21120034
0.29282984,0.128125,-0.02535833,-0.78372735,-0.6435518
0.8470422,0.26263282,-0.69526815,0.55512017,0.93963003
0.07635425,0.31127483,0.28326395,0.7136675,0.46473497
-0.36560246,-0.36511883,-0.61617494,-0.9545741,-0.22045203
0.7529957,-0.586502,-0.5950407,0.11108709,0.75880504
-0.068237424,-0.39305788,-0.32789603,0.4048795,-0.44408137
1.2412052,-0.8704826,1.543687,-0.45637387,0.089528814
1.438591,1.1321548,0.7090191,-0.09076989,0.21138252
0.99714947,-1.0080645,-0.67842895,-0.120296456,0.18730766
-0.21284309,0.08989973,1.7562094,0.93895835,-0.02317465
0.833762,1.1166797,-0.41906145,-0.017266074,-0.6079364
0.083992414,0.9318954,0.24783966,0.011814119,0.3443005
0.71722037,0.19317375,-1.105894,-0.122333504,1.4497732
1.2306715,0.48279613,-0.4929649,-0.17079425,0.5832603
0.7901035,0.48861593,0.30448347,0.3176814,0.24423781
-0.2757104,-1.0491868,0.7252102,0.039602652,0.82623357
-0.036871776,0.75431937,0.024956256,0.8983079,0.56886977
0.051164765,-0.6626309,-0.29923278,0.86531395,1.0706859
0.58435154,-1.5840378,-0.034087904,0.33750245,0.17775612
2.4882858,-0.24374036,0.0013946004,-1.9013715,-0.59811413
1.1468601,0.42857677,-0.24673091,-0.09274578,0.5188826
0.28580633,-0.1642279,0.11753559,0.03550826,-1.2932118
0.09612816,0.008537524,-0.57075083,-0.10410549,0.2403834
-0.7161626,-0.42199308,0.7519686,-0.093704365,-0.95264304
-0.18907163,-0.6402008,0.8211788,0.46610433,0.41160798
0.68517935,-0.17186297,-0.33805487,0.48984164,-0.13937716
0.7649016,-0.45396337,-0.65173155,-0.06547568,-0.516478
0.30341306,-0.049221642,-0.38288194,-0.17637827,0.5124065
0.9698715,0.017749274,0.3908089,0.03677575,0.5140022
0.70112544,0.28506505,0.18026714,0.9524956,1.4569064
0.03784383,1.1933713,-1.2658322,-0.59402287,0.54421467
1.1121329,-0.9008537,0.3982266,0.26171896,-0.6268759
1.2551247,-0.035385583,-1.4006977,0.9625369,0.5298083
-0.08262117,1.9297471,-0.013346415,0.19522665,1.0984384
0.19918294,-1.2697905,0.7683203,1.2752914,-0.711829
0.13050555,-0.74865854,0.21404356,0.24328016,0.02544582
1.4137862,-0.5862369,-0.5166931,-1.4339362,-0.35077307
1.5878867,0.028075816,-0.20983884,-0.2035546,-0.22688127
0.61392456,-0.8347691,0.6676725,-0.13949175,0.53456414
-0.48150203,-0.6376051,-0.63754976,-0.54945016,-0.29650208
0.83990294,-0.8365136,-0.3002733,1.1567639,0.4469742
0.400357,-1.2471532,1.6079853,1.1116256,0.8559481
-0.32088888,0.5860672,-0.551593,-0.11587472,1.9953357
1.0207448,0.40076515,0.84042007,0.93656397,-0.41966105
-0.3794037,-0.5902877,-1.4026886,-0.23280074,-0.5267858
0.91796976,-0.27422935,-0.2835106,-0.4446979,-0.048620995
-0.52070045,-0.9222036,-0.21788153,1.6054097,0.55302763
0.67617,-0.78005964,-1.6983198,-0.80283463,0.3940314
0.22544678,0.110201925,-0.77873814,1.5874443,0.2982723
0.72227407,-0.5915713,1.2113292,0.9056483,-0.217646
1.1144587,-0.6965369,0.184895,0.96073633,-0.30356765
-0.7354382,-0.21943991,0.10057942,-0.2587838,0.5384537
-0.24222103,0.7635422,0.5055601,0.29418018,-0.7191307
-0.07585026,-0.6757415,-0.1105094,0.79192954,-0.551005
0.942072,0.3087529,-0.3414631,0.4630514,0.8358567
0.33915868,-0.56285423,0.6371306,0.81127363,-0.048274428
-0.021708334,0.56743705,-0.5801414,0.5262093,-0.051010933
1.2911785,-0.076362856,0.6028355,-0.63271356,0.6426079
0.42997,0.41670683,-0.8765185,-1.4391204,0.23374362
0.51004136,-0.52903455,-0.3617335,0.69294953,0.6136369
0.7378849,0.26255026,-0.84272176,0.27871415,0.04642184
-0.47341594,-0.61135894,-0.02070767,0.19740982,0.2832565
-0.5681928,0.49080577,-0.19547506,0.7824006,0.57991344
0.8308401,0.500043,-0.50453055,0.9990713,-0.78053004
1.1253163,-0.0005704484,0.06367761,0.26422906,-0.17652863
0.2520139,0.40238023,-0.15204228,-0.67384034,0.68660724
0.41644025,-0.2419471,-0.11250341,0.25381517,-0.18843676
1.4335654,-0.39505213,0.26122868,0.8191617,1.2697022
1.0603759,0.35724717,0.4514134,-0.43251762,0.6603296
0.296735,-0.70185745,-0.8708184,0.17768219,1.5037619
0.18743297,-0.084008895,-0.10514,-0.014122173,0.5723871
-0.12275147,-0.6129503,0.5365501,-0.27167052,1.2143886
1.1794177,-0.9269026,-0.26623362,-0.08157845,0.07255014
0.41845384,-0.7292774,-0.21069933,0.8408218,-0.15479617
0.07284319,-0.51114887,-0.50416696,1.639505,-0.39882246
0.53069234,0.15356453,-0.0059496905,0.38826007,0.54575676
1.1500437,1.3103161,0.87107676,-0.79510224,-0.9822567
0.65847427,-0.61948746,-0.70603263,0.794934,-0.40419522
0.14789055,0.5135616,0.22951984,1.279914,0.07230731
-0.49328712,-0.48867473,0.12147214,-0.84118336,0.4997249
-0.23031332,-0.4504162,1.2442771,1.1522262,0.59332633
-0.064374216,-0.32025212,0.17768668,0.43409953,1.5101992
1.4137149,0.18511468,0.11777449,0.5187228,0.70979685
0.07789073,-0.933387,0.023407381,0.60218453,-1.3096269
0.400546,0.23793277,0.27095217,0.56406057,0.4677524
1.0626384,-0.17146777,0.3499605,-0.80796534,0.31857997
0.063246205,-1.0096468,0.07816255,1.7172921,-0.2906344
-0.054135796,-0.37926504,0.38206553,-0.10607717,-0.94329286
0.14791012,0.19886754,-0.0030677398,-0.7619443,0.76194894
0.76843816,-0.60108125,0.7923566,-0.34978366,0.24509716
0.49613,0.53200644,0.7108851,0.47969377,0.2424316
0.49240714,-0.43980867,-0.06408869,0.4560382,0.47601685
1.0147829,0.608476,0.8411067,-0.8008443,-0.20568816
1.4127356,-0.4165949,0.4610574,-0.1267806,0.53847367
0.20154129,-0.27000296,-0.750447,-0.01896668,0.5251993
0.26259828,-0.100337915,0.044160634,0.7897198,-0.061297584
0.80238533,-0.7091116,0.041722793,-0.4689567,0.48200625
-0.15700977,-0.38041282,0.020293262,0.3499307,-0.007848533
0.115216576,0.37398347,0.0839327,-0.26188377,0.80972636
0.7610073,-0.79473495,-0.016974157,-0.0045360364,1.7154192
0.6806817,-0.18295975,0.5378913,0.18050914,-0.4548452
0.6860608,-0.83826965,-0.16620082,0.62299824,-0.13524766
0.76674014,0.22126405,0.38628632,0.35310757,-0.42599753
-0.32898918,0.629597,-0.04917247,-0.025836553,0.8662567
0.71522754,-1.6424595,0.78530693,0.19253634,-0.47927058
-0.026498634,0.25069562,-1.0947424,-0.21089275,-0.76509583
1.186283,-1.0250152,0.8746849,0.7106748,-0.19700737
1.386483,-0.09978474,0.6993018,0.65757495,1.3458453
0.74904114,0.6820506,1.0958819,-1.1639718,-0.73110974
-0.058794953,0.035277303,-0.67444134,0.9963688,0.93589157
0.37372103,0.83894145,0.027661616,0.25884944,0.38295752
0.59850854,0.15036501,0.04515513,0.7811144,0.40924114
1.0169846,-0.24764197,1.0170994,-0.70219487,-0.092456825
0.8312371,-0.648147,-0.18796769,0.83211863,0.7838862
1.4384054,-0.8822639,-0.38724408,0.17447166,-1.2653952
0.61616015,0.5200083,-0.76010907,1.0306922,-1.0295264
-0.12904471,-0.46313325,0.41592294,-0.73226506,-0.938522
-0.76725876,0.036572866,-1.0776986,-0.3716582,-0.2953047
0.1615063,-0.4019451,0.8824383,0.08617006,0.2811131
-0.27115542,0.081647396,-0.9431357,-0.65444964,0.7568595
0.7325463,0.42724591,0.33600184,1.1577232,-0.3857005
-0.23901428,1.6149396,-0.38536727,1.1182227,0.1032166
0.6460788,-0.0571292,0.6765894,0.22117056,0.7052057
0.1880102,0.24060552,0.98283714,-0.22948365,-0.21051529
0.82709557,0.7634143,1.0185933,-0.08664756,-0.60922456
0.5412264,0.14470026,0.45777,-0.897733,-0.2705242
1.067314,0.64315164,0.41276348,0.6448944,0.5083517
-0.2585192,-0.2861369,0.24638826,-1.1027008,0.17587669
0.6915252,-0.45741946,1.222486,0.16054341,-0.019844018
0.5294664,-0.9333761,0.075304106,-0.39020258,0.013629855
1.3763015,0.43278602,0.7832402,0.29789793,-0.48572502
0.19629729,0.65425706,-0.6530685,0.21830328,0.3470389
-0.30705863,0.53614384,1.036782,0.7725438,0.11896441
0.68742007,-0.43974876,0.47813112,-0.6349941,-0.0058894255
0.2234989,-0.43352428,0.64785624,0.26874897,-0.7544458
1.1308128,-0.11058579,0.9202774,0.09980553,-0.08897293
0.45774496,-0.0428179,-0.2783173,-0.063147016,0.5332078
0.38751465,0.3855567,-0.7131047,-0.7569951,0.13039261
0.71665287,0.031189783,-0.36229503,-0.3585837,0.0432465
-0.07087557,-0.9201225,-0.1555644,-0.50530237,-0.020980086
-0.22917822,-0.9113254,1.0607849,1.6170394,-0.5127566
0.45619854,0.3831433,-0.6859089,-0.07398111,0.01829387
0.7385274,0.30362442,-0.32202965,1.4272342,1.0550653
-0.9558358,-0.19362259,-0.123140514,-0.27808538,0.6402674
1.207056,0.33706462,0.228938,-0.19700508,-0.015368004
0.83414215,0.9774638,0.5002221,-0.10424991,-0.46327588
1.4538193,-0.84256035,0.02862488,0.599397,-0.13270618
0.97374797,0.5381771,-0.1387754,0.53837687,-0.65717775
0.7617783,-1.0326858,-0.69605976,-0.27729428,0.86511844
1.2230828,-0.06121204,-1.1092556,-1.8757329,0.086723976
0.6292083,-0.6536542,-0.5317098,0.40128505,-0.12123744
0.38144663,-0.07986003,-0.333175,1.2290655,-0.34624544
0.9521165,-0.92425275,0.42899644,-0.075178996,-0.18781497
-0.40727702,-0.5875518,-0.10792043,1.6511015,-1.4072303
0.8115199,-0.461022,0.26799637,0.5068404,0.6702658
1.0693312,-0.62524194,-0.16116428,0.43704882,0.2699009
0.11596876,0.3231149,0.38924667,0.8279502,0.37418473
0.064249344,0.6815401,0.366991,0.984569,0.9352514
0.16332549,-0.1729268,1.1498231,0.11046665,-1.462792
0.45032558,-0.87946,0.672126,-0.111074604,-0.5899953
0.56178033,-0.91272014,0.68334603,0.4428187,0.7751815
1.1018277,-0.5803807,-0.6659937,0.52260256,0.073127694
-0.6526548,-0.24411218,1.4193313,0.51127994,0.36428556
0.06719343,-0.14944266,0.18091764,0.7650236,0.67818606
-0.41527486,0.57120293,0.5192426,0.54672116,0.93488824
0.8997791,-1.0084656,0.06330986,0.7562226,1.3154752
-1.0419279,0.72166777,-0.5695602,0.059671137,0.58910006
1.4803264,0.8307185,0.7585598,-0.5336291,-0.19928114
0.73567694,-0.6103896,0.099452235,-0.100679226,0.7440846
1.0985023,1.4582304,-0.272369,-0.28577664,0.17615755
-0.4194979,0.14302681,0.5598473,0.21357968,-0.42107436
-0.1048487,0.6776194,-0.70329356,0.6000934,0.51402897
0.25834626,-0.17669065,-0.31222704,0.34443244,0.30628973
0.9848094,1.0545206,0.22312099,0.33276224,1.2456226
1.0649644,0.39909074,1.1119368,0.351486,-0.15825418
-1.1164954,0.051184695,0.71119213,0.7467395,0.6123898
0.3001195,-0.57063025,0.46968234,0.75507593,0.26861146
0.28872505,0.31466064,-0.48708045,-0.89552504,-0.5392456
0.5390911,-1.2964844,0.9528174,0.26628003,-1.0445929
