Factor_1,Factor_2,Factor_3,Factor_4,Factor_5
0.039812773,0.99408823,-0.46087965,1.2383821,0.061993856
0.121379554,-0.038932785,-0.64121574,1.0704628,0.075799
-0.51987565,1.4213352,0.3052548,1.3081838,0.47644582
0.046892542,-0.5845459,-0.17796646,1.1946387,0.13399541
-0.45495608,0.19951972,-0.49259678,1.2443265,0.112075545
-0.42967147,0.21262096,0.68058974,1.5877098,0.5060122
0.26421586,0.47429526,1.0885863,1.6160846,0.6667236
-1.101333,0.49399245,0.1970665,1.4574637,0.16301008
-0.41312093,0.7810515,-0.15515636,1.4396152,0.05523972
0.51503,1.1272335,0.75972,1.3800042,0.013464321
1.3124436,0.2042383,0.7474769,1.6005007,0.19020984
-0.5628945,0.18458836,0.6864704,1.602439,0.19400433
-0.54315406,0.040274296,0.48576283,1.7217025,0.22015302
0.60317254,-0.1683911,0.335276,1.6038803,0.18591948
-0.06231252,0.17500779,-0.29421484,1.4488975,0.06098814
0.5516195,-0.044448923,-0.10040185,1.3647624,-0.40864152
-0.27205983,-0.36750793,1.1326461,1.0268121,-0.45680636
-0.3180527,-0.3406211,0.6434667,1.4057477,-0.09845696
0.986189,0.24630447,0.78487694,1.4280986,0.13522342
0.10116756,-0.032250986,0.84782505,1.6028901,0.114434935
-1.4784063,0.086120225,0.6235591,1.5720191,0.06743928
-0.23567568,0.525281,0.38810945,1.7156776,0.19669947
0.34246263,0.07837783,0.6993546,1.5824416,0.13524184
-0.2782982,0.60638577,1.0405725,1.6913413,0.1552845
1.802182,-0.93790144,0.17276487,1.494251,0.20673056
0.48166317,0.394155,1.0194806,1.0343693,-0.30381545
0.10781592,0.2886141,0.4751263,1.3662117,-0.1874449
-0.63843155,0.8132429,0.74475616,1.5619308,-0.039129224
0.33113214,-0.6502569,0.8111133,1.613895,0.081442185
-0.9739369,-0.5412354,0.62513834,1.6709177,0.0895732
1.0549802,0.07150219,0.525857,1.6492598,-0.3581813
0.19532184,-0.26382422,0.45434177,1.7282977,0.100688934
-0.18139112,-0.21242215,0.34465945,1.7423961,0.08367748
-0.5757731,0.45724154,-0.14746681,1.5107493,-0.073166765
-0.9463086,0.37902072,0.19693165,1.2488291,-0.23592332
-0.45833072,0.33425838,0.28266555,1.5265353,0.03363495
0.7379562,-0.05161523,0.39871636,1.7051224,0.522084
-0.65157217,0.21191633,0.50857615,1.6319889,-0.018302083
-0.14087644,0.612968,0.7286563,1.6833634,0.093834676
-1.0051571,0.22462308,0.367288,1.6935396,0.11961428
0.048464987,-0.6993536,0.3650576,1.6385989,0.062350843
-0.342691,-0.010248746,-0.3978641,1.2648194,-0.19779582
0.576585,-0.06010042,-0.3003732,1.5117775,-0.13902302
0.4208353,-1.2746751,0.24361281,1.5261605,-0.08025513
-0.6772674,-0.09394197,0.33558252,1.6150038,0.0011748709
1.9158945,-0.75170755,0.30903298,1.6470162,-0.14535047
-0.93590677,0.23029259,0.39908525,1.5991672,0.027112795
0.06789436,0.6526298,0.5280275,1.7517066,-0.013446097
-1.4173465,-1.1296309,0.20276138,1.3616838,-0.18139718
0.4639592,-1.2766688,-0.28737667,1.39415,-0.645051
-0.13449714,0.88793665,0.0038888026,1.2048246,-0.25922036
-0.26965323,0.2874115,0.14609043,1.5355799,-0.12830326
0.24788216,-1.0371697,0.34214583,1.5193974,-0.05558336
-0.5084231,-1.1866937,0.40254384,1.5153021,-0.035943493
-0.10140187,0.20439537,-0.51318115,1.1836394,-0.2398037
0.013550391,-0.24464744,-0.81159186,1.4279784,-0.22466688
0.9721339,0.16089638,0.07862563,1.2527823,-0.2737804
0.4883765,1.3012445,0.23183519,1.2969015,-0.24380368
0.11274866,-0.6675768,-0.74633795,0.7903653,-0.40089938
-1.3002769,-0.7148772,-0.8211404,0.9962257,0.11102361
0.37642857,-0.6453801,-0.89793575,0.86796427,0.07449274
1.0031284,-0.22152406,-0.9219735,0.773632,-0.032587253
-0.34251443,-0.5324984,-0.6076646,1.1562881,0.17318656
-1.0897465,0.98713493,-0.71379226,1.1310433,1.6080322
-0.5345972,0.007560195,-0.8884229,0.9367298,-0.068914145
-0.14722657,5.0286773e-05,0.18337184,1.3606716,0.15270188
1.2510779,-0.5940156,0.8471754,-2.973888,-0.56457865
-0.4812761,1.9038463,-0.64689624,1.1873893,0.018162915
-0.02995788,0.21396315,-0.61418915,1.066535,-0.11564933
0.5431784,-1.1936871,0.5952933,1.4519426,0.12801693
0.33178738,-2.0955474,-1.8688713,1.4456087,0.10752225
-0.73560643,-0.46504983,0.010605023,1.4432688,0.12517077
0.18933614,0.67520934,-0.12314164,1.5641999,0.026094796
-0.7761516,0.49927902,-0.40481314,1.1887213,-0.24845728
-0.6289992,-0.69643486,0.63627875,1.4421031,-0.58694106
0.2001099,0.056134425,1.0346854,1.918846,0.16281013
0.47908366,0.43109787,0.51988894,1.3906485,-0.1692298
0.27222192,-0.51527923,0.3989477,1.6605896,0.12268279
0.3035245,1.0944991,0.37583527,1.4498763,0.03748258
-0.3873894,-1.480983,0.28350794,1.402255,-0.015320619
0.64585906,-1.046946,0.69826776,1.4360411,-0.15843186
-0.29133978,1.324181,0.6295148,1.6273216,0.3872068
0.91447407,-0.14522025,0.73430073,1.5814271,-0.06803837
0.02339836,-2.5691476,0.6717896,1.6485726,0.10150316
1.0775862,0.21161984,0.82413965,1.6472422,0.078648694
0.046642404,-0.39252314,0.37800795,1.5191734,0.019031635
0.24536292,0.21026808,-0.3702255,1.4295486,-0.027179629
0.58792424,0.49825385,0.41205752,1.3001018,-0.21267727
0.22427353,0.42895862,0.11421053,1.4411998,-0.14036556
0.78812426,-0.23106644,0.65302676,1.6465223,-0.07939732
1.0293622,0.6304865,0.9605624,1.8598844,-0.22238633
-0.52392167,0.6268621,0.34055248,1.5960654,-0.11586979
0.99660945,0.03656285,0.5485614,0.9684151,-0.28761214
-0.79229385,0.3691745,0.13217515,1.7264631,0.19761491
-0.04596712,0.12850946,0.4156256,1.5468199,-0.039390426
0.45771313,-0.39178026,-0.27703542,1.1925182,-0.35459876
-1.5380836,-0.46660113,0.071233004,1.3149717,-0.28765008
0.28580427,0.8756958,0.26293898,1.4320012,-0.20254594
-0.3333179,-0.49134675,0.45236865,1.5084883,-0.3884576
-0.30600703,-0.5348493,0.40656778,1.8102801,0.73643047
-0.32297212,-0.6932087,0.5010774,1.6880338,-0.03173234
0.10599994,0.6542359,0.47489002,1.5135164,-0.16129933
0.09832979,0.7202703,0.8421001,1.8754605,0.049522925
0.04607688,1.2094032,-0.6519959,1.0229348,-0.9105604
-1.1025287,-0.53635514,-0.73836756,1.3371127,-0.3108361
0.15179324,0.30195418,-0.024441628,1.3698823,-0.2618392
0.15352109,-0.914354,-0.28458095,1.6569375,0.0818091
0.22094308,0.42621967,0.4376372,1.5561991,-0.2117185
1.6950716,-0.016276482,1.1069314,1.6922765,-0.07137044
0.56551135,-0.8121544,0.65043426,1.6965288,1.0642068
-0.8777074,0.52445567,0.6249104,1.5815848,-0.1370179
-0.34206796,0.080715284,-1.2579368,1.006194,-0.25419924
-0.7140215,0.4096075,-0.68784636,1.2575138,-0.25007382
-0.34314135,0.53227085,-0.4492332,1.3442734,-0.26661488
-0.11251525,0.4080827,0.868084,1.4361311,-0.18926328
0.31752938,-0.483363,0.16495742,1.4775126,-0.17006482
-0.5416653,0.35528886,0.63944703,1.4882467,-0.17827776
-0.8434014,-0.55678564,0.6548677,-2.3580477,-1.0352974
-0.37491193,-0.52121174,0.7500171,1.4166234,-0.16246839
0.19566005,-0.12512599,-1.1813651,0.92839724,-0.3688819
-0.20539089,-0.31450972,-1.0600127,0.9516332,-0.3367872
-0.2813365,0.13546057,-0.9224087,-0.42535615,2.38442
0.23126234,-0.6976558,-0.29967123,1.3003155,-0.263964
2.1380148,-0.36779767,0.012055573,1.3855714,-0.2506625
-0.26329204,0.49993366,0.30234075,1.6528113,-0.16781579
0.47402784,0.6914486,-1.2490045,0.77815545,-0.38819045
1.1095923,-0.19605729,-0.9776882,0.76659006,-0.5412357
1.2362193,-0.31421784,-2.6791067,0.9908801,-0.38531753
-0.47062698,0.3993923,-0.20988347,1.1179521,-0.5469764
0.52918535,0.3833978,-1.0160801,0.34236592,-0.5606384
-0.5253966,-1.033866,-1.363054,0.76835734,0.8957557
-0.01517174,-0.8361587,-0.7303333,1.0425423,0.014835274
0.009621523,0.16394053,-0.34022477,1.1604376,0.007285397
-0.7489419,-0.12190531,-0.87169147,0.98601604,-0.080180086
-0.06690522,0.8209214,-0.8603901,1.0884224,0.023881907
-0.64243966,1.2379836,-0.12475759,1.3362185,0.008766902
0.117290296,-0.7290401,-0.41575876,1.3116896,0.020549783
0.99809074,-0.21026234,-0.7976386,1.1160369,-0.6341332
-0.06485702,-0.6623932,0.3502921,1.5029142,0.040811364
-0.028710242,0.2147332,0.16548504,0.6173705,-0.42538625
0.88863665,0.73982745,0.33579272,1.3970612,-0.16945261
0.056960743,0.611272,-0.2910126,1.2222427,-0.17477277
0.16096605,-0.63686454,0.8929838,1.6438524,0.045934778
-0.7482007,0.23850605,0.58006203,1.5322326,0.013316659
0.0035116693,0.3537052,0.26358974,1.4728472,-0.030168433
1.0684805,-0.3727403,0.2532527,1.6460713,1.1756219
0.3223979,0.29510397,-0.086349025,1.2188781,-0.42748666
-0.45074645,0.8998295,0.7538384,1.520618,-0.23877388
-0.24636814,0.54482216,0.79625535,1.5807683,-0.14012304
0.18622537,0.042173356,0.76044095,1.5112269,-0.11007082
-1.3298709,-0.249817,0.7247935,1.562409,-0.017507028
0.2932427,-0.2930166,0.65684134,1.5103525,-0.030063929
-0.64264363,-0.582117,0.50821936,1.4213701,-0.13478544
-0.71294194,-0.2804674,0.3844153,1.348445,-0.17049831
0.7044213,0.65958416,0.20733888,1.2995039,-0.27906618
0.58618116,-1.0431685,0.6512166,1.4833239,-0.29480648
-0.6732627,0.19482374,0.77340996,1.586683,-0.21297492
0.9991421,0.36281863,0.56843996,1.7337761,0.7966088
-1.5646284,-0.0041486756,0.6121741,-0.2766042,-0.87997806
0.7373689,0.32045656,0.59065837,1.5971478,-0.005186411
0.39410755,-0.23370287,0.6261928,1.6505121,-0.11555025
-0.14822903,1.2468175,0.658262,1.8007642,-0.33708784
0.90188384,-0.2704042,0.5964202,1.3166671,-0.4398849
0.6918362,0.16041052,-0.46758792,1.0976175,-0.41457063
0.12338534,0.12984887,-0.26379853,1.3326006,-0.36716408
-1.0980313,-1.3745869,0.011233817,1.3504529,-0.32534847
0.9517615,-1.0113871,0.2853251,1.4288653,-0.28746474
-1.7741759,-0.37445414,0.6669646,1.6088343,-0.11091089
1.7950381,0.45004642,0.5637294,1.4929153,-0.11599352
-0.30839345,-2.0351875,0.6321249,1.5253487,-0.12342406
-0.24786125,-0.0034201655,0.98018414,1.4569682,-0.15053612
0.8106174,-0.91966313,1.1299998,1.3723602,-0.259823
-0.12021748,0.13204816,-1.0229723,0.83771086,-0.3096874
0.47821948,0.20233652,-0.81038845,0.95462126,-0.43647584
0.64303654,-1.8582765,-0.7587664,1.317995,-0.30526084
-0.3196173,0.86408365,-0.29713327,1.3079504,-0.35110852
0.05885488,-0.388,0.08100895,1.539872,-0.23225483
-0.2047449,-0.37688893,0.48720768,1.6424434,-0.21588588
0.32185856,0.02733883,0.78734577,1.5203297,-0.31824684
-0.11215655,0.5765057,0.79757583,1.5254365,-0.20044546
-0.29498783,-0.5070752,1.5509305,1.4772704,-0.2674642
-1.5115687,-0.037520874,0.90743285,1.3280313,-0.5155124
-1.4815245,-0.29552975,-1.3885558,0.8174168,-0.44552195
-0.020705324,-0.4575948,-1.3199757,1.1399415,-0.41079748
-1.1023333,0.076474234,-1.106828,1.3599465,-0.43099725
0.48403132,-1.1913093,-0.88998663,1.4208143,-0.31278467
-0.037196234,0.09381212,-0.27519426,1.4020432,-0.28339115
0.6639699,0.8838455,0.121003985,1.5203583,-0.22408204
-0.11085433,-0.94576526,0.7497753,1.4090538,-0.70932037
0.018923067,0.42126545,0.9894775,1.5320134,-0.2945995
1.1164842,-0.73749757,-1.8322037,1.3107636,-0.36920238
-0.048529368,1.7955673,-1.4201725,0.7022336,-0.38829845
-0.32046184,0.0021393113,-1.2443174,1.0887295,-0.4519733
-1.6438851,-0.86792403,-1.0815825,1.1188971,-0.3052032
0.24585573,1.0875103,-0.7399774,1.3136196,-0.28259102
-0.003921222,-1.8579944,-0.052120402,1.3208914,-0.34814602
-0.14056888,0.8967966,0.2670845,1.2535076,-0.65755266
0.09106166,0.28128505,0.7622948,1.2847565,-0.55100423
0.44165757,-0.57520705,1.1277765,1.6592344,1.2970163
0.20889659,-0.16121458,-1.6349999,0.49776468,-0.5000225
-0.20226148,-0.10334485,-1.3830249,0.68504924,-0.39206383
-0.7259015,-0.29732662,-1.1677902,0.86457306,-0.41545877
-0.18402907,-0.14436503,1.2768389,1.0687828,-0.5075254
-0.6759939,1.7884663,-0.51691157,1.1808549,-0.49672174
-0.5440782,0.16708827,-0.7689551,1.2850717,-0.7269196
-0.08292505,-0.1568675,0.7319975,1.0638816,-0.57474923
0.9990234,-0.2692242,-1.4032748,0.37090048,-0.5419959
0.06067438,-0.010926796,-1.3498607,0.47142586,-0.56618637
-0.8530499,1.007685,-1.0841827,1.0216177,-0.810177
0.121323794,0.74524075,-0.77570903,0.7114699,-0.81935126
-0.4380149,-0.08187644,0.19375518,1.5795548,-0.21694835
-0.08090438,0.14027396,-0.19708689,1.0889012,-0.25447166
-0.45134625,0.42167997,-0.50072825,1.0092318,-0.2275795
0.12572844,-0.5327854,0.35652035,1.4204516,-0.49052843
0.04531676,0.42037177,0.080337115,1.3251485,-0.2332401
-1.4426832,1.1720803,-0.14242968,1.0628392,-0.3124061
-0.20002244,0.2380149,0.6590409,1.3975444,-0.35818335
0.25259072,-1.8651693,0.5589654,1.4039068,-0.28325492
1.7872043,-0.19749708,0.44401294,1.6574427,-0.42475423
0.12115119,0.43386748,0.07084604,1.1630616,-0.40682346
0.04897902,-0.9903465,0.71734697,1.5975275,-0.39750522
-0.18883146,-0.15964557,0.8381141,0.66654044,-0.4890544
-0.27367482,0.09267406,0.808219,1.481995,-0.19482109
1.1155677,0.16681737,1.1968865,1.552941,-0.43579745
-0.3272875,-1.0481027,0.7676933,1.3766143,-0.21775313
-0.31043783,-0.9381124,0.5377809,1.6090559,-0.35738033
0.2647596,0.067409344,0.6178353,1.2437325,-0.19048765
-0.6230893,1.0386193,0.4394921,1.4639888,-0.38130757
-1.6751246,-0.17685781,0.6224123,1.57975,-0.29861355
-0.068807915,-0.6560148,0.7138405,1.4663479,-0.24783905
0.15885569,0.0807824,0.8187553,1.5907749,-0.14593115
0.29868746,-0.45131826,0.7505843,1.3740617,-0.32384485
-0.9236873,0.9148852,1.0678171,1.2185811,-0.5251377
0.68273854,-0.93435204,0.9342614,1.0807457,-0.6394363
0.7958154,-0.20893757,-0.10015956,1.4066184,-0.4225731
-1.2759542,-0.15583055,0.21396598,1.4122307,-0.3465743
-0.5601154,0.2392042,0.5951002,1.4493841,-0.30010623
-1.1869408,-0.43016183,0.8134285,1.4747978,-0.37451112
0.43718743,0.4850251,1.0227834,1.4978536,-0.25393727
0.23337977,-1.2754453,0.98881024,1.4247781,-0.3434032
0.20957112,-1.105365,1.2728155,1.1926033,-0.5331952
0.004477955,0.47450632,1.2343826,1.0776782,-0.93179816
-0.24413002,-0.62952566,-1.1318562,0.8747337,-0.47762212
0.3103874,-1.4284393,-0.97419816,1.1014004,-0.52770853
0.6002565,1.3073183,-0.53690785,1.2542969,-0.39015895
0.21243128,-0.06791364,0.015528275,1.3908597,-0.4502115
0.0021892542,0.9082586,0.2779418,1.5017313,-0.3470343
-0.6085575,-0.44208208,0.8832517,1.4387411,-0.30701953
0.12081956,-0.088927664,1.0907667,1.3431021,-0.40271968
-0.09864243,0.04056915,1.3621658,1.3251331,-0.47258538
-0.014498267,-1.0833929,1.3196514,1.0864291,-0.7301512
1.172504,-0.78071547,1.4322221,0.85014725,-0.73684084
2.3749013,-0.8448638,-1.5035852,0.58370596,-0.6976952
-0.10747412,-0.27403116,-1.4377012,0.80789626,-0.44125277
-0.40702075,-0.3738136,-1.3323468,0.90120596,-0.4572074
-1.86963,0.012182928,-0.8956413,1.1661726,-0.6529935
-0.20813093,-0.19948687,-0.30754128,1.3668308,-0.3368014
0.142791,-0.06005704,-0.05224234,1.3919982,-0.38062888
-0.2834211,0.19796076,0.8121376,1.4136646,-0.3827629
-0.49551022,0.5476386,0.9284793,1.1885431,-0.52582055
0.76825863,-0.12712619,1.2110442,1.1986054,-0.54171073
-0.04459828,-0.44762045,1.2786555,1.1576381,-0.7127327
-0.84640676,0.3747814,-1.4246289,0.6938984,-0.44570294
0.82084435,-1.227808,-1.6856024,0.7393548,-0.5341753
0.48053154,-0.099713705,-1.142605,1.3432316,1.009775
-0.24646074,0.7828049,-0.79605514,1.2653774,-0.4082797
0.13949211,0.9472177,0.4507961,1.3211153,-0.9194397
0.3184412,0.91226506,0.43648574,1.2639978,-0.48274118
-0.6288841,0.38796467,1.1843369,1.1373472,-0.5808631
-0.21493638,-1.2639129,1.3406111,0.9706078,-0.6561666
-0.80377626,1.1373005,-1.5580091,0.7798339,-0.6546128
0.23774844,-0.011421964,-1.7264128,0.844867,-0.47515756
-0.42104182,0.7462349,-1.3147088,1.0465319,-0.5406771
-0.06415808,0.876573,-0.9309966,0.9943842,-0.5477379
-0.4049852,0.9278185,-0.52610284,-1.5516417,-1.1848768
-1.0359024,0.50782967,0.215176,1.0453088,-0.6701385
-0.79999673,-0.10636571,0.82185817,0.8549177,-1.0081068
0.21966702,0.6588183,1.2736304,0.6794462,-1.0869715
0.7309181,0.03195599,-1.6234773,0.44871736,-0.6390896
0.061670054,1.2110614,-1.4857999,0.65733695,-0.5271459
-0.17750345,0.36009058,-1.0503705,0.90692365,-0.62866104
0.72436494,-0.056348473,-0.26213935,0.7248173,-0.77567667
0.24772725,0.7762431,-0.06952038,0.64360636,-0.872517
-0.24360391,-0.1686084,-1.088411,0.93517107,-0.33808142
-0.10266526,0.88950396,-0.053985618,1.0767831,-0.28648975
0.8398394,0.26051924,-1.0326673,1.0748875,-0.2510186
0.23120542,-0.32644492,0.47596785,1.246467,-0.34236348
-0.33103552,-0.90510976,0.10045307,1.0050927,-0.4338964
-0.5277964,0.2976361,-0.2498333,-0.3991194,-0.9473479
-0.6238178,0.39003563,0.989933,1.3801539,-0.33464777
0.8503627,-0.720709,0.88466054,1.2420943,-0.4473592
0.6303418,-0.022837635,0.39722848,1.3592194,-0.4646773
-0.74845684,0.1206829,0.20587346,0.9080755,-0.68889153
-0.33278647,-0.8057266,1.1869593,1.35368,-1.2219409
0.30073217,0.01623665,1.1938726,1.4555211,-0.38424513
0.017839745,-1.1731348,1.1296992,1.1763855,-0.635961
-0.42838344,0.41969222,0.98473907,1.1337962,-0.5213491
0.05807528,-0.22197993,0.8642006,1.0383133,-0.7014562
-0.030690217,-0.060342714,0.6755889,1.8708693,-0.4599011
0.18618278,0.48457253,1.2041396,1.3453096,-0.4605506
-0.30832624,0.90506756,1.0704949,1.3752564,-0.44587794
-0.5740376,0.88596076,0.54271877,1.2454038,-0.46357253
0.58689153,0.34993592,1.308095,1.1101123,-0.68475837
-1.051818,-0.18160173,1.1800108,1.2564646,-1.584857
-0.5693881,-0.019601751,-0.2619666,1.1956524,-0.58396304
-0.39435133,0.9871071,0.20040406,1.1454891,-0.5846052
-0.5524746,0.90160847,-0.32325202,1.2201573,-0.4919823
-0.34455475,0.4214723,1.0368412,1.2504427,-0.6034881
0.055744212,0.9087638,1.1977249,1.3812367,-0.49639645
0.034293335,0.038959637,1.5977806,1.11743,-0.5864792
0.31199792,0.0619923,1.5195118,0.93260723,-0.68717945
0.888656,-0.9925067,1.7587535,0.83571196,-1.2716655
-1.1626711,-0.38364393,-0.6689385,1.0185367,-0.5588754
-0.51599073,-2.0550952,-0.065284,1.3231746,-0.5167323
0.008793694,-0.03022104,0.41963077,1.2612193,-0.5003712
0.8826318,-0.19035819,0.9259739,1.2572207,-0.54647744
-0.33495247,0.15197739,1.502869,1.2810562,-0.6118094
0.65460306,-0.37463284,1.4406979,1.3380762,-0.8014374
1.3493869,0.42089358,1.5448995,0.8547819,-0.8250412
0.3297373,-0.015224952,0.5695195,0.6614639,-0.856914
-1.2284276,-1.3138909,-1.3925827,0.56711304,-0.66831464
-0.24438354,0.5264065,-1.4584212,0.7114531,-0.54174393
0.25023252,0.23117754,-1.2032564,0.93166584,-0.53751004
-0.2767485,-0.009782624,-0.51831484,1.1524891,-0.5806293
-0.019537175,0.121189654,1.0726393,1.2514898,-0.5547518
0.47615182,0.4323285,0.6869828,1.1058358,-0.6244099
-0.35658225,0.30981636,1.1515613,1.007964,-0.7357011
2.2100947,0.8868445,1.4466122,0.9071845,-0.73396754
-0.5715506,0.34869045,1.6486386,0.749142,-0.7900483
-0.5911377,0.12675613,1.7028253,-1.7388359,-1.2093154
-0.17233881,0.39450502,-1.9374591,0.43176034,-0.6053268
-0.60202426,0.1011131,-1.4640996,0.66539824,-0.5374063
-0.20282884,1.8741367,-1.1781055,1.0372058,-0.5071157
0.2539975,0.44339022,-0.67806536,0.97708523,-0.5872349
-0.8255191,0.3807243,-0.07986318,1.2133301,-0.5412304
0.93797815,0.88149035,0.5344378,0.9423352,-0.80313337
0.4137039,-0.33113962,1.12013,0.9466049,-1.0208893
0.5086417,0.24508253,1.5735931,0.6447165,-0.91292655
0.6969235,-0.07513897,1.4778836,0.6947757,-1.0106043
0.22425489,-0.16996664,1.6134713,1.3974799,-1.0352017
0.87700164,-1.0335066,-1.7629219,0.39597479,-0.60034764
0.62336975,0.9991817,-1.6505885,0.6830423,-0.54828393
0.8504235,0.15262508,-1.4159513,0.67380595,-0.5856613
0.97203875,-0.15014301,-1.0081052,0.828757,-0.7181746
0.39159456,-0.27257743,-1.7065611,0.782558,-0.75065863
0.95358115,-0.49955028,0.23337749,0.7847763,-0.94875044
0.34351656,0.14400563,0.8163589,0.36707538,-1.1530248
0.5263018,-0.16976723,-0.58862346,0.71312296,-1.0700623
0.7357759,0.36123765,1.4775306,0.29579613,-1.2485487
-0.036456347,0.8544883,-1.6274849,0.3153554,-0.75033
-0.010503106,1.6256278,-1.306659,0.51281524,-0.85442156
-0.91643864,-1.7171332,-1.439379,0.502947,-0.98926795
-0.31305346,-0.8476676,-0.76121217,0.5773046,-0.9356786
-0.042090558,-0.15754236,-0.092583574,0.44771707,-1.0993164
1.0510792,0.29757968,0.61878926,0.67815495,-1.5027316
0.021692282,-0.25352925,1.0970696,0.111423776,-1.3863775
-0.45591047,1.4440985,1.3576741,-0.10377936,-1.2627921
0.03495168,-0.34911016,-1.7871392,0.18069442,-0.77974993
0.28702053,0.6144716,-1.620222,0.1274003,-0.9072765
0.22891891,-0.5031813,-1.0121539,0.2361052,-0.9248654
0.5190123,0.39630005,-1.0199201,0.2019889,-1.8407606
0.08727413,0.35252196,-0.22609644,0.07537697,-1.2736937
-0.0130167715,-0.26102346,0.542198,-0.065372296,-1.3465073
-0.40312123,-0.22246747,0.88293964,-0.28802785,-1.3672053
-0.31676114,0.38222829,-1.1870532,0.49356067,-0.26310977
-0.53271437,-0.27985993,-1.0667102,0.41533607,-0.22795616
-0.30934244,-0.41820884,-0.25292537,0.8994565,-0.32455716
-0.3827163,1.0935731,-0.9751662,0.68322617,-0.38030782
0.33853772,-0.6066893,-1.0596035,0.5157262,-0.42895177
0.35311708,-0.19911858,0.5415462,1.0568327,-0.56285
1.3060787,0.3511087,0.10637457,1.1037891,-0.73281217
0.09748011,0.11489725,-0.23829041,0.8265181,-0.51893544
-0.1074678,1.2069536,-0.52734673,0.73481405,-0.5154084
-0.18172513,-0.65954226,1.012535,1.2423187,-0.4503987
-0.5409852,0.25143185,0.83901995,1.109426,-0.5584395
-0.7071508,-0.030362325,0.8840445,0.9963064,-0.63059
1.1858853,-0.56359655,0.47664285,0.9073344,-0.7328653
-0.29439017,1.242024,0.15122807,0.6778475,-0.8549533
-0.8221821,-0.49164483,-0.3344933,0.638231,-0.894341
-1.4524454,-0.08535502,1.0456573,1.2322445,-0.59607357
-0.44715926,0.43474922,1.2456313,1.1930047,-0.6011343
0.88107574,-0.06686047,0.8811788,1.1743431,-0.5720965
1.3879243,2.3786144,-1.9787666,0.82197464,-0.7213224
0.7109179,-0.01265596,1.1888872,0.7629125,-0.8263367
-0.23719297,1.7413424,0.7800077,0.59274167,-0.9649254
1.1093191,0.16764906,0.656948,1.0436634,-0.98152584
0.3547209,-0.1604372,0.7507744,1.0830911,-0.6976585
-0.6141469,1.076292,1.1069869,0.93726224,-0.75260025
0.030224347,0.8716145,1.2904522,0.9806205,-0.7263255
0.0754543,-1.1208758,1.3820397,0.91097623,-1.7375385
-0.1890869,-0.44651136,1.565503,0.82904536,-0.84296864
-0.36772263,0.21039793,1.5581198,0.7184693,-0.85764503
-0.21482001,-1.7530094,1.1508137,0.53463864,-1.0079645
-0.16105735,-0.3621957,0.06101699,0.9504673,-0.78439105
-0.15183777,-0.30707723,0.7752698,1.0173951,-0.7552606
0.859176,-0.015514313,0.9906349,1.013571,-0.68960756
0.8302832,-1.6491385,1.3395835,1.0849334,-0.76617414
-0.16126047,-0.2295117,1.5255762,0.80267453,-0.8087541
0.23697297,-1.1505823,1.5333699,0.8436431,-0.76897305
-0.9840785,-0.4189246,1.6091974,0.65195453,-1.4103736
1.1692015,0.6148698,1.3738552,0.5844967,-0.98760235
0.47080082,-0.57888794,0.17331834,0.9098242,-0.76629055
-0.862305,-0.24522485,0.47398928,1.3363253,-0.8216394
-0.021233495,-0.325851,1.075281,0.96493757,-0.7713732
0.33012137,0.3885201,1.4922467,0.79697907,-0.852283
-1.2749826,-0.34432283,1.5928372,0.7684146,-0.83768606
-0.9149318,0.010100506,1.8524204,0.71076614,-0.8680295
-0.20832105,-0.22199607,1.7002058,0.5418298,-1.0275632
0.3262124,-0.6502039,-0.69168603,0.753822,-1.0039456
0.05514482,-0.07307585,-1.775179,0.47869194,-0.6815946
-1.4667518,-0.41356847,0.612174,0.7048722,-0.7004379
-0.5679977,-1.2339258,-0.8241805,0.7096746,-0.72198874
1.0200473,-0.026976213,-0.48537654,0.88630134,-0.8510179
0.020857098,-0.2520726,0.45928854,1.5798362,0.69343364
0.695186,1.3660527,1.1493169,0.8966487,-0.8115076
-0.5061889,1.3719852,1.4256988,1.4154005,-0.824062
-0.09020633,1.8881714,1.4795184,0.6676222,-0.9000035
0.5476844,0.829132,1.738513,0.59573036,-0.9407377
0.1037781,0.29732248,1.6820614,0.38838577,-0.9716825
-0.19960275,-0.8660338,1.7475318,0.5208049,-1.0592515
0.2139233,0.002874275,-1.8214092,0.19088383,-0.7010694
1.1828402,-1.0469632,-1.6586986,0.2738903,-0.6887175
-1.2237093,0.5947031,-1.4710858,0.6440612,-0.65675515
0.06998514,-0.3516105,-1.0105095,1.3141195,1.8874985
0.2765546,-0.34885925,-0.82224566,0.8020142,-0.69411147
1.2577894,-0.118614614,-0.12466449,1.3643804,-0.831384
1.5378543,0.4934342,1.2212042,0.89016277,-0.9430562
-0.64061147,0.011399233,1.1387618,0.6522913,-1.0525091
0.9291358,0.64592445,1.4589461,0.5599124,-1.0429298
-0.15704663,0.4680763,1.7018017,0.442829,-1.019219
0.3599028,-0.64546484,1.6483258,0.18317874,-1.1070006
-0.79417074,0.31127864,1.6157334,0.3574629,-1.0050251
0.12921406,-0.022043098,-1.9231601,0.012082036,-0.79745215
-1.2665854,0.36609048,0.7185092,0.36961377,-0.66829824
0.8272544,0.22461754,-1.5848612,0.69244117,-0.7226728
-1.1103445,-1.2167238,-0.6092731,-1.4114666,-1.0863894
-0.098320685,0.19084235,-0.6938726,0.58048683,-1.0528816
0.4269119,0.03918058,-0.31998527,0.58282894,-0.9346814
0.5675207,-0.56164783,0.16396536,0.7034677,-1.1251556
1.1033762,0.30109242,0.918513,0.92074144,-1.4931144
-0.8388482,1.6346005,1.3479569,0.27504197,-1.2486553
0.46908113,0.9132444,1.5683889,0.13674326,-1.190435
0.23154728,0.40360707,1.8342143,0.003062763,-1.1721773
-0.35241202,0.23856907,1.5489578,-0.36980656,-1.1445857
0.20660344,-0.21605289,-1.6864231,-0.010698258,-0.93552107
-0.6412315,0.4494673,-1.8440875,0.13732871,-0.77282935
0.2130667,1.8397659,-1.815498,0.22276463,-0.7758741
0.7738753,0.5079531,-1.4251702,0.62555534,-0.8808393
-0.90771204,-0.075520426,-1.1877995,0.3715285,-0.99951935
-1.1148719,-0.3562123,-0.7250411,0.2896219,-1.1056768
0.13945866,0.19426602,-0.20761247,0.23938642,-1.2111132
-0.1788916,-0.36295485,0.7590453,0.050871342,-1.3756624
0.25526428,-0.7273869,1.0111814,-0.11980816,-1.37676
1.461773,0.66221434,1.3995446,-0.2942016,-1.3448236
-0.85200274,-0.14050354,1.3995345,-0.39040267,-1.3067642
-0.8349742,-0.21922861,-1.7617329,-0.61224246,-0.8302538
1.5474682,-0.4884783,-2.008334,-0.06351344,-0.8563721
1.054086,0.6077412,-1.7088143,-0.09057596,-0.90675896
-0.39531976,0.7214305,-1.5393578,0.06763521,-1.1600279
0.45189753,0.25764874,-1.3422989,0.012154262,-1.1041183
0.29552904,-0.46559682,-0.87763053,-0.33146644,-1.2753471
-0.20303914,-0.4592092,-0.9903243,-0.11244517,-1.4199234
0.51146865,0.5045817,0.31825313,-0.27734336,-1.5759579
-0.689663,-0.13330485,0.43176255,-0.37355897,-1.4781224
1.0099502,-0.2581968,0.9618647,-0.5831453,-1.4321687
0.3873256,0.34108338,-1.8678211,-0.24946827,-0.88838494
0.14542899,0.7256644,-1.8573402,-0.1615546,-0.8984163
0.07515766,-0.28290206,-2.1789382,-0.33353442,-1.0564345
0.96286315,-1.2463223,-1.4677306,-0.2212342,-1.1401126
0.3411953,0.10090597,-1.0680286,-0.3620906,-1.3094596
-0.80552965,0.744299,-0.45900905,-0.5209626,-1.5377384
-0.4532715,-0.15250842,0.053704593,-0.7065965,-1.6555625
0.46273905,-0.7266099,0.48935044,-0.5924091,-1.512619
0.24804087,-0.42230135,0.57793933,-0.73642015,-1.4340698
0.36868262,-0.62987673,-1.7723669,-0.53870535,-1.0168008
0.51508325,-0.6325617,-1.8856865,-0.7110109,-1.1166378
1.0347828,0.68041533,-1.5231341,-0.5670159,-1.1800443
-0.40084836,-1.0844835,-1.2030067,-0.6640363,-1.3855088
0.5993821,-0.16147996,-1.8095474,-0.76749235,-1.0766045
-0.21590853,0.37886128,-1.6384771,-0.7891319,-1.2035813
-0.110159054,-0.28696987,-0.8087742,0.8381332,-0.3795345
-0.3188473,0.23093623,1.0806011,0.43188438,-0.5881922
-1.2975568,-2.1717293,-0.00314112,0.8636437,-0.5284059
-0.37032315,0.11831376,-0.53665626,0.73533803,-0.68929994
1.8224983,-0.09984638,-0.41265413,0.57493675,-0.7133389
-0.9161552,1.981372,0.8398865,0.8684163,-0.59178495
-0.14198014,-0.22741374,0.7622308,0.7842748,-0.66644156
0.29944202,-1.1079161,0.38784692,0.6577096,-0.88173425
-0.53011614,-0.1756661,0.32743034,0.51976395,-0.95382977
-0.39466006,-0.9277824,0.95735717,0.9034794,-0.78270006
0.024609976,0.34397578,1.3135252,0.90148526,-0.892582
1.2661785,-0.14180106,1.2520028,0.6661407,-0.9098846
0.028236175,-0.019517945,1.2334886,0.69990444,-0.95263606
-0.24598344,-1.4220194,1.0941688,0.93940973,-0.9631561
0.45638406,-0.3070713,0.70560944,0.35935214,-1.1075176
1.6053683,0.49563876,0.6892189,0.7206012,-0.98730516
-0.12581255,-0.3786455,1.2239543,0.8726582,-0.6888906
0.2155511,0.37548897,1.362329,0.7458796,-0.8312503
-0.04808931,-0.22080773,1.5011168,0.58497447,-0.88921416
0.8878762,1.3369211,1.7371829,-2.3225212,-1.2199019
1.0049806,0.3066256,1.3926299,0.48236576,-0.9411618
-0.7812457,0.7435773,0.7365803,0.32354733,-1.142262
-0.8003289,-0.1499928,1.160389,1.1248677,-0.75057167
0.19977723,0.46461427,1.3557714,0.6092229,-0.92355573
-1.065285,0.63691556,1.5659351,0.5655116,-0.9450903
0.35885713,-1.1953028,1.7153008,-0.7034941,-1.155968
0.3702308,-0.54046816,1.3964102,0.43509072,-1.0193838
1.5878223,0.9356172,1.515347,0.5539974,-0.9468544
-1.1228884,-0.3283337,1.262055,0.31623957,-1.0184091
-0.42566183,0.21646188,0.5361441,1.5259238,1.4011035
0.28618234,-0.21015868,1.004949,0.6956486,-0.9506739
-0.49770778,-0.28116992,1.3719913,0.55196816,-0.9392006
-0.08613451,0.6815246,1.6640342,0.5350131,-0.90440226
1.3204272,-0.74554217,1.7493789,0.54007936,-0.98479617
0.17125994,-0.12552644,1.6558712,0.507376,-0.9780889
0.1688659,1.3056757,1.704927,0.3318435,-1.049667
-0.44528463,0.868312,1.4923971,0.3220019,-1.0364176
1.0049729,1.3365271,-0.45228368,0.6575369,-0.92959166
0.15697066,-0.27418867,0.87011814,0.98550224,-0.51359504
-1.6420003,-0.4946105,1.0408441,0.55963755,-1.1992375
-1.3314662,0.059750415,1.5380952,0.54258305,-0.96716213
-0.19582337,1.962973,1.5278168,0.65748954,-1.0255928
-0.16672297,-0.34007785,1.7446868,0.47672665,-1.0175058
-0.36049074,-0.49426252,1.7737983,0.37881842,-0.96925706
2.1701312,0.3485954,1.6798719,0.29432014,-1.0117131
-1.3649778,0.34529763,-1.1569483,0.58752203,-0.9719646
-0.74105847,0.39383736,-0.5458205,0.7911099,-0.9352355
-0.06593736,-0.7615054,0.1175024,1.3919673,1.3377949
0.48057786,-0.17705013,0.89625496,0.56422466,-1.0613365
0.6264913,0.46516138,1.0843995,0.54392946,-1.1539842
0.40471268,0.14179543,1.6450608,0.64467937,-1.1177801
-0.87425065,1.021885,1.6241508,0.25646675,-1.0747387
0.19456904,-0.2611402,1.6671315,0.13216753,-1.1731269
-0.9733616,0.11527154,1.8390979,0.054057404,-1.1319761
0.2785893,0.0020358968,-1.5522467,0.3220517,-0.8756094
-0.047506038,0.007009218,-1.3321428,0.44945973,-0.8784233
0.8192201,1.3442711,-0.2652995,0.38705644,-1.0085618
-0.30746692,-0.99449563,-0.15949121,0.3022254,-1.2042328
-0.59198284,-0.12327838,0.83091336,0.3335004,-1.2072281
-1.7003183,0.3277428,1.1602736,0.19602457,-1.2525271
-0.11144458,-0.29713926,1.3303819,0.20854919,-1.340011
0.66996795,-0.04385164,1.456065,0.009416154,-1.2334578
0.3277272,-1.7738816,1.5918162,-0.054073673,-1.2817363
-0.24826863,-0.111508645,1.5328066,-0.18613984,-1.1784984
-1.2927706,0.23042381,-1.8387132,0.111296944,-0.8680847
-1.3006865,0.13449766,-1.6584051,0.12818898,-0.82379204
-1.7559597,-0.02676145,-1.3313303,0.49360678,-1.0174084
0.0058520148,-0.27374598,-1.1540813,0.2707683,-1.0482713
-0.07330804,-0.62495524,-0.5486013,0.105772726,-1.2584289
0.36554822,-0.45100003,0.095345266,0.10858704,-1.3341148
-0.4312606,0.22419176,0.5749263,-0.50990194,-1.4943159
-0.46602535,1.281769,0.90096885,-0.93404937,-1.4505792
0.35170418,-1.0370721,1.0698283,-0.30239528,-1.4499542
0.61571527,-0.763213,1.3035485,-0.56973815,-1.3815055
0.94200414,0.4795238,1.1488907,-0.5187866,-1.776191
0.5253268,-0.7253527,-1.8073497,-0.21414073,-0.92941594
-0.079406925,0.36211988,-1.7924494,-0.037165318,-0.9081654
0.22714381,-0.7316586,-1.5757028,0.018036522,-0.94465494
0.3079591,-0.18203688,-1.4047027,-0.088710025,-1.1812674
-1.0134463,-0.2494322,-0.93935573,-0.23157294,-1.3679413
0.017958596,-0.71673304,-0.19461854,-0.50467813,-1.5003642
0.19388591,2.115761,0.41418698,-0.45933896,-1.548843
1.0094911,-0.37558955,0.9085291,0.8586552,-1.2433636
-0.017939538,0.14505365,0.8010314,-0.51261246,-1.4293745
0.069437005,0.33208907,0.8833417,-0.7680319,-1.4790968
-0.4850685,0.567319,0.79940236,-0.632504,-1.2337315
-0.43697542,-0.13433206,-1.8607825,-0.22884972,-0.96043867
1.297937,1.2044896,-1.8242632,-0.28539947,-1.014645
0.04347442,0.4883684,-1.6842864,-0.34292203,-1.0832857
0.23218632,0.5589262,-1.3920746,-0.59830105,-1.154284
-0.7319938,0.1438452,-1.2823834,-0.43888554,-1.3437917
2.470651,-1.1853913,-0.5805525,-0.6514723,-1.6051505
0.7755628,-0.40429875,0.14627773,-0.8617785,-1.5926216
0.2745771,0.08969281,1.0719415,-0.74914294,-1.5829073
0.8106004,0.40027183,0.48619688,-1.1000167,-1.5048676
-0.34985572,-0.28522208,0.5850568,-0.9447157,-1.4028031
1.2524267,-0.43197408,-1.9342865,-0.30155304,-0.8868772
0.5256635,2.1053493,-1.8736037,-0.44837576,-1.2173609
0.87307405,-1.0038688,-1.8045459,-0.4741167,-1.0893277
-0.23908934,0.3160632,-1.7324407,-0.3263782,-1.2120955
0.073217414,-0.053099822,-1.0168225,-0.80891067,-1.5083326
0.19272609,-0.49677926,-0.9464026,-0.79131424,-1.5402461
-0.63107866,0.02870317,-0.4817717,-0.89773893,-1.6611662
-0.056948144,0.039740115,-0.426534,-0.89201933,-1.5834147
-0.2176537,-1.6034834,2.0918941,-1.1125304,-1.4317046
0.37293398,-0.9532752,0.03873662,-1.0566558,-1.349853
-0.08053655,0.19763035,-1.84127,-0.29703754,-0.90609866
0.270419,1.0693778,-2.0066047,-0.50346184,-0.85836166
0.32592824,-1.3475686,-1.7958045,-0.86629266,-1.1168925
0.14431769,-1.2785845,-1.5895587,-0.7140203,-1.2763172
-0.7004322,-0.60655653,-1.4902396,-1.0615956,-2.7070735
0.8735927,0.5467987,-1.0119044,-0.9927292,-1.5277938
0.47304672,-0.74102247,-0.57014334,-1.0200275,-1.5247818
0.86289614,0.119318075,0.082186945,-1.0944651,-1.4375066
0.18615778,0.67826086,-0.27274787,-1.1210237,-1.3406254
0.4784739,1.0782301,0.2074511,-0.9570953,-1.1907434
0.36377186,0.29760924,-1.9396844,-0.72423196,-0.86441314
1.3461089,0.77082694,-1.7707763,-1.0791346,-1.0540203
-1.4110829,0.5639211,-1.6142911,-1.09133,-1.2308633
1.148069,0.9159987,-1.35259,-1.2580664,-1.4372786
-0.254876,-0.38006532,1.5685874,-1.0091364,-1.4836437
-0.17685705,-0.62247425,-1.8374618,-1.0996119,-1.1071935
0.72050595,0.21247163,-1.5296015,-1.0918536,-1.2203587
-0.42711264,-0.23326343,-0.64908296,0.46381715,-0.44563916
0.16542414,-0.14115144,-0.75630534,0.22561318,-0.881859
-0.73098123,0.98345137,-0.7047182,0.29090625,-0.72785956
0.766428,0.7342473,-0.22786367,0.5778354,-0.55842835
-1.4516239,-0.07143087,-0.057488058,0.65327543,-0.5390809
-1.6009703,-1.1419711,-0.06270588,0.3682256,-0.92301655
-0.48810133,0.66633195,-0.14213432,0.19966789,-0.94513065
0.20525916,-1.0855923,0.36626822,0.75776374,-0.77626324
-0.84228164,-0.36797586,0.5354281,0.5801971,-0.7356929
-0.6305087,0.09433212,0.47660935,0.5823217,-0.8856067
-1.3869302,-0.10668883,0.9803007,0.42624527,-1.0972586
-0.50481033,0.78330755,0.34919682,0.28479972,-1.1019081
0.056434214,-0.7792902,0.75359654,0.51351744,-1.0518509
0.31616879,-0.62692595,1.1345454,0.75479424,-0.83543926
0.43270487,1.0694575,1.2130784,0.45718902,-0.9819267
1.5593601,0.79576856,1.0888027,0.44664797,-1.0437901
-0.46355996,-0.8072898,0.893899,1.0157348,0.84188116
0.06528611,0.027623871,0.86448175,-0.063112736,-1.1988168
-0.27269876,0.7562587,1.4336238,0.5419026,-0.9265957
-1.0206199,-0.08186156,1.3430394,0.51443386,-1.1638577
0.030847188,0.73208743,1.7643713,0.5564816,-0.92968625
-1.0563421,-0.5934745,1.4449124,0.4041067,-1.0873865
0.95542353,0.5215058,1.1939356,0.33172852,-1.0306368
-0.64531493,0.050862223,1.085501,0.25351137,-1.0605861
-0.26561102,0.20403838,1.2631004,0.53798425,-0.9982721
-0.2015586,1.5084491,1.4265245,0.462577,-0.95432377
-0.51791817,-0.35399073,1.6696141,0.49792582,-0.9470508
0.5726974,0.5262709,1.6079661,0.5170662,-1.2744881
-0.9109872,-1.1639136,1.6096593,0.6777929,-0.8688686
-0.31072316,0.53000623,1.3130099,0.2645884,-1.0430384
1.4269414,-0.37746266,1.2087303,0.2615505,-1.1056051
-0.094261445,1.4289143,1.6497099,1.264271,-1.0276028
-0.036738772,0.82258344,1.6032542,0.43131387,-1.1359992
0.10425752,1.0252997,1.5875343,0.5898242,-1.0933257
0.35603005,1.105283,1.6911128,0.28758478,-1.0015446
-0.17117408,1.0505594,1.6822281,1.218168,-0.97782767
-0.31367758,0.08021335,1.5757366,0.17752717,-0.9798494
1.1270783,0.31895003,1.4099169,0.26672623,-0.99903435
-1.1901941,0.26262367,0.6321678,-0.59834427,-1.3413943
-1.7120987,-0.04552763,1.3186523,0.39450264,-1.1075741
0.4875538,0.20457341,1.6216009,0.43013892,-0.99696016
-0.20878692,-0.21105504,-1.8671092,1.1085199,-1.0603888
-0.43777493,-1.3354808,1.7081263,0.28499177,-1.0295228
0.38198745,0.2833624,1.6571472,-0.25400513,-1.148765
1.0690613,-0.62857276,1.6502981,0.1924612,-1.0637554
-0.5035223,0.16365719,1.336309,0.115460366,-1.0199965
0.435061,-0.16338642,1.0496734,0.68968165,-1.1688377
0.07150046,-0.11617582,1.1130023,0.43872538,-1.3153274
-0.58078456,-0.011550233,1.4066238,0.5859538,-1.1791574
-0.5903526,-0.45715377,1.4567986,0.14073828,-1.5379431
-0.9663718,-2.154275,1.5735584,0.15670091,-1.1008804
-0.8988963,0.11972443,1.5999751,0.05056827,-1.5282025
-0.18211637,1.6709814,1.592619,0.10527414,-1.0546376
-0.23478565,-0.043342218,1.2920399,0.026548982,-0.9103878
-0.05857811,1.4282821,-0.3237661,0.32650498,-1.3806832
-0.86928326,1.4180071,0.23999323,0.04808819,-1.3236265
-0.42843628,-0.09587968,0.9135452,0.07410765,-1.3314883
0.10485566,0.17401287,1.123852,-0.06289435,-1.4831808
0.87378883,0.39723298,1.3228688,0.021935394,-1.2298787
-0.3777758,0.5703482,1.7104317,0.042656817,-1.18975
-0.5361776,-1.1173847,1.4873618,-0.0972905,-1.6218244
0.87944317,0.21763295,1.3842392,-0.1997857,-1.125962
1.4060162,0.26064363,1.1676656,-0.20758976,-0.78110516
-2.2493396,-0.29050854,-0.3038802,0.26161668,-1.2537119
-0.106254235,-0.03739738,0.15490627,-0.39532748,-1.4654915
0.41502345,-2.1972208,1.2560247,-0.2766864,-1.4686308
1.0028698,0.3271493,1.1796465,-0.46721885,-1.415191
0.023454512,1.3032546,1.133916,-0.34740695,-1.3949169
-1.3025103,-0.071425036,1.3733457,-1.1148745,-1.402443
1.3142979,0.25532278,1.192104,-0.6020293,-1.3155738
-0.0077688154,-0.32535776,1.0426773,-0.44352302,-1.1636312
-0.037722304,-0.5372802,0.8352155,-0.3057482,-0.71745485
0.7849701,-0.61620057,-1.845393,-0.16450453,-0.8057443
0.12386376,-0.17129438,-1.7940803,-0.1384528,-0.84551615
-0.0026584922,1.4540081,-1.6479062,-0.16681659,-0.9805092
-0.8978691,1.1871451,-1.5341725,-0.09951803,-1.0312647
1.1861136,-0.6438656,-1.2290411,-0.23528443,-1.229553
-0.6498459,-0.2811181,-0.8795169,-0.7557474,-1.4611131
0.9511863,-0.7263065,-0.22669122,-0.62821585,-1.5471894
-0.29241595,0.49073476,0.29871032,-0.66706556,-1.5895097
0.30356765,-0.09085503,0.4623997,-0.3168088,-1.4997466
0.1373439,0.25555235,0.56459904,-0.6867172,-1.5381451
1.1623753,-0.94474405,1.1013768,-0.7912091,-1.5364767
0.61996484,-1.2780501,1.1181252,-0.6956831,-1.9512947
-0.037483577,-0.3206072,1.0262805,-0.69039726,-1.0402284
-0.051134735,-1.3110526,-1.8025035,-0.20149384,-0.793821
-0.5968114,0.6389875,-1.8591566,-0.22681752,-0.94781506
-0.33456087,-1.1658077,-1.753278,-0.34437552,-0.9677389
1.2697419,-0.059259657,-1.6741663,-0.27618122,-1.3741724
-0.043813266,0.088667065,-1.371985,-0.7034455,-1.3267672
-0.17496864,0.36473298,-0.9887094,-0.59286183,-1.4715868
1.7149093,2.0028152,-0.6207925,-0.7172031,-1.658514
-0.20725423,0.40825182,-0.2658673,-0.6043043,-1.5232877
-0.20168447,-0.5539859,0.24017635,-0.89596087,-1.4731333
0.4208718,-0.49431992,0.4386238,-0.92037356,-1.5032464
1.3436172,-0.47991383,0.7357026,-0.92114884,-1.4449544
-0.0532396,-0.34110653,0.9881716,-0.93796575,-1.3454958
-0.05665352,-0.41774583,0.8013807,-0.77818584,-1.0042995
0.51062256,-1.8875545,0.45800254,-0.598591,-0.69351405
-0.18790309,0.5614972,-1.8169158,-0.40119568,-0.90092117
-0.3384117,1.1432446,-1.8252155,-0.33882162,-0.9161159
-0.14750388,0.021797117,-1.7678144,-0.3538143,-0.9162835
0.25994214,0.98993516,-1.4704967,-0.9747311,-1.507451
1.4051644,0.44506636,-1.5422515,-0.65420216,-1.453492
-0.25429827,2.283717,-1.4929266,-0.9492897,-1.4987619
-0.017192462,-0.3384724,-0.9287285,-0.88213617,-1.560913
0.014530192,0.15312803,-0.38264883,-0.8968864,-1.5982118
0.081222296,-0.23331405,-2.4103353,-0.93124723,-1.5019991
0.46022096,-0.46347678,0.183852,-0.77433485,-1.1877917
0.010037115,-0.36818448,0.5660298,-0.9631692,-1.3076552
0.84387916,-0.45484948,-0.6257259,-0.78089345,-1.0384856
0.2782476,-0.8262064,0.39272818,-0.8212765,-0.93747026
-0.09746845,0.6654108,-1.7795386,-0.57454664,-0.8528424
-0.06356351,-0.39932737,-1.851051,-0.4969293,-1.0915239
0.40225756,-0.4706847,-1.7046591,-0.5979024,-1.1271266
0.26315656,0.030303791,-1.6799167,-0.70731246,-1.5503649
1.2736071,-0.17911701,-1.6188667,-1.1844412,-1.5954212
-0.44844085,0.20229037,-0.6060221,-1.0142753,-1.6928178
-0.08866547,0.14177197,-0.36059964,-1.1288326,-1.545626
-0.8466435,-0.18534845,-0.19091804,-1.0261164,-1.4284593
-1.1088778,-0.12001856,0.06013717,-1.1117669,-1.3271929
-0.040600784,-0.70060515,0.21516286,-1.369004,-1.2160003
-1.5168304,0.16183293,0.51600003,-1.0403128,-1.080824
-0.6588702,0.45462507,-1.7463118,-0.71475726,-1.0457835
0.18467304,1.1950759,-1.8735509,-0.8033925,-1.2038796
0.6557811,0.048243638,-1.6766772,-1.0134646,-1.3435103
0.75300956,0.24215303,-1.4050987,-1.0714996,-1.4783185
-0.18208449,0.4878652,-1.0886095,-1.0390877,-1.4941336
-0.38829073,-0.015384074,-0.5232028,-1.1181501,-1.4948292
0.9308478,-0.24423042,-0.06517728,-0.9823131,-1.3410704
-0.7108097,1.3563701,0.10823398,-0.9917451,-1.4679602
1.5793148,-0.83409107,-1.7827171,-0.7462002,-1.051714
0.011089067,-0.062000982,-1.7295758,1.1353084,-0.67368495
0.0062274137,-1.3256229,-1.5121511,-0.89067185,-1.258523
-1.0587269,0.5566102,0.1522901,-0.9594029,-0.9907669
0.47974047,0.6960908,0.16603194,0.3900165,-0.88068813
-0.03246185,0.48806044,0.35836732,0.22105885,-1.0225861
-0.8716487,-0.852914,0.43301004,0.5589937,-0.7210608
-0.007740312,0.20463865,0.93641996,0.51926905,-0.9712171
-0.963361,0.22758253,0.709086,0.5132473,-0.92105275
-2.242712,-1.2597339,0.35208267,0.24080265,-1.0903771
0.3331528,0.55898625,2.766206,0.54884297,-0.7971911
-0.31436676,0.11931154,0.9557674,0.5358347,-0.87825155
0.10456299,-0.070588626,1.0223465,0.39275426,-0.9614197
0.56395704,-0.027409632,1.2551825,0.460485,-0.93339187
0.99247843,-1.0332713,1.0080268,0.37131533,-1.0017451
0.13646466,-0.8878111,0.8951304,0.17933379,-1.1479429
-0.21788774,-1.5212157,0.6469872,0.32217208,-0.9704145
0.42824215,0.2454211,1.4185098,0.41887563,-1.0240364
-1.28363,0.050672017,1.5479563,0.48008132,-1.0863472
0.3146777,-1.0807073,1.5449134,0.39530182,-0.9875861
0.28639516,0.13948882,1.3006114,0.23077044,-1.1096553
0.6230211,0.056138806,1.1705292,0.14322573,-1.1104255
0.60260504,0.60333276,1.473938,0.33500051,-1.1244476
0.8787657,0.8432033,1.6345176,0.44781148,-0.98895854
0.14576319,1.4067883,1.5260403,-0.4329368,-1.1964451
-0.09541476,0.39166287,1.6769327,0.2997061,-0.9458348
0.77851063,-1.0210199,0.6739193,0.3564421,-0.81660247
0.2169282,0.083379835,1.2989916,0.22408205,-1.0513648
0.36701813,-0.74879754,1.0416734,0.31090328,-1.0205774
1.3191478,-0.040286638,1.3555256,0.4594932,-1.0418091
-2.1366498,-0.9600904,1.6934508,0.3418593,-1.1147056
0.7648335,-0.5781922,1.5776087,0.41066718,-1.0122964
0.94081587,0.43451,1.5570829,0.2549303,-1.075601
0.33547193,0.708403,1.4476202,0.37996107,-0.9750845
0.039320394,0.45630565,1.3393351,0.29827684,-1.0230762
-0.35053194,0.031242443,1.3501956,0.10640231,-1.0590696
-0.14862788,0.55830497,1.1500865,0.4149886,-1.4147182
0.35593635,-1.0727425,1.3098863,0.29701865,-1.1614854
-1.5469302,-0.29100072,1.5291996,0.22778322,-1.0903323
0.5332245,0.6463616,1.5827389,-0.34348592,-1.1657833
-1.2658201,1.0326482,1.6697825,0.16294895,-1.0700303
0.69823337,1.0223314,1.5266148,0.28769612,-0.99077153
0.34684157,0.5348579,1.4308416,0.7386783,-0.9363877
0.17591102,-0.7115661,1.0577154,0.31998935,-1.1076609
0.0059147044,0.014993351,1.1742934,1.8639437,-1.2000667
-0.15568419,-0.030461038,1.2522734,0.10283131,-1.2925692
0.57619244,0.6742991,1.5187881,0.4339651,-1.1680908
-0.1237096,0.14413093,1.775986,0.14108905,-1.1080544
0.16469733,0.61796606,1.6891587,0.11590813,-1.1252676
-0.41826573,-1.6935633,1.592953,-1.2115655,-1.0717212
-0.36805606,-0.059520885,1.3723376,0.35773504,-0.6798005
0.51933146,0.044975534,0.6862939,-0.97599393,-0.65474015
0.098967634,0.060462717,1.0420674,-0.048674222,-1.3194577
0.23789205,0.980283,1.1041429,-0.047202434,-1.2827383
0.023007968,-1.0855098,1.2653053,-0.06991105,-1.3180006
1.9720927,-0.43578053,1.4758745,-0.13118006,-1.3241324
-0.5497913,0.04567513,1.5330565,-0.29631904,-1.152814
-0.25007954,-0.13014312,1.3408207,-0.019481122,-1.222026
0.92407,-0.3152068,1.1735411,0.16748296,-0.5329383
0.41663647,0.20034933,0.3385667,-0.2100954,-1.4761249
1.0897177,0.7784412,0.6106786,-0.36831573,-1.4748912
0.08599649,-0.73034245,0.8239098,-0.42673075,-1.4554105
1.0678427,-0.9943564,1.1403822,-0.57111686,-1.4077281
-1.0709132,-0.4558207,1.3100528,-0.35131508,-1.348881
-0.42070332,0.09193561,1.5059133,-0.42985016,-1.2342182
0.19189972,-0.50801,1.1366287,-0.25695324,-0.9124438
-0.7193499,1.4466134,0.8566374,-0.045654908,-0.48916617
0.05904346,-0.26709545,-0.2099069,-0.8822071,-1.5024704
-0.1364785,-0.38556314,0.7393905,-0.3969861,-1.2671827
0.3340803,-0.3485301,0.5005472,-0.56164277,-1.7881696
0.12046126,-0.24284758,0.8618323,-0.75531226,-1.4867707
0.42244777,1.8671321,-0.026662309,-0.5606248,-1.3835226
0.6694015,0.26327792,0.9982641,-0.5815184,-1.4788294
0.77878505,-0.24370328,0.611636,-0.5376183,-0.94252217
-1.3601193,-0.20321748,0.7376033,-0.23953144,-0.6256221
0.09216436,0.26756203,-1.2379595,-0.6843668,-1.3904221
-0.5446402,0.78104204,-0.27147517,-0.77859974,-1.5339457
0.03874975,-0.8706768,-0.6298522,-0.4169479,-1.5472547
0.89094526,-0.2217226,-0.18341209,-0.8668279,-1.5425773
-0.13446169,0.9123927,0.51742166,-1.0132093,-1.6230141
-1.4161073,-0.5849602,0.6702836,-0.92693996,-1.6213834
0.19278926,-0.80050313,0.95172113,-0.8530384,-1.4208088
0.4359398,-0.5574196,0.05154162,-0.8146933,-1.3828136
-0.92319214,-0.48677263,0.73328924,-0.5653094,-0.8690488
0.36828637,0.44800007,0.52172065,-0.4652102,-0.69118243
0.06422368,0.30428335,-1.818381,-0.6262191,-1.1283662
-0.04683897,0.74784034,-1.6599052,-0.70863295,-1.3566314
0.6533763,-0.5914433,-1.0453444,-0.7282449,-1.5429505
-0.24477251,0.110012814,-1.0147911,-0.8341535,-1.6019745
-0.4056885,-0.73721546,-0.3380141,-0.6989143,-1.8615096
0.445764,-0.80309045,-0.036413033,-0.883097,-1.9857683
0.39525756,-0.37830836,0.23200132,-0.9923361,-1.4694879
-0.08109961,1.2306912,0.49585775,-1.1848067,-1.3884486
-0.27571258,-0.42882282,0.57144576,1.8482891,-0.6982908
-0.9060352,-0.031868964,0.47764108,-0.8209887,-0.91426027
0.30481598,-0.14003818,-1.8592923,-0.25317264,-0.82452285
-0.93136144,0.37408927,-1.4254268,-0.77401716,-1.5063885
-1.0034524,-0.23856705,-1.2543199,-0.88945353,-1.5653614
-0.04808468,-0.6502824,-0.86487985,-0.90317947,-1.5586724
0.41667482,-0.024448687,-0.79524565,-1.1258917,-1.5226625
1.0340778,-0.51671034,-0.10595789,-1.0109675,-1.4438893
0.20447138,0.28590453,-0.08229621,-0.9593949,-1.3741771
-1.8359352,-0.16003676,0.6206031,-0.9484313,-1.3373843
-0.77714235,-0.2686451,0.38252562,-0.9241551,-1.0732388
-0.63219464,0.086459875,-1.7548562,-0.6781136,-1.4621978
-0.58817434,0.0879608,-1.571488,-0.7950091,-1.3676324
-0.54175675,0.89210427,-1.0690796,-1.0854689,-1.579341
0.14297944,-0.13666306,-1.044007,-1.0314996,-1.5649476
-0.5335344,-0.32913485,-0.6129101,-1.052151,-1.7700454
0.018848233,0.24409433,-0.2591448,-1.0730833,-1.3788025
0.55048025,-0.09413406,-0.002876071,-1.0548733,-1.4446062
-0.09554283,-1.5093799,0.28615612,-1.0412092,-1.2145066
1.0997102,-0.06343655,-1.551866,-0.86159873,-1.2940887
-0.63374406,0.35395265,-1.5074168,-0.97172356,-1.4003092
1.2833582,-1.011913,-1.2346764,-1.0010989,-1.4930998
-1.0830109,-1.3831288,-0.8575356,-0.602641,-0.9977499
-2.0466661,-0.30192092,0.8610048,0.5304463,-0.8411526
0.13922931,0.56332964,-0.9334186,-1.1387973,-1.1745106
-0.14961618,-0.03801471,1.1796392,0.19449012,-1.1115874
-0.4381391,0.3522551,0.9709815,0.20215824,-1.0541668
-0.54744214,0.1595557,0.93828034,0.515459,-0.8971362
0.52967626,0.6756071,1.3235233,0.24715038,-1.0874227
0.2789157,-0.56818765,1.3645359,0.66418374,-1.0554821
-0.3404707,-0.14682767,1.0210462,0.16739768,-1.1034147
-1.363759,0.0041225865,0.83122057,0.18194157,-1.0448209
0.48108673,-1.5101322,0.9346298,0.36500907,-0.91645575
-0.6825927,0.5798317,1.5574602,0.6606916,-0.82930374
0.36158815,0.98972356,1.3223144,0.3856591,-0.9821613
0.45859954,0.62235457,1.2962865,0.16468899,-1.482884
0.6930594,-0.43091908,1.1473501,0.20332089,-1.9050653
0.45885316,-0.13894418,1.4540837,0.33108532,-0.9722121
-0.2751711,-0.29856518,1.4162029,0.9403683,-1.0382642
-0.124657735,0.9866203,1.3844025,0.3819974,-0.98464245
0.3969062,1.1514322,1.2721363,0.28809527,-0.93328476
0.12361869,-0.52160245,1.1257608,0.2076655,-1.0763894
1.7357486,0.08405034,1.518673,1.2266003,0.9916974
0.46902674,-0.17274775,1.6539836,0.30875456,-0.9425992
-0.7301894,-0.44206536,1.441084,0.25094062,-0.9099141
-0.48745465,0.7639777,1.4330648,0.5440314,-0.8796908
0.7802493,-0.86606073,1.065739,0.26693788,-0.9686775
-1.098023,0.7347217,1.7819613,0.28973734,-1.1398453
0.4073738,0.6831303,1.6138785,0.4004322,-1.0070381
-0.08119181,-0.35612935,1.876003,0.4377765,-1.0729723
0.17277323,0.030630868,1.515333,0.35158333,-0.8548094
0.8582094,-0.82769513,1.4593291,0.37861353,-0.7262056
-1.2160889,1.0753299,1.1356734,0.4191936,-0.55546975
0.878508,-1.0832013,1.3188238,0.1436463,-1.3458217
0.4102483,1.0347217,1.3153715,0.2039118,-1.1751978
0.37087107,-0.75966024,1.5186965,0.07818527,-1.1365743
1.4723841,-0.5163962,1.7404103,0.30821422,-0.9517342
0.46277598,-0.8353941,1.5413891,0.48962003,-0.788083
-0.72889495,-0.68813294,1.1582477,0.33950284,-0.95055884
0.14683203,-0.6536963,0.5669272,0.45494258,-0.32044864
-0.8874081,0.7365861,1.0824575,-0.11679269,-1.3675774
0.058576453,2.5960786,0.86091405,-0.012396491,-1.2042288
0.44957155,-1.434867,1.0644809,-0.76508045,-1.2114459
-0.15083763,0.009256813,1.6512667,-0.07216763,-1.1234242
-0.036724288,-0.2424009,1.374929,0.22787946,-0.7340618
-0.5292178,-0.14109668,0.8895528,0.42605177,-0.2804924
-0.13512379,-1.06817,0.5956933,0.41250253,-0.1897494
0.8886089,0.669081,0.58154905,-0.69533265,-1.4647561
0.7344305,0.3749486,0.806858,-0.39772794,-1.4629283
-0.8330316,-0.3229922,1.053751,-0.28484613,-1.435005
-0.5378428,-0.53761405,1.2860162,-0.3100071,-1.3854246
-0.53436184,0.33178475,1.2473307,-0.21235067,-1.114086
-0.060488984,-0.99488395,0.8030662,0.028941656,-0.7250186
-0.26950964,-0.6264393,0.94985443,0.18600194,-0.41038856
-0.19694719,-0.29385483,-0.22673799,0.3217026,0.08965697
0.4294271,-0.38947102,0.36870587,-0.3949915,-1.4821736
-0.5338734,-0.40011972,0.6533202,-0.6285758,-1.4616337
-0.4619607,-0.382701,0.8039859,-0.42399266,-1.4306619
0.10146188,-1.0542954,0.30142915,0.33634526,-0.39251295
-0.23462754,-0.10910438,1.0163275,-0.47102913,-1.1729217
-1.0895402,-0.2980464,0.9484861,0.22229072,-0.6460118
-0.8775002,0.29194802,0.7001778,0.005687896,-0.40126166
-0.08398943,-0.19687195,0.5434534,-0.015768887,-0.22512965
-0.009475634,0.27594393,0.058952138,-0.6580739,-1.9682099
-0.8216583,0.21670827,0.25651586,-0.6500163,-1.4614775
-2.4266217,-0.09666668,0.6344564,-0.74864006,-1.4637427
-0.2209939,1.4302167,0.69392246,-1.1173029,-1.4690812
0.16477694,0.8493975,0.89840347,-0.63886213,-1.4189377
0.036165703,-0.72214544,0.736366,-0.9526441,-0.8158019
0.18269691,0.8691314,0.6192881,-0.06843514,-0.39617983
0.28264654,-0.78455263,-0.5397145,-1.1277854,-1.6585581
-0.04511452,-0.47770554,-0.14598554,-0.8993493,-1.5317681
0.44683707,0.97544944,0.17614558,-0.98754996,-1.5041522
-0.86282086,-0.351206,0.23795687,-1.3229071,-1.5373089
0.4204907,-0.0035040951,0.6877194,-0.8513996,-1.4767077
0.1935549,-0.33691943,0.6008602,-0.87937176,-1.1922035
0.71213955,0.025481826,0.5316855,-0.59528077,-0.8414493
0.16768447,0.02890586,0.49825314,-0.32180843,-0.59343094
-1.1015992,-0.8597828,-0.9727022,-0.9769252,-1.4988343
0.71752226,0.32891518,-0.64266187,-1.0782537,-1.5586063
0.026713084,-0.30830464,-0.5269336,-0.9600823,-1.5256752
0.65606916,-0.5460762,-0.05923438,-1.0951289,-1.4964975
-0.7512446,-0.0014139154,0.38094583,-1.0572432,-1.9226906
0.07275107,0.052827038,0.23453598,-0.8565434,-1.3678122
-1.053422,-1.2163409,0.44207537,-0.48382366,-0.9582885
2.2564292,-0.8346177,0.70053506,-0.57590747,-0.86297673
-0.5255911,0.45189205,-1.4823775,-0.8615987,-1.4485632
-0.22234792,-0.15386333,-0.91612405,-0.925219,-1.5065284
-1.2837865,-0.42241368,-1.0999299,-1.0069654,-1.8200591
-0.1024305,-1.4366215,-0.7509898,-1.1335611,-1.4771018
0.14416935,0.78649455,-0.176644,-1.118584,-1.3574195
0.027576504,0.1839445,0.050689783,-0.83337176,-1.0762792
-2.6166353,-0.13342725,0.2547969,-0.7526448,-1.1643485
-0.005318274,-0.1003615,0.42780855,-0.7523498,-1.0467086
-0.5022392,0.48418197,0.48264825,-0.4860552,-0.87742025
-0.5878555,0.094095826,-1.1560084,-0.8816897,-1.5743915
-1.0767566,-1.7532601,-0.5376644,-0.8966895,-1.456833
0.13333161,0.08560936,-0.75565386,-1.0533078,-1.5547242
0.83259207,-0.06834716,-0.56806594,-0.9714383,-1.3605089
0.85293776,-0.790595,-0.19598533,-0.9362744,-1.33027
-0.045582928,0.2789728,-0.08326065,-0.77834505,-1.3629748
-0.24247752,0.2023217,0.3283878,-0.64052296,-1.0805025
0.30867988,0.0136545105,-1.0929916,-0.5340826,-0.9680906
0.015327451,0.16627784,-0.81094944,1.0000472,0.08473538
-0.3863545,-0.81125844,-0.734027,1.2036047,0.45580956
-0.56132257,-0.16677505,-0.7018345,1.2246373,0.42618796
0.22447611,0.6176335,-0.82098395,0.96143717,0.08057719
-0.20111476,-1.1945708,-0.84066117,1.189959,0.26285163
0.37340543,-0.8802342,-0.5461507,1.2537754,0.57584786
1.5633159,0.50845414,-0.520047,1.3554683,0.344945
-0.966641,0.34257284,-0.57173276,1.3368345,0.20216215
-1.0996268,0.02179364,-0.39666158,1.3508458,0.22142246
0.18215464,-0.19717605,-0.31174585,1.4345452,0.25533694
-0.0005360158,-0.29413572,-0.21715671,1.2856908,0.29034197
-0.10883289,0.6071681,-0.28312188,1.3089236,0.2717907
0.70264065,0.09744501,0.06372039,1.2014993,0.14107648
-1.1981969,0.09913386,0.0011469322,0.95098126,-0.060767885
-1.7957044,-1.1419162,-0.63604164,1.3615035,0.17563957
1.0744755,-0.20335229,-0.5651763,1.3847157,0.19937705
0.41171613,-0.45671624,-0.43859226,1.5055236,0.25552225
-0.955747,0.157413,-0.5107037,1.4107137,-0.07045022
-0.42315435,0.5747111,-0.13640942,1.6018882,0.22673668
0.10578842,-0.23661001,0.012582618,1.3213636,0.07082467
0.2916358,-0.33496353,0.41069418,1.1314933,-0.06285831
-0.25947997,-1.0009024,0.020954965,0.81991524,-0.27752557
0.88834673,0.27248287,-0.55390126,1.6680057,0.24172044
0.36295518,-0.058523715,-0.43866757,1.7060119,0.22550753
0.5017054,-0.728211,-0.25769317,1.6080835,0.21930629
-0.4313362,0.7201226,-0.36846885,1.5317913,0.15862781
0.43180075,-0.9332959,0.80086845,1.2640604,-0.01562693
-0.3454863,0.28190726,-0.043756526,1.3498234,-0.07659196
0.50091684,-0.3328904,0.009320516,0.8623223,-0.2244253
0.9923068,-0.06695746,-0.48170993,1.6740695,0.29685402
-0.20883588,1.4796169,-0.62202847,1.5250287,0.1703321
-0.27496424,-0.707397,-0.2793946,1.653569,0.26604366
-0.84848183,0.29368618,-0.326239,1.5822213,0.083997354
0.9932142,-0.72244096,-0.20367378,1.560076,0.04659822
-0.8511463,1.1742502,0.08699649,1.3793113,-0.1930817
-0.93616694,-0.81065124,-0.12421674,0.9363456,-0.21233335
-0.29505733,-0.08742809,-0.45995784,1.3730624,-0.70992047
0.18016683,0.6568704,-0.44984964,1.6030772,0.14873895
0.81333184,-0.6994064,-0.32562208,1.5978609,0.041957512
-0.88591313,-0.9784263,-0.411525,1.4362966,-0.02303412
0.6142254,-0.65245664,-0.76671916,1.3553134,-0.14039133
-1.238455,-0.44380522,-0.1534671,1.1305767,-0.13171826
-0.36598414,0.71280384,-0.2360098,1.4933136,-0.031165048
0.8739882,0.0337721,-0.32579175,1.4802318,-0.039959513
-1.0910013,-0.7071066,-0.502239,1.3740568,-0.11613613
0.5043629,-1.0399088,-0.32205653,1.1832932,-0.11439156
0.46885622,-0.839831,-0.6324624,1.1397796,-0.117540926
-0.34418905,1.2576275,-0.44400865,1.6217933,-0.09780187
-1.4573631,-0.69506717,0.039025195,1.3577857,-0.12127373
-0.07426588,-0.46451625,-0.4623361,1.2788725,0.02369529
-0.33543888,1.5822041,-0.55110335,1.2827061,-0.2483687
-0.31378233,0.8212774,-0.6908989,0.88422614,-0.18353789
-0.36701107,0.46480286,-0.4670753,1.3254002,-0.3904676
0.32227296,0.27522328,-0.49377963,1.070633,-0.20159298
-0.259717,0.04104847,-0.6344738,0.9932233,-0.2443656
1.4412727,-1.148704,-0.77046883,1.1085311,0.5747565
-0.390361,-0.58008313,-0.8119161,1.3840142,0.635828
-0.053483885,-0.20552997,-0.6731741,1.1153175,0.5127872
0.63793,-0.7905087,-0.81337214,1.0211359,0.46313667
-0.28599277,0.6131647,-0.6052184,1.2901495,0.50656426
-0.530708,-1.8643172,-0.7096076,1.2094141,0.34163943
-0.8545253,0.1962955,-0.5357022,1.2109767,0.3743775
0.25491783,-0.308814,-0.49138787,1.4060956,0.274756
-0.73010546,0.016658895,-0.9323045,1.2140892,-0.3326446
-0.55081135,-1.2464588,-0.87543017,1.3143882,0.31949782
-0.07488745,0.14529684,-0.48293096,1.3953799,0.58103454
-0.72496563,0.8186172,-0.3772046,1.350697,0.3904077
0.22696885,-0.68643534,0.12199863,1.5010238,0.2687909
1.2398108,1.1759452,-1.8569568,1.5227183,0.0072430097
-0.6124416,-0.09621189,-0.7048831,1.3435081,0.07431022
0.9375419,0.88565385,-0.5048876,1.4509565,0.20900984
0.115948685,0.4637958,-0.45302242,1.5983247,0.34222934
0.25800416,-0.14662565,-0.37461346,1.8928155,0.2414525
-1.1569502,0.3925876,0.122302696,-1.2446687,-0.6191237
0.37214482,0.26509774,-1.1714258,1.2223332,-0.080419436
1.1053843,-0.07998705,-0.67980677,1.5893484,0.7822527
-0.7144186,0.35498878,-0.49441195,1.5620074,0.20586656
-0.5944156,0.930066,-0.4065982,1.6014252,0.24470909
0.7034213,-0.9215368,-0.27319905,1.6427819,0.33581764
-1.787652,-0.29643872,-0.5534155,1.4835025,0.2137919
0.0606736,0.55241936,-0.29965803,1.475534,0.07048009
-0.5353258,0.4292532,-0.71918386,1.4480699,0.07767708
-1.3753991,-0.27851254,-0.61045086,1.553447,0.28608933
0.2469286,-0.33217064,-0.5001204,1.6726688,0.29552552
-0.2965188,-0.14168303,-0.38478392,1.7820654,0.28024158
0.47061622,0.08157814,-0.39427212,1.6115015,0.17927149
0.20779604,0.7697576,-0.23431155,1.4771224,-0.04385274
-1.1015877,1.0599513,-0.11349443,1.246332,-0.55563086
0.028942574,0.63453937,-0.02083226,1.1331421,-0.23295906
0.17139298,-0.7875541,-0.6874456,1.4733627,0.27529922
0.83369684,0.20432776,0.9271741,1.6428958,0.22831444
-0.114846624,-0.1314606,-0.2972296,1.7157428,0.15465353
0.7136341,-0.62045074,-0.78231215,1.7625395,0.529917
0.15421303,-0.48569885,-0.36493883,1.6682563,0.052921757
-0.12018658,0.973138,-0.4377539,1.5621039,-0.009717033
-0.33556762,1.3123504,-0.31960446,1.3659276,-0.16498046
0.3379334,-0.37371016,-0.28705257,0.9986765,-0.2786275
0.5396989,1.4067166,-0.49704033,1.5385499,0.15887477
0.04202542,-0.5117594,-0.50063765,1.7046275,0.12504295
0.33197463,0.45005238,-0.93453217,1.5554072,0.083382666
0.46839583,-0.17324616,-0.50755674,1.5564344,0.019972486
-0.3052151,-0.20154777,-0.42506942,1.4756665,-0.07290278
-0.08624752,-0.092623726,-0.5391991,1.2672366,-0.44464314
0.21634519,-1.0501075,-0.62371564,1.4804584,-0.21463189
0.21883604,0.9283029,-0.5738873,1.0068258,-0.4493258
-0.5839336,0.46706837,-0.55503255,1.6183769,-0.47725296
-0.8502807,0.47407857,-0.37825483,1.6283468,-0.0947649
0.8395334,0.08343803,-0.47420254,1.4907689,-0.084501356
-0.42288807,0.10285877,0.28650984,1.4644234,-0.06397448
1.1132379,-0.096241415,-0.69345057,1.2449145,-0.28328365
0.14640655,-0.2504461,-0.75476956,1.0739523,-0.28058657
-0.10954756,0.7721696,-0.5436537,1.3298291,-0.22433436
0.46974215,0.4781789,-0.43366876,1.5082134,-0.19997074
-0.84187675,1.6955636,-0.6416434,1.3354492,-0.20920406
-0.74789375,0.29282907,-0.8304266,1.4349102,0.4500649
-1.5176731,1.4898224,-0.7388975,1.1564815,-0.23245393
-0.6169879,0.16414735,-0.6912929,1.0496597,-0.3476028
1.0212569,0.12183367,-0.5977006,1.2042251,-0.33626443
-1.002601,0.7451021,-0.68900514,1.1628022,-0.28332466
1.2484496,0.4997383,0.6753846,1.0770482,-0.30030927
-0.35250753,0.21867143,-0.9091036,0.8303974,-0.38458353
0.06950459,-0.035979968,-1.1039027,0.9367738,0.27874643
-0.5191501,-0.14910015,-0.9321658,0.8944322,-0.15194817
0.28617105,-0.15675199,-0.9787469,1.1308689,0.2567428
-0.19999734,-1.041273,-0.91589063,-1.0417342,-1.2560266
-0.43495336,-0.8226219,-0.6093846,1.5558301,0.33983576
-0.26687893,-1.131003,-1.1502031,1.130851,-0.03504108
-0.4600211,-0.73840433,-0.8986354,-0.87798345,-0.8821648
0.39618427,-0.045821086,-0.54024893,1.4006636,0.27292696
0.6551215,-1.2554001,-0.8053754,1.2821542,0.34960264
0.31237355,-0.19089459,-1.1185124,1.4146886,-0.010641024
-0.7533429,-0.5123533,-0.56295574,1.5145983,0.18211934
-0.9192997,1.001816,-0.48332775,1.7027967,0.3124739
-0.4525829,0.2610157,-0.45196322,1.6200179,0.30010077
0.84400964,-0.5578726,-0.7997372,1.2848177,-0.36640882
-0.113464706,0.7094125,-0.4463722,1.438073,-0.0010084198
-0.10862132,-0.3982502,-0.77048254,1.4047042,0.08440507
-0.6760631,-0.10055584,-0.5635828,1.4850093,0.15722725
-0.111092,-0.23087369,-0.8329122,1.8150289,0.2827945
-0.34160063,1.4629544,-0.3471138,1.4709816,0.07239816
-0.3468829,-1.0472203,-0.5376015,1.3282268,-1.6308033
0.22862476,1.4113582,-1.1261123,1.8677548,0.114339255
0.17153554,-0.09864156,-0.55476993,1.6929969,0.21607988
0.48779377,0.30081794,-0.585768,1.6462413,0.24732326
-0.4545108,-0.23084608,-0.91644585,1.6457684,0.25186694
-1.1666174,-1.1370987,-0.492433,1.5975493,0.015244543
-0.23621254,-0.34390107,-1.3977197,1.556781,-0.01333522
-0.025752202,-0.54911894,-0.69776946,1.5831759,0.035993706
0.8382678,0.64136237,-0.22694255,1.5998396,0.45329
0.8271999,-0.69787055,-0.727117,1.559329,0.25388455
-0.4797867,0.46196356,-0.6316976,1.6596984,0.2642478
-0.624323,0.30502602,-0.5585171,1.5676241,0.1007627
-0.3823785,0.012551116,-0.63836634,1.5128502,-0.16401553
-0.3997543,1.1348859,-0.7117127,1.3790873,-0.25640845
-0.5162083,-0.6499543,-0.44679818,1.1662225,-0.40591186
-0.756505,-0.14752968,-0.68312603,1.5071446,-0.0911622
0.38881886,0.028529694,-0.67085797,1.5818307,-0.07449979
0.7271651,-0.95684373,-0.6569404,1.7806851,0.09446648
-1.3668126,-0.2760245,-0.58181214,1.7555153,-0.044615176
-0.3560068,1.3925685,-0.79913265,1.8282236,0.03028931
0.4337547,0.5675017,-0.8058737,1.7154602,0.85429364
0.7821195,1.241614,-0.8244108,1.2699147,-0.33088917
-0.13422492,-0.6543168,0.6967008,1.0409956,-0.6295408
-1.7324817,-0.3517591,-0.84548944,0.8463952,-0.38802534
-1.4419532,0.22439198,-0.45791286,1.3312032,-0.28714803
0.68089503,-0.06817081,-0.5007388,1.4864385,-0.18796268
0.3488723,-0.64470047,-0.63160884,1.5106761,-0.113037325
-0.8765228,-0.49761918,-0.5943565,2.088966,-0.14465925
-1.1376212,0.5172527,-0.68351275,1.3311771,-0.35115132
0.49361137,0.52925617,-1.0551251,1.4003171,-0.2407508
-0.56118494,0.871545,-0.9243519,1.1961807,-0.22506025
-0.43053502,0.39177096,-0.9829246,1.0072702,-0.35059395
1.936007,-0.11350147,0.59017766,0.84836745,-0.3779123
-0.25341275,0.10110689,-0.48726907,1.1783211,-1.2671704
0.30843416,0.29031518,-0.42629763,1.3808718,-0.67743254
-0.82516414,0.32906964,-0.70171475,1.4479705,-0.31147853
0.20188117,0.5422177,-0.7140479,1.1981336,-0.40121883
0.26117906,-0.16093357,-0.8473869,1.1511195,-0.307199
-0.8686665,0.5112363,-1.0553826,-0.09656284,-0.7892969
1.0353442,0.8535546,-1.0841478,0.8267897,-0.37360242
-0.99380213,0.74178684,-0.23941213,0.95879596,-0.70453835
0.5838659,1.1582532,-0.5933085,1.1494848,-0.54696405
0.17131907,-1.2766665,-1.103495,1.2242163,0.87994426
0.1120143,-0.41284046,-1.0032257,1.0380762,-0.39325383
0.15393396,0.6545088,-1.1616383,1.1498508,-0.37714046
1.2469828,-1.4325584,-1.712168,-1.0897053,-0.8013886
1.3693248,-0.35183078,-0.6989952,1.0430106,-0.72910106
-0.84060305,0.33171454,-1.0070266,0.936555,-0.48995224
1.5163231,-0.50428754,-1.2447592,0.6480696,-0.56292385
-1.9072852,-0.05934877,-0.8604524,0.9432565,0.094690695
-0.12554148,0.6915314,-0.76297796,1.3572626,0.35167083
-0.3475118,0.090663224,-0.90376395,1.080448,-0.12789972
-0.8426474,-0.85964775,-0.8460806,1.2601736,-0.79607016
-1.0093715,1.1909577,-0.5761783,1.43723,0.16118737
-0.19710845,-1.2364863,-0.7093041,1.2453406,-0.70724356
0.021931631,0.2253551,-0.966666,1.4418272,-0.07404779
-1.7717994,0.13530608,-0.73622316,-0.4552613,-0.6567153
-0.8312221,-1.6060079,-0.50921273,1.5949732,0.38987002
-0.7821503,-0.5011999,-0.5199334,1.4194524,-0.2522922
0.44652164,0.37951934,-0.57288736,1.4773538,-0.2377868
-0.2957488,-0.3546433,-0.5919883,1.5547459,0.10808816
0.43861544,-0.3469056,-0.5362405,1.6213939,0.22893925
-0.3449086,0.5504166,-0.7020066,-0.38588157,-0.44386953
-0.18412861,0.4261282,-0.58572984,1.5335752,-0.016070638
-0.7241765,1.3422325,-0.61557317,1.4218605,-0.39151978
0.37238473,-1.6430149,-0.3271723,1.3788565,-0.24295375
-0.42432803,-0.65510345,-0.6550315,1.5680658,-0.0411881
0.66090715,0.33310458,-0.5735521,1.5704029,0.10659715
0.6534397,0.43632644,-0.7094456,1.5687526,0.221063
-0.9837378,0.7665584,-0.5995808,1.5981784,0.19016233
0.69543225,0.08571747,-0.76333314,2.3832896,0.091553956
0.23903126,1.4498578,-0.7800512,1.6237918,-0.3602512
0.64086306,0.15860021,-0.63137877,1.3328514,-0.38471195
0.5447306,0.8744257,1.3969709,1.3862203,-0.1546662
-0.31549087,-0.2650092,-0.48188248,1.4790785,-0.855282
1.0338833,-0.85345584,-0.87341726,1.5958834,0.20040828
-0.46089625,-0.1321863,-0.55117154,1.5357252,0.063758716
0.27735594,-1.8078344,-0.7319162,-1.200742,-0.8356125
-0.028053563,0.0108974,-0.8336693,1.4630336,-0.16726875
0.2966211,-0.8402682,-0.6193912,1.067855,-0.5975348
0.10000468,-0.35341448,-0.24538709,1.3350697,-0.32224464
-0.8320817,-0.7836999,-1.0798272,1.6391417,0.6516122
0.8821489,0.2033808,-0.6370024,1.5583214,-0.029140027
1.4653678,1.124312,-0.7527646,1.5470139,0.1130015
-1.169005,-0.08886039,-0.8674061,1.7064887,-0.10663048
-0.32840335,-0.023206651,-0.8095612,1.4657059,-0.46992183
0.14523365,0.15628272,-0.7688987,1.2407285,-0.4075376
0.17122318,0.15977803,-0.98336357,0.7752978,-0.6623008
0.053656228,-0.41099563,-0.37596834,1.1867023,-0.49957082
-0.42342168,1.1719847,-0.73559904,1.285207,-0.37757376
0.6614138,-0.18792284,-0.32007563,1.3592741,-0.32813686
-0.17552906,0.9781454,-0.6680816,1.398211,-0.280333
-0.1260393,0.5335294,-1.061894,1.3455008,-0.25112686
0.06361652,1.2025896,-1.1180062,1.047442,-0.41382867
1.4181046,-0.7277642,-1.2959921,1.099189,-0.38383707
-1.0240674,-0.19923916,-1.2481846,0.77156657,-0.54506177
0.35156673,0.7189185,-1.1957217,0.4671039,-0.5271382
0.9338603,0.8425765,-0.31543112,1.0169,-0.736827
-0.33901832,0.06860495,-0.24416293,1.0926614,-0.7089918
0.50585765,1.5456713,-0.5053999,1.2255198,-0.93365806
-0.3372779,-0.41072565,-0.78025967,1.0981871,-0.6044944
0.9309776,0.60703,-0.9535876,1.1041378,-0.5750781
1.2607698,0.46010643,-0.20049065,1.2085938,-0.37590355
0.24407983,0.6880261,1.7027369,0.9287671,-0.45238444
-0.19212404,0.16595417,-1.3450572,0.72298735,-0.45187867
-0.02077559,0.7523511,-1.2721177,0.5147604,-0.5174906
-0.4484144,0.96922845,-0.2872995,0.6486404,-0.99611175
0.6860961,0.29885224,-0.30114576,0.82487535,-0.94930387
0.7013592,-0.21852677,-0.46316108,1.0038276,-0.8175498
0.44313726,-1.4578787,-0.7854104,1.0233665,-0.7135516
-2.0236976,1.3882737,-1.1004472,1.3404028,-0.526592
0.13577598,0.09908137,-1.5539386,0.8388597,-0.69754547
-0.21717289,-0.06334383,-1.2816477,1.2560894,-0.43961677
-0.16007663,0.8895586,-1.517801,0.31896627,-0.76169246
1.2415985,0.7101751,-0.25979683,0.48752877,-1.0861737
0.31889272,-0.4325995,-0.6372607,0.5720353,-1.0558289
0.10374309,0.24549833,-0.971294,0.8482704,-0.84179145
0.18719971,0.8082695,-1.186587,0.8371846,-0.761626
0.054250672,1.4285393,-1.7990016,0.5356657,-0.8421216
0.15048096,-0.19344684,-1.4267039,0.27998626,-0.74261856
-0.13878602,-0.22797075,-0.87860096,0.9677487,0.14836417
0.0782085,0.7797721,-2.2856865,1.1353962,-0.12816815
-0.32847384,-0.5061427,-0.88474125,1.2132516,-6.4461233e-06
-1.3049576,0.6163373,-0.45687288,1.4406106,0.1590424
0.9475943,-0.003701947,0.6235357,1.0382881,-0.41258126
0.51374847,-0.28307906,-0.79540396,1.055668,-0.3338302
0.22048217,-1.1188573,-0.8494616,1.3740711,-0.4175738
-0.22315612,-1.2177747,-0.61052394,1.4874625,0.018206624
-0.5776369,-0.5903885,0.45134962,1.5925081,-0.27804354
0.515497,-0.37368974,-0.28971183,1.05094,-0.5279402
-1.1756976,-0.11641534,-0.29263926,1.7245159,-0.28834057
0.3194689,-0.9269852,-0.509581,1.417966,-0.16853707
-0.36524084,-0.36444423,-0.4249184,1.5732157,-0.03462485
-0.49139318,-0.038223848,-0.5180265,1.4854064,0.06688357
-0.37122342,0.020688474,-0.9551636,1.4296861,-0.13688318
1.3513663,0.6315175,0.033303052,1.1628762,-0.716303
-0.34127358,0.32355192,-0.063328944,1.2082338,-0.58900774
-0.7069429,-0.64180803,-0.28956,-1.2131648,-1.1396202
-0.5786932,-0.23329869,-0.6501496,1.4799544,-0.086889714
0.42023242,-0.008218401,-0.6739582,1.8131104,0.014774934
-0.043318093,-0.16695912,-0.6623449,1.4973661,0.03711177
0.023860019,-1.4471236,-1.0410515,1.4573755,-0.0936447
0.3760183,0.036032002,0.27803952,0.9338431,-0.7772249
0.765938,1.6453427,0.13835007,1.0969392,-1.7792076
-0.04638137,0.051928774,-0.37307298,1.3174298,-0.47294086
0.05171841,0.066527575,-0.21163304,1.6858097,-0.21764265
1.5443711,0.3066093,-0.5615377,1.4767442,-0.15644106
-0.4475848,0.015429959,-0.6842264,1.2719268,-0.2087248
0.35995775,-0.5320789,-0.12421703,1.3784271,-0.20777817
-0.053975463,-2.0439286,-0.9312196,1.2930815,-0.34618565
-0.6336568,1.3932989,-0.44377214,1.0136793,-1.2426023
-0.34975526,1.6018746,0.13093086,0.9998066,-0.69413346
0.8241567,0.42747468,-0.7888733,1.1759454,-0.5493749
0.6647136,0.39749154,-0.25767466,1.3178332,-0.40000874
-0.48565358,-0.7714423,-0.24829865,1.4011323,-0.38537234
0.14177467,-0.7229296,-0.6260637,1.5025941,-0.22865556
0.1756532,-0.5539739,-0.33295783,1.4067903,-0.32516214
0.27795234,0.26751646,-0.9036245,2.4824727,-0.33590692
0.30785635,-0.32920927,-1.1083483,0.89228404,-0.5181635
-0.18689768,0.7194999,0.5431266,0.79069537,-0.97855085
-0.665165,-0.05501677,0.07581176,1.0318161,-1.2240219
0.8567644,-0.7434393,-0.4220519,1.1779642,-0.58929867
0.37758142,0.6306665,-0.12301838,1.2800956,-0.50360924
-1.6184264,0.29418078,-0.44603425,1.2240088,-0.4936691
0.4696731,0.93388695,-0.8488007,1.2373763,-0.53505325
0.06105709,-0.76784194,-0.91946614,1.1373914,-0.48801455
0.19316404,0.2767275,-1.2687571,0.98421025,-0.6103204
-0.58535266,-1.7977971,-1.4944417,0.7714431,-0.6024732
0.0133919185,0.02205362,-1.1366495,0.3501589,-0.6851425
0.04102944,0.30931038,-0.22063105,0.5937612,-1.0050855
-1.0141872,1.2428246,0.3388979,0.76161623,-0.88830715
-0.33777672,1.8842493,-0.22548576,0.85379565,-0.873035
-0.7330547,0.15707143,-0.91385823,1.0412132,-0.70252675
1.4902914,-0.06468781,-1.1613243,0.9516675,-0.6973019
-1.9559989,-0.4440079,-1.0337964,1.0782111,-0.73808366
0.65152574,-0.85030514,-1.3374443,-0.17124921,-0.87580615
-0.042441394,-0.9628426,-1.8253055,0.6110241,-0.58251494
0.1885735,0.59803176,-1.3027171,0.33528557,-0.5645344
-0.05784013,0.6761356,0.010760177,0.23426488,-1.2427887
-0.4552837,0.26542103,-0.017114045,0.8118965,-1.0824505
-1.3400067,-0.049042452,-0.17734018,0.6102339,-1.0666286
-0.8166529,-0.77195495,-0.34353572,0.73761034,-0.98473495
-0.70615697,-0.45518845,-0.561178,0.74859476,-0.9046654
-0.34133047,-0.37820864,-1.2127296,1.0657234,-0.7262238
-0.31154627,0.7003224,-1.473462,0.67373323,-0.6681124
-0.7953313,0.49013427,-1.561658,0.33345473,-0.71948797
0.29910946,0.21249095,-1.4442178,0.10362706,-0.6821781
0.15815221,-0.34833726,-0.65796316,-0.12769252,-1.433963
0.6182499,0.2001801,-0.20808133,0.050331637,-1.4608454
0.5536107,-1.2735553,-0.15145856,-0.15966767,-1.2840611
-0.115509294,-0.21158153,-0.33738747,0.33850607,-1.2230272
-0.63271075,-1.0324459,-1.0353338,0.5855744,-1.3001937
0.97073257,-1.0170323,-1.1249565,0.48041004,-0.93964905
1.2325213,-0.41149607,-1.4385457,0.31958017,-1.0675666
-0.22436152,-0.6092353,-1.7022636,0.23313999,-0.79954803
-0.27031058,0.59151787,-0.3019501,-0.12703209,-1.4855397
-0.25862762,0.6968258,-0.8995546,-0.006828749,-1.4498473
0.8769108,-0.5663668,-0.99766415,0.2065035,-1.2270129
-0.26688886,-0.1758363,-1.2082103,0.1377504,-1.1510637
0.072846405,0.84291893,-1.4694929,-1.7800208,-1.2156
0.23987272,-0.5045672,-1.6652678,0.0039628837,-0.86071616
0.7235446,-0.14258438,-0.92419034,-0.037837356,-1.2446617
-1.4450529,0.07990288,-1.3647544,-0.15984221,-1.2566903
0.49864963,-1.2089685,-0.9854273,0.7623439,0.15556689
0.01633841,-0.18850614,-0.9065358,1.8655103,0.032618623
0.18974198,-0.44898915,-0.85822976,0.7647592,0.17638922
0.15320928,-0.117071696,-0.9704593,0.6736976,-0.67209744
-0.9258567,1.8351288,-1.006491,0.77649504,-0.5476217
-0.14418556,-0.9315269,-0.8787475,1.0250423,-0.062237706
-0.14152338,-0.2896774,-1.2774138,1.2214782,0.9510695
-0.54112,0.49190986,-0.28191012,0.8369678,-0.6303014
0.4045832,0.4540375,1.0438343,1.1027602,-0.30387837
1.2014897,0.45336494,-0.65205824,1.3450364,0.2621991
0.6536281,-1.9804795,-0.52256024,1.2923672,-0.22359514
0.09589381,0.19525582,-0.011834801,1.1254848,-0.62992567
-0.04306772,0.14693245,-0.32047337,1.2177408,-0.43038285
-0.60294425,0.18983214,0.12722036,1.3499163,-0.37143147
-0.3247679,-0.96973026,-0.41902444,1.378312,-0.25889474
-0.4566727,-0.31218144,0.6324131,0.87266606,-0.7571348
-0.9438117,1.028085,0.298988,0.9940434,-0.68261224
-0.06953501,0.18455766,0.33014765,1.2393631,-0.51918375
0.59498197,-0.55020255,-0.17181326,1.3468561,-0.4143402
0.777145,0.06147274,-1.5087291,1.4287623,-0.2442817
0.75972456,0.6706536,0.35151345,0.5981857,-0.94557923
-1.0096323,1.2890555,0.5478512,0.8592997,-0.7850755
1.2118145,0.17373125,0.11492071,1.0251557,-0.7080353
-0.7473114,-0.19059311,0.25438797,1.3246197,-0.4689499
-0.64282525,0.111769356,-0.59294254,1.2334536,-0.41268304
0.59603816,-0.21232444,-0.42673972,1.3376617,-0.41054577
-0.27758846,-0.22017747,0.43503925,0.54167676,-1.0052133
0.68520904,0.82563233,0.1278136,1.6553309,-0.8685451
-0.5505352,0.091482945,0.24999413,0.9003136,-1.071763
-0.54234916,0.65290725,0.16055804,0.94529164,-0.86453164
-0.71584827,0.40109822,0.0020939342,1.0378021,-0.6679156
-0.026805662,-1.181565,-0.32686597,1.1513667,-0.56114566
0.3447139,-0.541388,-0.6529142,1.5325965,0.5257992
-0.099381275,-0.1721962,0.25397894,0.36721846,-1.1547463
-1.2593702,0.70774114,0.2822374,0.6993228,-1.1500881
-0.23657124,0.7344261,0.16531865,0.67784417,-0.93223196
0.4493848,-0.087393925,0.3341053,0.94143754,-0.9078933
1.3015736,0.40099505,0.061200522,0.8707489,-0.8067094
0.43580052,0.5540204,-0.33648866,0.95486933,-0.7734529
0.3897989,-0.12901188,-0.9212824,1.0373284,-0.76651835
0.58396345,0.851957,-1.0096138,0.9026703,-0.73274654
-1.0205518,0.40754128,-1.3119842,0.6917885,-0.6975964
0.019964898,2.2496645,0.03200203,0.106426336,-1.2541118
2.5346487,0.6472904,0.013978814,0.38957584,-1.1656463
-0.3458617,-0.054195073,0.011797463,0.4404843,-1.1120934
-0.10608185,0.31991583,0.07375807,0.5581906,-1.0958552
-0.13803263,-0.108703665,0.26152694,0.553647,-1.0967091
-0.7944162,0.9431718,0.34645247,0.76365983,-1.056326
-0.81515026,1.0415477,-0.7380599,0.30004656,-1.1687201
-0.14935395,-0.272808,-0.9098678,0.9691159,-0.8407577
-0.8282443,0.526152,-1.394372,0.540167,-0.81754994
-0.562554,-0.22158566,-1.5577631,0.355037,-0.68477505
0.43218222,0.13545692,-1.5140499,0.091126494,-0.7420708
0.36280856,1.7591997,-0.5407419,0.0075785955,-1.1968399
0.75614285,0.3436808,-0.34217796,0.32312682,-1.2352749
-0.84675884,0.8105941,0.048315026,0.2857544,-1.2822016
0.8742792,0.11311874,-0.06650528,0.36879236,-1.2920451
0.85353386,-1.1988052,-0.3021447,0.35570428,-1.2201054
-0.2009603,0.86880666,-0.57759035,0.43236324,-1.3429446
-0.43749562,-0.0052475003,-0.9781707,0.5483027,-0.96200824
0.5881001,-0.5077546,-1.3694495,0.38343176,-0.9006395
-0.4324513,0.5624542,-1.5446986,-0.11918095,-0.85172635
-0.7048245,0.8178352,-1.5775406,0.13580792,-0.7978754
0.69678384,-1.1468347,-1.5851886,-0.20486706,-0.7288921
-0.8781857,0.2327179,-0.75351626,-0.3690431,-1.4990048
-0.047287636,1.1075048,-0.41106513,-0.23195633,-1.491526
-0.11680065,-0.58004487,0.35994223,0.015363471,-1.3804973
0.44949389,0.3614309,-0.27772897,0.0224639,-1.373895
0.5944873,-0.39763522,1.0162916,0.17550653,-1.3473312
0.58693784,-0.2452638,-0.63560206,0.3614679,-1.1693126
-0.09692807,-0.8889573,-1.1221261,0.7773277,-1.7374661
-0.69547063,0.43291476,-1.4059583,0.22914287,-1.0145773
0.28735253,0.5208273,-1.505645,0.08733847,-0.84055924
0.20690928,-0.15086804,-1.6509584,-0.1622726,-0.89510196
0.043615084,-0.28530282,-0.466033,-0.39504263,-1.5136979
0.22967698,1.5532486,-0.25931525,-0.23637255,-1.5723399
-0.3944706,0.18383755,-0.35664907,-0.29357168,-1.5000945
0.382831,0.43291828,-0.47614503,-0.026966533,-1.380651
-0.40511185,0.6098832,-0.7321396,-0.028864514,-1.3647938
0.47155654,0.93040216,-1.1725332,0.06505611,-1.1160834
-0.6211585,-0.72757345,-1.4456053,-0.013106867,-1.0349249
-0.48128834,-0.5326846,-1.5255772,-0.06156598,-0.91140705
-0.03588968,0.34200132,-0.29059738,-0.4244694,-1.6314099
-0.20761363,0.07723159,-0.51043564,-0.40145013,-1.4801662
-0.24507679,1.332528,-0.8293149,-0.20571186,-1.4590313
-0.43635908,-0.342271,-0.96424884,-0.21753739,-1.3410963
-0.028359724,0.38473925,-1.4388024,-0.22498037,-1.2712451
-0.56025165,0.4169101,-1.49746,0.4393074,-0.8546247
1.0654999,0.52331275,-1.6012475,0.5474151,1.6069229
-1.0265512,-0.65457964,-0.94965297,-0.29785436,-1.2955296
-0.8762203,-0.37496364,-1.3362335,-0.18771578,-1.011129
-0.36014193,0.36707214,-1.456139,0.38909566,-0.7248048
-0.23205933,-0.21639906,-1.1067894,0.67937404,0.0056556854
-1.2300092,0.8452881,-1.086413,1.0171223,2.2553527
-0.39771158,-0.21083906,-0.74111986,0.8792455,-0.07783617
-0.79310226,0.65076256,-2.3531334,0.7992317,-1.3953712
1.491015,1.3096477,0.13070914,0.98487335,-0.4141929
-0.21033938,-0.7905768,-0.3311192,1.1660886,-0.26197365
-0.022019653,-0.5146558,0.08812045,0.6829789,-0.91594535
0.54691404,-1.9686481,-0.04172412,0.84976673,-0.81072575
-0.5918704,-0.9367613,0.46291152,0.85573596,-0.64529043
0.85095346,0.5053289,0.09472009,1.3511771,-0.64263725
-0.13962533,-0.8081616,-0.022355508,1.1734687,-0.3997532
-0.47105202,1.8009411,-0.37230942,0.7524028,-1.400091
-0.670178,-0.6711414,0.57006997,0.689396,-0.85584265
-0.2301232,-1.393659,1.0024673,0.6809909,-0.8581275
0.11804018,0.5993392,0.42430875,0.8994902,-1.3035326
0.8736511,0.6014813,0.16685423,0.9806383,-0.64325106
1.1299552,0.17132562,-0.17175819,1.0970213,-0.6288709
-0.6967235,-0.5600339,0.7518593,0.41337556,-1.0596553
0.038805094,-0.25378314,0.6531004,0.5432492,-0.96846354
0.84207815,-0.18591358,-1.1694367,0.8197768,-1.2225426
-0.5961893,-0.04730574,0.57184017,0.77139944,-0.83397025
-1.9584737,0.477529,-1.8474857,1.7409649,-0.77836573
0.019242695,0.27999148,0.3141125,1.0469732,-0.8868681
0.43537337,-1.2376757,0.62729937,0.3384355,-1.0728158
-0.32461876,0.20893236,0.56210077,0.48949552,-1.053919
-2.5488894,0.42798218,0.45670894,0.522412,-1.0031768
1.3316,-1.2197824,0.3823538,0.71099186,-1.3513522
0.53822994,-0.6954491,0.38783225,0.67176235,-0.9518269
0.26487073,0.5257306,0.115776405,0.7458951,-0.9102534
0.5119613,-0.24340633,-0.06031135,0.72362256,-0.85310477
-0.08332658,-1.2001988,0.2551042,-1.4521189,-1.5422379
-0.50845194,-0.48493403,0.31295827,0.19468679,-1.2641939
0.5492167,0.6134254,0.597367,0.30254236,-1.1283402
-0.21599488,-0.66418666,0.25279403,0.4286235,-1.1382113
-0.09169919,-0.6000133,0.28101704,0.75329334,-1.0584759
0.112529166,0.000992905,0.060276832,0.5472937,0.58245784
0.42887107,-0.70150274,0.09130162,0.59147537,-1.0151237
0.3971819,-1.5730897,-0.40766975,0.7536159,-0.9158411
1.1551383,-0.06751354,0.1062441,-0.15194584,-1.3109864
1.1373075,-0.76217616,-0.05892685,-0.10315918,-1.3559589
1.1700602,-0.24978274,0.01979355,0.10334102,-1.242658
0.46977663,-0.87323886,0.7955313,0.18336804,-1.2261885
-0.22517592,-0.04103892,0.11515309,0.42439425,-1.2260765
-0.25094464,0.30284822,0.25453377,0.4539047,-1.3092444
0.16394287,-0.5023754,-0.05205635,0.47475106,-1.4182715
-0.61384916,0.017295206,-0.48542067,0.52348804,-1.1004268
-0.76427215,-1.017475,-0.21497409,-0.18228571,-1.309523
-0.492858,0.42795068,-0.4614424,-0.3081949,-1.353765
-0.04167522,-0.113813266,-0.5092907,-0.31147382,-1.2719731
-0.77720946,-0.32594472,-0.1661745,0.4503648,-1.3055526
0.42694432,-0.21530405,-0.045273833,0.05117448,-1.3835562
-0.23128773,0.49340346,0.44006896,0.16873917,-1.3382996
-1.6616158,0.9128327,-1.7910204,0.07238161,-1.3486956
-0.8043504,-0.56634456,-0.5859445,0.607145,-1.2613189
-1.2517242,-0.0038752635,-0.8663378,0.5710385,-1.142548
0.055352118,-0.9072022,-0.17016385,-0.6767353,-1.4481056
1.9943857,-1.157908,-0.42106143,-0.41749093,-1.2578362
-0.067301795,-1.1467859,-0.49897507,-0.504498,-1.3570794
-0.18873355,-0.27838355,-0.27287337,-0.23175773,-1.5308788
-0.52446413,-0.5028602,-0.21239688,-0.16413023,-1.4308748
-0.2471322,0.21695793,-0.09417546,0.02200677,-1.4093232
-0.67782056,0.012235396,-0.2875877,-0.082092546,-1.431884
-0.9835915,0.716055,-0.82297933,0.017935282,-1.3820925
-0.43372604,-0.14816554,-1.0401978,0.09099922,-1.315619
-0.89526653,1.2129302,-1.4720943,0.71271926,-1.0255876
-0.9500771,0.8546656,-0.19379663,0.1073697,-1.1567823
0.011315325,0.7114759,-0.44206083,-0.7930323,-1.5900452
-0.8189048,0.32889718,-0.5819768,-0.57606524,-1.5327863
-0.29434693,-1.0184914,1.6556005,-0.3754872,-1.5137538
-0.57685053,-1.146099,-0.40503538,-0.32175633,-1.5542963
-0.46298033,-0.06141356,-0.48748067,-0.22932059,-1.5739177
1.0393463,-0.34392467,-0.646725,-0.1583157,-1.4595753
-0.06322946,0.5537265,-0.90635467,-0.11712902,-1.3499925
0.22284698,0.796679,-0.81623906,-0.054785058,-1.2152861
-0.46222505,0.40990365,-1.4952534,-0.20381193,-1.1134136
0.42491922,0.038619533,-0.42738837,-0.8595192,-1.7963208
-0.79154074,0.092697024,-0.66488504,-0.7355004,-1.6170309
-2.1697266,-0.56834686,-0.5769987,-0.6279897,-1.6600951
-0.090013854,1.0149184,-0.4459498,-0.49078593,-1.6239278
0.38053828,-1.546755,-0.4740638,-0.364316,-1.5286187
-0.48454598,0.039990213,-0.6841603,-0.34647858,-1.4452881
1.0924957,-0.40177548,-1.1070789,-0.31501043,-1.3685293
-0.27035505,0.122558996,-1.493752,-0.23676524,-1.1754781
0.152112,0.83922154,-1.603407,-0.23476781,-1.0646187
-0.51458204,-0.15848474,-1.3461008,-0.71830666,-0.86801887
-0.8967951,-0.22352698,-0.21811576,1.2466396,-1.1972877
-0.31689847,-0.05273443,-0.3750412,-0.5252082,-1.5309231
0.85253376,0.7157633,-0.45794833,-0.6771763,-1.5943332
0.25827608,-1.031842,-0.49842143,-0.51990885,-1.5212047
-0.87255895,1.0661398,-0.903776,-0.48386464,-1.4886783
0.26529986,0.4192032,-1.0908074,-1.0312567,-1.3152016
-0.46103576,0.48299184,-1.4316776,-0.50807923,-1.0465307
0.56447697,1.2761172,-1.4555568,-0.29931316,-0.84877485
0.5937239,-0.45404896,-0.29657522,-0.681075,-1.4949163
-0.09761364,-0.742207,-0.46842682,-0.5932779,-1.4999752
0.89060915,-0.6493366,-0.8473858,-0.87581277,-1.4192772
-0.22317973,-0.413684,-1.5372859,-0.5431201,-1.216031
0.5490526,-0.049769655,-1.2373269,-0.39176512,-1.1866394
-0.24824388,0.10877007,-0.5267561,0.6823299,-0.31209463
-0.6760018,-0.31112197,-0.5907571,0.6955944,-0.25692174
-0.7092479,-0.15021464,-0.34959114,0.5484789,-0.83839977
0.8420746,-0.2314177,-1.6571505,1.1168433,-0.6643834
-0.6265167,-0.39169246,-0.17776933,0.8585649,-0.63266534
-0.34215462,-0.33450752,-0.2616962,1.0881058,-0.5252283
0.9382734,-0.7827124,0.25736988,0.5109444,-0.9030793
0.36589283,1.0961573,0.49527898,0.6279074,-0.912164
0.41273823,0.30577952,0.4501627,0.5585086,-0.87079096
-0.8482744,-0.8403858,0.2854884,0.82299316,-0.71714604
0.47013056,1.2084079,0.59342533,0.44568,-1.0251161
-0.29060695,0.62674695,0.32089785,0.49886832,-0.95656675
-0.010368263,1.0641259,0.9804568,0.5199684,-0.99204075
0.120785825,1.4017928,0.8929598,1.4218318,1.2523062
-1.0123421,-0.38018188,0.60910237,0.84599704,-0.8440584
-0.18484621,-0.6641645,1.0504762,0.739966,-1.198411
-1.0869292,-0.07253581,0.64540577,1.2863165,1.8142991
-0.6320276,-0.799799,0.7303061,0.40475848,-1.0277815
0.15546243,0.07893788,0.8406098,0.41404772,-1.0501915
-0.2849107,-0.34131056,0.59783244,0.6252989,-1.5800618
0.647846,-0.09426608,0.7376958,0.31385112,-1.2051653
0.390167,-0.14625493,0.6061907,0.14390989,-1.2408547
0.9700286,0.17981127,0.6641479,2.2893875,-1.1118969
0.7631775,0.3924883,0.64858633,0.30359414,-1.1998618
0.23610422,-0.31333002,0.51312757,0.37838873,-1.1612977
0.40850666,0.6234522,0.120882854,0.4473625,-1.1013988
-0.7186471,0.91385436,0.5613715,1.2738013,-1.0167155
0.27285337,1.3437095,0.43226406,0.073430195,-1.2429212
-0.08372344,0.64136773,1.9931031,0.39903915,-1.1747378
-0.42400345,0.25548723,1.0493495,0.039380748,-1.4546226
0.31636518,0.83944976,0.47684097,0.60139066,-1.1554401
-0.7366219,-0.28604633,0.653856,0.2596832,-1.4205836
0.15841107,-0.059987757,0.37589535,0.30025747,-1.1833405
-0.0024192887,-0.7274886,0.50741035,-0.15200825,-1.3069835
0.42166972,0.3417833,1.7672123,-0.22917905,-1.3305508
1.0084716,2.034817,0.13890971,-0.20233923,-1.5480593
-1.2260498,0.64749575,0.079772614,-0.2546136,-1.4116918
0.17139821,-0.65266824,-0.016121404,0.037681095,-1.3568945
0.40644816,0.37950552,-0.07288891,0.13682337,-1.3020742
-0.47864392,-0.2975645,0.48906517,-0.22763619,-1.4091707
-0.8050625,0.060669865,0.091893695,-0.51165783,-1.3487464
0.1379613,-0.09193961,-0.16394909,-0.43429625,-1.4694452
-0.17309527,-0.9629936,-0.042313024,-0.4744622,-1.7152134
0.9088589,-1.7286495,-0.25363857,0.8815365,-1.1593938
-0.23001835,1.2474478,-0.29856056,0.54748744,-1.3588617
0.5326062,-0.5936203,0.10472632,-0.024090067,-1.4761412
0.43945432,-0.05047089,-0.13918464,-0.14781626,-1.5333275
0.24128944,-1.2042952,-0.1164567,-0.005572387,-1.4235098
-1.0422314,0.21492864,-0.23853722,-0.69666225,-1.467341
-0.8585824,-0.38262156,-0.17373115,-0.54956716,-1.4475096
0.032731064,-0.37044916,1.5213919,-0.5334186,-1.4533521
1.4702572,-0.851606,-0.42130902,-0.28053048,-1.4429103
-0.56374127,-0.38768253,-0.5171076,-0.34620938,-1.4791938
-0.75040513,0.043975912,-0.8403875,-0.1732331,-1.5076272
0.091236696,-0.51692253,-0.44701445,-0.18771043,-1.5231287
-0.40407282,-1.2376413,-0.5307264,-0.073913425,-1.3666863
-0.3203182,-0.4151249,-0.38539216,-0.9074799,-1.5347176
-0.53559303,0.28131282,-0.486442,-0.8482562,-1.5469651
0.4506849,-0.1477255,-0.32383692,-0.6884609,-1.7482394
-0.63233757,-1.074577,-0.6001927,-0.607959,-1.5754722
-0.2882442,-0.17379181,-0.5254378,-0.3178281,-1.5145066
-0.5771808,0.67012507,-0.607659,-0.6827155,-1.5976688
-0.8207793,0.14680329,-1.1580037,-0.25159636,-1.4919529
0.8023073,-0.33654875,-0.75889635,-0.46222416,-1.4499925
0.030582689,0.3120389,-1.4734049,-0.23940854,-1.274273
-0.21422565,-0.6850021,-0.020482475,-1.1242976,-1.5390532
-0.35140285,0.5775375,-0.14351039,-0.9052177,-1.656452
-1.3461199,0.055712976,-0.2649338,-0.8129509,-1.6496578
-0.31577206,0.34070086,-0.44363117,-0.5942948,-1.6612468
1.4416475,0.3523042,-0.23468333,-0.46242836,-1.5893203
-0.8312929,-0.15899462,-0.6339557,-0.42209217,-1.5267643
-0.026387837,-0.12876841,-0.8783093,-0.39935237,-1.5022728
-1.2313668,-0.71480864,-1.0476971,-0.31885597,-1.4378812
-0.09849229,0.39942482,-1.3874271,-0.18407565,-1.195928
0.030441647,-0.13863502,-1.5406384,-0.22134681,-0.9397402
0.022040974,0.7525314,-1.5617374,-0.3922593,-0.90175027
-0.4299435,-1.090022,-0.03734892,-0.9642315,-1.6290361
0.15438618,-0.76379514,0.5657534,-0.80841094,-1.8762099
-0.22613376,-1.3420829,-0.2798698,-0.7537086,-1.7527797
-0.36518812,-0.12243713,-0.29133087,-0.7631401,-1.5391561
-0.27238154,1.3251729,-0.45159927,-0.57536656,-1.5673612
-0.33949068,0.46253002,-0.8643459,-0.5187287,-1.477845
-0.4556312,0.06950215,-1.2323694,-0.40234035,-1.8150504
0.9936085,0.089161515,-1.3051485,-0.38507694,-1.0010922
1.019445,0.37197885,-1.5767395,-0.31675497,-0.921265
1.4735433,1.0979688,0.089191355,-0.8356466,-1.5448925
0.79463136,-0.9574307,-0.0026283083,-1.3716265,-1.5816141
0.17998445,-1.1099573,-0.045066085,-0.7332477,-1.4563766
-0.03824413,0.7585204,-0.2653512,-1.165371,-1.4283035
1.5017363,-0.14465156,-0.4971238,-0.5896606,-1.415239
2.987561,0.2037495,-0.77614206,-0.60029364,-1.5792747
-0.69493026,0.8189034,-1.1288548,-0.48292017,-1.2282435
2.188311,-0.07280709,-1.7182697,-0.36746302,-1.0781047
1.0693552,-1.0049978,-1.466534,0.28913325,-0.705341
0.018443994,1.4570535,0.074715964,-0.7013767,-1.4052482
-0.24996348,1.1579859,-0.7623103,-0.68958974,-1.5833242
-1.1950632,0.18370327,-0.6604354,1.3337116,-0.16356464
0.8642885,1.9432786,-0.56743944,-0.5727628,-1.2815974
0.5423368,-0.51305693,-1.1673901,-0.47947446,-1.2314618
0.49012443,-0.61728436,-1.4383451,-0.38860154,-1.2646466
0.24852458,-0.28190935,-0.45074323,0.6624232,-0.4837784
-0.4707925,0.18115878,-0.40817723,0.6811699,-0.61034244
-0.98038423,-0.46914816,0.037119187,0.45767912,-0.92553437
-0.77903336,-0.35667014,-0.06013178,1.2047573,1.7053533
0.7529759,-0.1195389,0.87096316,0.70542127,-0.6305734
0.23621555,0.29997414,2.100008,0.31159973,-1.058665
0.7112907,0.2536496,0.3271332,0.025602663,-1.1078938
-0.19066203,0.34926516,0.38625756,-0.92468345,-1.2921629
-0.31378138,0.76763654,0.26320717,0.75461245,-0.8567636
0.854762,-0.71382195,0.61019677,0.32772422,-1.1150869
-0.2509027,0.60193646,0.63321024,0.23477043,-1.128467
0.24360399,0.07633748,0.5717743,0.41402924,-0.9839174
-0.7481072,1.4164335,0.6231625,0.40910065,-1.0673604
-0.051569164,1.0501143,0.781231,0.1926249,-1.161632
1.545951,0.5880861,0.7762376,0.5571603,-1.1307179
0.27787626,-0.16242799,0.5432617,0.8117053,-0.15854895
-0.072894424,-0.316224,0.70552176,0.36478806,-1.0906597
-0.09466233,-0.064384945,0.89807385,0.062591374,-1.1910877
1.1253235,0.4928214,1.2984747,0.1541402,-1.1022849
-0.4167344,1.4523019,0.84291095,0.56788504,-1.10432
0.23174338,0.44146916,0.7445862,0.16607532,-1.252335
0.030543122,-0.47574353,0.8631984,0.22039796,-1.2232902
1.0348436,1.3550462,0.3020159,0.7627232,-1.1789993
-0.019225314,-0.56130385,1.5169237,0.0752047,-1.1270584
0.20179075,0.49926785,0.93450946,-0.0476211,-1.226479
-1.2149323,-1.2971219,0.5928272,-0.02202779,-1.3227292
-0.38677168,-0.8904755,1.0064017,0.045352813,-1.2818019
-0.21382138,0.790971,0.72639173,0.14054203,-1.276766
0.14521025,0.5544451,0.5325125,-0.13508695,-1.3058897
-0.5405683,-0.41602096,0.47782528,-0.15226205,-1.2959129
-0.49784034,-0.23726535,0.3024021,-0.19556174,-1.3244555
-0.19326115,1.0247532,0.21063288,-0.22727829,-1.4119546
-1.4475666,-0.24260534,-0.13080642,-0.07022377,-1.3559204
0.34827912,0.05201649,0.0005451521,0.06293739,-1.3449876
1.0455354,-0.269726,0.5589526,-0.31876862,-1.2502028
1.463504,0.5411679,-0.18197252,-0.39867446,-1.3421847
-0.2375606,-1.6252718,0.14590484,-0.5309963,-1.4356256
-1.6542952,0.0200993,-0.048918284,-0.21278462,-1.3544955
-0.37116835,-0.15125,-0.20048918,-0.13650078,-1.3824698
0.37968817,1.0052392,-0.16544549,-0.12405001,-1.4448564
0.6716773,0.7068652,0.3269988,-0.6457269,-1.2503324
0.12626027,-0.34982443,0.25416422,-0.6386621,-1.4409962
1.8762422,0.29779372,0.06664678,0.32908264,-1.350105
0.68780327,0.8337734,-1.9198614,-0.22043964,-1.7234842
-0.25269955,1.0785888,-0.38295105,-0.2766446,-1.4481015
-0.60518384,-0.44770247,-0.5271796,-0.24305467,-1.4977252
1.5153137,0.11022484,-0.35855624,-0.26269183,-1.5436133
0.55038047,-0.07007583,0.7719465,-0.6743917,-1.2667261
-0.27685034,-1.0827056,-0.017591717,-0.6833892,-1.417188
-0.3634067,-0.98949003,-0.024644973,-0.64712083,-1.5648013
0.12096515,-0.14671631,-0.21670817,-0.61354095,-1.5766608
-0.9611049,0.72587174,-0.5505588,-0.5913053,-1.5793335
1.1564687,-0.07472431,-1.4539527,-0.44345033,-1.5719715
-1.3679113,0.43405506,-0.3814857,-0.1475636,-1.4688643
-0.6232526,-0.80152583,-0.3794057,-0.36972085,-1.6382583
0.68869597,0.44149154,0.46291646,-0.72643614,-1.2227935
-0.31530148,-0.66498,0.5680292,-1.0889943,-1.9040734
-0.4233107,-0.14480948,0.5580124,-0.87607694,-1.6349139
0.27785107,-0.30710128,-0.10014884,-0.72237986,-1.68919
0.49098396,0.12512225,-0.08670194,-0.6417422,-1.611718
0.544542,0.9155136,-0.50011015,-0.56617594,-1.560046
-0.35430694,-0.06397068,-0.49423265,-0.5461054,-1.5615276
-0.8137709,-0.32173824,-0.60322356,-0.46705562,-1.6142172
0.37534335,-0.3287068,-0.9162089,-0.30118862,-1.4011693
0.01952491,0.6138238,1.9054549,0.28068367,-0.6975526
-0.83467114,1.2570045,-1.564205,-0.23287363,-0.97294444
0.15574439,-0.6356343,0.40635806,1.4746265,-0.7615721
0.7803951,-0.3348457,0.3204626,-0.88179463,-1.4282845
-0.17456934,0.13257773,-0.35412732,-0.82100075,-1.5773522
-0.14406323,0.9413611,-1.3111637,-0.7221437,-1.5947663
0.891589,-0.14482556,-0.1864333,-0.78728557,-1.5153044
0.5166599,-0.06359831,-0.26763391,-0.88776815,-1.5629647
-0.72212446,0.39494923,-0.5501455,-0.43695518,-1.4593307
-0.6569654,1.087495,-0.6281664,-0.47539258,-1.4782931
-0.46759197,0.37490186,-0.3870151,-0.46283048,-1.3763169
-0.13808495,1.644595,-1.2874038,-0.46683267,-1.1789844
0.2320258,1.0773934,-1.482992,-0.19948347,-1.076897
0.5657326,0.87077004,-1.6997386,-0.1808981,-0.7371232
0.2725359,1.4519588,-1.4948567,-0.23698646,-0.72561175
1.8178414,1.491776,0.40395886,-0.78127575,-1.0312563
0.04182,-1.8675224,0.28274158,-0.673897,-1.3060579
0.1459979,0.22539496,0.5943106,-0.7604389,-1.4748597
1.8983132,0.44150737,0.0034796344,-0.76772577,-1.5041468
-0.020388141,0.82637763,-0.19955353,-0.72451305,-1.5639383
-0.38340726,1.2290653,-0.16081513,-0.66613835,-1.5369672
0.15850504,0.33759725,-0.6575064,-0.6423263,-1.4055094
-0.17918281,-0.51456285,-0.6912537,-0.56312746,-1.3661618
-1.2186055,1.461711,-0.9787989,-0.69791996,-1.3640655
-0.06807211,-0.58690715,-1.3394395,-1.4313699,-1.153297
0.2070362,0.25988534,-1.4721817,-0.040514123,-0.8398496
0.041168824,0.8713936,-1.4191132,0.9214205,-0.76860845
-0.45187265,-0.8717756,-1.7791954,-0.3113362,-1.4199516
0.18407679,-0.6846884,0.3606312,-0.5074422,-1.1985395
-1.3269877,0.63380253,0.116561696,-0.69313574,-1.3584826
-0.27931225,0.7429589,0.1944668,-0.67466384,-1.4236728
1.4672958,-1.9144459,-0.07058539,-0.60854936,-1.3583965
0.2670921,-0.34977725,-0.083138384,-0.5010285,-1.2625383
-0.63820165,-0.19128817,-0.27678004,-0.86049396,-1.4109768
-0.29086372,-0.75364923,-0.5745488,-0.6197805,-1.2981434
0.2853049,-0.18834662,-1.1345742,-0.5769201,-1.2708756
0.61787325,-0.6871753,0.7398221,-0.36597633,-1.0697119
-1.3771399,-1.0111656,-1.3592651,-0.34753367,-0.90222704
2.0521328,-0.78510284,-1.3995146,-0.36449897,-0.8477333
-0.027215037,0.3556961,0.17594601,-0.4410831,-1.2993143
0.1059146,-0.6242539,0.15908478,-0.5525473,-1.4331123
-0.03979051,-0.6472665,-0.06286053,-0.53980607,-1.2585068
-0.3221238,0.55959326,-1.3891038,-0.5427975,-1.2305738
1.1051903,-0.7286398,-0.4435011,0.7103457,-1.145516
0.41129383,-0.7869916,-0.99016666,-0.51607466,-1.2854677
0.34175465,0.1106929,-1.3392792,-0.12041584,-0.77574205
0.20814379,0.92603695,-1.3411264,-0.31806362,-0.9476397
0.29941848,-1.1813455,0.55901784,0.2933329,-1.06399
-0.27808332,0.18498029,0.50477403,0.40655348,-1.1028677
0.27190873,-0.59656155,0.44618002,1.090147,-1.0580946
-0.32518852,0.21758018,0.7406006,-0.212157,-1.3371975
0.55183154,-0.6036296,0.550455,0.017440274,-1.145698
-1.1979938,0.7550263,0.6327029,0.20301753,-1.1431743
-1.5365535,-0.46067494,0.51586235,0.13131426,-1.1745505
-0.3770608,0.8753791,0.9082686,0.13693044,-1.0862591
-0.30978358,0.040128514,0.8798293,0.11088146,-1.1307188
-0.5209461,-0.9773905,0.8059375,-1.1200547,-1.2845352
0.31695524,-0.42890355,0.813979,0.31009215,-1.1770272
0.3519951,0.078134604,0.6754079,0.19586866,-1.0291487
0.8388593,0.53918946,0.75864846,0.026334666,-1.0911646
0.7419951,-0.32850558,0.9511562,0.06573134,-1.1286427
1.1008962,0.16978163,0.42800188,0.07081751,-1.1922295
0.026371576,0.6454065,0.38628283,0.042057313,-1.1738209
-1.3832432,0.9082082,0.5724261,0.20018706,-1.2566503
-0.050358407,0.11388925,0.23469259,0.15905558,-0.96305007
0.20804703,-0.60962117,0.8997579,1.6867934,-1.1150826
-0.7423107,0.057951983,-0.44313136,-0.30813825,-1.1804522
0.40022397,0.94067425,0.7848335,0.26171127,-1.2151141
0.2556167,-0.54493314,0.8799772,0.21694669,-1.2795684
0.03071745,0.1636364,0.3267345,0.040534403,-1.335503
-0.34888887,0.955536,0.49038714,0.13732484,-1.2051415
0.34074682,0.03156936,0.73315364,-0.111747295,-1.1447085
-0.42308515,-0.95519114,0.39825335,-0.046447497,-1.1840613
-0.50797695,0.88209677,0.59988236,-0.23683986,-1.2826761
0.059244987,-0.85996115,0.40166014,-0.18959108,-1.4053715
-0.055831425,-0.10615938,0.07783303,0.53564835,-0.42746398
0.8890948,-0.08848921,0.7108097,-0.059876926,-0.89428216
-0.2911238,-0.2827308,0.71980304,-0.021881308,-0.99878937
1.5738028,-1.4948821,0.49506602,-0.2821672,-1.3189889
-0.09764063,-0.64489466,0.40976056,-0.4703962,-1.4048464
-0.28219646,0.5228484,0.099120826,-0.23628359,-1.3745204
-0.26766258,-0.215082,-0.13838395,-0.16432536,-1.3876133
-0.46543363,0.04925087,-0.7205704,-0.23621812,-1.5309255
1.7630012,0.24529882,0.40237874,-0.1593498,-1.0120145
1.2062727,-0.4223041,0.9859511,-0.74181175,-1.2162049
-0.06685155,-0.36883494,0.5714449,-0.7857443,-1.3474642
-0.09949878,0.8924297,0.1766768,-0.61929375,-1.4395418
0.9673605,0.6128939,-0.30201706,-0.5073522,-1.4692189
1.3262558,-0.55666167,-0.19971327,-0.34992877,-1.518629
-0.040221326,0.7567891,-0.36660308,-0.24362467,-1.6134288
-0.03103424,-0.8137155,-0.37369674,-0.24283165,-1.5165124
-0.48283103,0.5484717,0.36882582,-0.31020465,-0.66097367
0.5400207,-0.46702328,0.35670266,-0.48651776,-1.0897862
0.6872069,0.06757361,0.36620465,-0.67578286,-1.4679132
1.3050278,-0.19201481,-0.06771391,-0.64066577,-1.5663773
0.9440299,-0.21978672,-0.16133282,-0.46024624,-1.5321316
0.61999565,0.47016677,-0.15433697,-0.47342154,-1.5236502
-0.25865483,-0.307836,-0.35355827,-0.3511583,-1.5625712
-1.1249954,0.45489872,-0.4019813,-0.24058808,-1.5277334
-0.24320294,-0.53229815,0.8373396,-0.20015568,-0.63228345
0.5880796,-0.5750896,0.3282693,-0.58525455,-1.1793487
-0.5903288,-1.1161448,-0.31447506,-0.15896516,-0.28940645
0.68292487,-1.5852348,0.3569123,-0.7675836,-1.5823631
-0.6518889,-0.020303417,-0.08389629,-0.8838567,-1.6914736
-0.38701406,0.40770084,-0.28800514,-0.8070242,-1.6037291
-0.0731725,0.33782953,-0.32435516,-0.50710493,-1.566774
-1.5970889,-0.6142337,-0.39544675,-0.37020266,-1.4365948
-0.5334302,-0.28440002,0.39743045,-0.38918322,-0.626859
-0.195364,-0.24540748,-0.45047325,-0.6953031,-0.9608334
0.51364976,-0.36419106,1.940267,-0.72403663,-1.4569632
-0.3068719,0.4014137,0.14150602,-0.91558766,-1.5815606
-0.3316337,-0.5641522,0.4179123,-0.5964352,-1.5282139
0.5271,-0.09603695,-0.10861021,-1.0908841,-1.4625891
0.3502025,-0.44435158,-0.051132973,-0.5213742,-1.4821492
-0.22578563,-0.09426358,-0.44934562,-0.49087498,-1.5481184
1.0613512,-1.8464615,-0.6487426,-0.6300879,-1.4826597
-1.1157547,-0.882412,0.37721542,-0.14024717,-0.6722349
-0.44832063,0.41359496,-1.5015172,-0.5338281,-0.93381584
-0.015774043,-0.45023036,0.625888,-0.56106055,-1.2116326
-0.29578975,-0.3925472,0.40459812,-0.7705237,-1.4716644
-0.13165806,0.71953624,0.1216791,-0.8853018,-1.4561014
0.3789651,0.062975734,0.014717154,-0.575138,-1.5752118
-0.06624983,-1.0087483,-0.11573392,-0.5941647,-1.466051
-0.8683045,-1.0969403,-0.29325312,-2.2666385,-1.377508
-1.033862,-0.10946053,-0.69351304,-0.79915935,-1.3585157
-0.40541342,0.6122648,-0.82814896,-0.46219492,-1.3514686
0.0032814243,-0.63107926,0.39019883,0.012507915,-0.6710667
-0.25558493,0.5876828,0.77127284,0.5611549,1.4973288
-0.75103265,-0.23197068,0.60256755,-0.54130495,-1.1627113
0.34496108,-2.626277,0.3628252,-0.47145608,-1.2764515
-0.08082289,0.70978093,0.26384622,-0.53792065,-1.3420727
-0.89441913,-0.6759378,-0.048066042,-0.63744956,-1.4138817
0.20843144,-1.8913304,-0.03985705,-0.5727617,-1.294803
0.10488161,-0.19556715,-0.17737144,-0.56531036,-1.3048316
-0.029202476,-0.3406783,-0.5018324,-0.53243065,-1.5899663
-0.059050325,-0.060647465,-0.7103694,-0.7223437,-1.2468103
1.3953558,0.71695924,0.41417792,0.009694317,-0.7758419
-0.9768107,-0.21548058,0.43375927,-0.15880843,-0.9922067
0.36996478,-0.31635225,0.3363119,1.1267188,-1.0059526
1.5559571,-2.1396894,0.24772777,-0.45744854,-1.2278072
-1.3808714,0.7115628,0.46625945,-0.4373591,-1.2866108
0.23196879,-0.15569957,-0.18725923,-0.4337277,-1.5026686
0.033679437,1.6097925,-0.6099178,-0.7069832,-1.2217788
0.8665226,-1.2215269,-0.47320795,-0.50433934,-1.2730262
-0.036106758,-0.40312585,-0.9267092,-0.8603124,-1.2495493
-0.5936288,-0.18301548,0.4812087,-0.93025273,-1.1327304
-0.43431556,0.31240445,0.6513139,-0.06820382,-1.2600309
