Feature,Factor_0
volume_sn_voxels::v0,-0.4375106990337372
volume_sn_voxels::v1,-0.5536595582962036
volume_sn_voxels::v2,-0.5259023904800415
volume_sn_voxels::v3,-0.5983184576034546
volume_sn_voxels::v4,-0.7855685949325562
volume_sn_voxels::v5,-0.5945203900337219
volume_sn_voxels::v6,-0.7169535756111145
volume_sn_voxels::v7,-0.8284760117530823
volume_sn_voxels::v8,-0.9776589870452881
volume_sn_voxels::v9,-0.6663088202476501
volume_sn_voxels::v10,-0.6544381976127625
volume_sn_voxels::v11,-0.6741378903388977
volume_sn_voxels::v12,-0.8380789756774902
volume_sn_voxels::v13,-0.8375686407089233
volume_sn_voxels::v14,-0.8699010610580444
volume_sn_voxels::v15,-1.1062620878219604
volume_sn_voxels::v16,-0.7257174849510193
volume_sn_voxels::v17,-0.7463700771331787
volume_sn_voxels::v18,-0.8573795557022095
volume_sn_voxels::v19,-0.7883731722831726
volume_sn_voxels::v20,-0.8529241681098938
volume_sn_voxels::v21,-0.9870812892913818
volume_sn_voxels::v22,-1.0301029682159424
volume_sn_voxels::v23,-1.0866514444351196
volume_sn_voxels::v24,-1.1935888528823853
volume_sn_voxels::v25,-0.811942458152771
volume_sn_voxels::v26,-0.8721879124641418
volume_sn_voxels::v27,-0.9788195490837097
volume_sn_voxels::v28,-0.8736733198165894
volume_sn_voxels::v29,-0.9965841770172119
volume_sn_voxels::v30,-1.1296350955963135
volume_sn_voxels::v31,-1.2968298196792603
volume_sn_voxels::v32,-1.3627480268478394
volume_sn_voxels::v33,-1.2976667881011963
volume_sn_voxels::v34,-0.973931610584259
volume_sn_voxels::v35,-0.9618567228317261
volume_sn_voxels::v36,-1.046391487121582
volume_sn_voxels::v37,-1.0874911546707153
volume_sn_voxels::v38,-1.1840723752975464
volume_sn_voxels::v39,-1.3579306602478027
volume_sn_voxels::v40,-1.2999169826507568
volume_sn_voxels::v41,-0.897026002407074
volume_sn_voxels::v42,-1.103945255279541
volume_sn_voxels::v43,-1.1227376461029053
volume_sn_voxels::v44,-1.1758677959442139
volume_sn_voxels::v45,-1.3428648710250854
volume_sn_voxels::v46,-1.1554354429244995
volume_sn_voxels::v47,-1.0409913063049316
volume_sn_voxels::v48,-0.7945498824119568
volume_sn_voxels::v49,-0.9284438490867615
volume_sn_voxels::v50,-1.1727180480957031
volume_sn_voxels::v51,-1.176076889038086
volume_sn_voxels::v52,-1.1992321014404297
volume_sn_voxels::v53,-1.1334969997406006
volume_sn_voxels::v54,-0.7539613246917725
volume_sn_voxels::v55,-1.002269983291626
volume_sn_voxels::v56,-1.1460216045379639
volume_sn_voxels::v57,-1.0967748165130615
volume_sn_voxels::v58,-0.6835360527038574
volume_sn_voxels::v59,-0.3023001253604889
volume_sn_voxels::v60,-0.3826541602611542
volume_sn_voxels::v61,-0.4239773750305176
volume_sn_voxels::v62,-0.518645167350769
volume_sn_voxels::v63,-0.5920645594596863
volume_sn_voxels::v64,-0.514772355556488
volume_sn_voxels::v65,-0.6573328971862793
volume_sn_voxels::v66,-0.8201000094413757
volume_sn_voxels::v67,-0.9391398429870605
volume_sn_voxels::v68,-0.8088418841362
volume_sn_voxels::v69,-0.7768750786781311
volume_sn_voxels::v70,-0.7830506563186646
volume_sn_voxels::v71,-0.891724169254303
volume_sn_voxels::v72,-1.1603971719741821
volume_sn_voxels::v73,-1.0582633018493652
volume_sn_voxels::v74,-0.7999565601348877
volume_sn_voxels::v75,-0.8859293460845947
volume_sn_voxels::v76,-0.8958011269569397
volume_sn_voxels::v77,-1.0379301309585571
volume_sn_voxels::v78,-1.131770372390747
volume_sn_voxels::v79,-1.187580943107605
volume_sn_voxels::v80,-0.9549039006233215
volume_sn_voxels::v81,-0.9266548156738281
volume_sn_voxels::v82,-1.1167784929275513
volume_sn_voxels::v83,-1.1197869777679443
volume_sn_voxels::v84,-1.4186625480651855
volume_sn_voxels::v85,-1.2744110822677612
volume_sn_voxels::v86,-1.3909461498260498
volume_sn_voxels::v87,-0.9500448703765869
volume_sn_voxels::v88,-1.1033709049224854
volume_sn_voxels::v89,-1.177945613861084
volume_sn_voxels::v90,-1.2995034456253052
volume_sn_voxels::v91,-1.5970728397369385
volume_sn_voxels::v92,-1.7430340051651
volume_sn_voxels::v93,-1.6197031736373901
volume_sn_voxels::v94,-1.6234999895095825
volume_sn_voxels::v95,-0.9508470892906189
volume_sn_voxels::v96,-1.0163180828094482
volume_sn_voxels::v97,-1.1052316427230835
volume_sn_voxels::v98,-1.2668876647949219
volume_sn_voxels::v99,-1.41719651222229
volume_sn_voxels::v100,-1.816957712173462
volume_sn_voxels::v101,-1.8300487995147705
volume_sn_voxels::v102,-1.7284440994262695
volume_sn_voxels::v103,-0.7677674889564514
volume_sn_voxels::v104,-0.957897961139679
volume_sn_voxels::v105,-1.188826322555542
volume_sn_voxels::v106,-1.4086390733718872
volume_sn_voxels::v107,-1.3879475593566895
volume_sn_voxels::v108,-1.712169885635376
volume_sn_voxels::v109,-1.6267738342285156
volume_sn_voxels::v110,-1.4625051021575928
volume_sn_voxels::v111,-0.7098073959350586
volume_sn_voxels::v112,-0.8681492805480957
volume_sn_voxels::v113,-1.1007542610168457
volume_sn_voxels::v114,-1.4197146892547607
volume_sn_voxels::v115,-1.4888794422149658
volume_sn_voxels::v116,-1.4915797710418701
volume_sn_voxels::v117,-1.298594355583191
volume_sn_voxels::v118,-1.237013339996338
volume_sn_voxels::v119,-0.6430836319923401
volume_sn_voxels::v120,-0.8209535479545593
volume_sn_voxels::v121,-1.020280361175537
volume_sn_voxels::v122,-1.1563458442687988
volume_sn_voxels::v123,-1.4052822589874268
volume_sn_voxels::v124,-1.4035139083862305
volume_sn_voxels::v125,-0.5878161191940308
volume_sn_voxels::v126,-0.8414254784584045
volume_sn_voxels::v127,-0.9487720131874084
volume_sn_voxels::v128,-1.0321356058120728
volume_sn_voxels::v129,-0.10887172818183899
volume_sn_voxels::v130,-0.3260607421398163
volume_sn_voxels::v131,-0.417898029088974
volume_sn_voxels::v132,-0.6500999331474304
volume_sn_voxels::v133,-0.6834214925765991
volume_sn_voxels::v134,-0.5406805276870728
volume_sn_voxels::v135,-0.9198516607284546
volume_sn_voxels::v136,-0.9699863791465759
volume_sn_voxels::v137,-0.8044471144676208
volume_sn_voxels::v138,-1.1460483074188232
volume_sn_voxels::v139,-1.0918869972229004
volume_sn_voxels::v140,-1.1071689128875732
volume_sn_voxels::v141,-1.0850645303726196
volume_sn_voxels::v142,-1.0145139694213867
volume_sn_voxels::v143,-1.1621273756027222
volume_sn_voxels::v144,-1.2752792835235596
volume_sn_voxels::v145,-1.3265841007232666
volume_sn_voxels::v146,-1.2607437372207642
volume_sn_voxels::v147,-1.1093465089797974
volume_sn_voxels::v148,-1.1364320516586304
volume_sn_voxels::v149,-1.32041335105896
volume_sn_voxels::v150,-1.5123317241668701
volume_sn_voxels::v151,-1.4964776039123535
volume_sn_voxels::v152,-1.4846844673156738
volume_sn_voxels::v153,-1.4588899612426758
volume_sn_voxels::v154,-1.2686153650283813
volume_sn_voxels::v155,-1.1719626188278198
volume_sn_voxels::v156,-1.4124979972839355
volume_sn_voxels::v157,-1.724603295326233
volume_sn_voxels::v158,-1.6405137777328491
volume_sn_voxels::v159,-1.7407128810882568
volume_sn_voxels::v160,-1.6024484634399414
volume_sn_voxels::v161,-1.5572683811187744
volume_sn_voxels::v162,-1.2886395454406738
volume_sn_voxels::v163,-0.9460009336471558
volume_sn_voxels::v164,-1.0235384702682495
volume_sn_voxels::v165,-1.2056310176849365
volume_sn_voxels::v166,-1.5147590637207031
volume_sn_voxels::v167,-1.8768651485443115
volume_sn_voxels::v168,-1.7661833763122559
volume_sn_voxels::v169,-1.832019329071045
volume_sn_voxels::v170,-1.6794466972351074
volume_sn_voxels::v171,-1.5637311935424805
volume_sn_voxels::v172,-0.6709187626838684
volume_sn_voxels::v173,-0.8800992965698242
volume_sn_voxels::v174,-1.1408205032348633
volume_sn_voxels::v175,-1.312657356262207
volume_sn_voxels::v176,-1.485746145248413
volume_sn_voxels::v177,-1.7876980304718018
volume_sn_voxels::v178,-1.8239184617996216
volume_sn_voxels::v179,-1.5545912981033325
volume_sn_voxels::v180,-1.5422873497009277
volume_sn_voxels::v181,-1.2839370965957642
volume_sn_voxels::v182,-0.6145177483558655
volume_sn_voxels::v183,-0.8084515333175659
volume_sn_voxels::v184,-1.1156309843063354
volume_sn_voxels::v185,-1.2838716506958008
volume_sn_voxels::v186,-1.385345220565796
volume_sn_voxels::v187,-1.7647987604141235
volume_sn_voxels::v188,-1.6937834024429321
volume_sn_voxels::v189,-1.4398201704025269
volume_sn_voxels::v190,-1.2894593477249146
volume_sn_voxels::v191,-0.7186142206192017
volume_sn_voxels::v192,-1.0362296104431152
volume_sn_voxels::v193,-1.2400375604629517
volume_sn_voxels::v194,-1.3947937488555908
volume_sn_voxels::v195,-1.4618726968765259
volume_sn_voxels::v196,-1.532235026359558
volume_sn_voxels::v197,-1.3236230611801147
volume_sn_voxels::v198,-1.1223772764205933
volume_sn_voxels::v199,-0.5741032958030701
volume_sn_voxels::v200,-0.7740630507469177
volume_sn_voxels::v201,-0.8645312786102295
volume_sn_voxels::v202,-1.1231034994125366
volume_sn_voxels::v203,-1.1803077459335327
volume_sn_voxels::v204,-1.3360470533370972
volume_sn_voxels::v205,-1.0869765281677246
volume_sn_voxels::v206,-0.36280131340026855
volume_sn_voxels::v207,-0.5039539337158203
volume_sn_voxels::v208,-0.6796636581420898
volume_sn_voxels::v209,-0.8121312260627747
volume_sn_voxels::v210,-0.9440708756446838
volume_sn_voxels::v211,-0.9575058221817017
volume_sn_voxels::v212,-0.8158524632453918
volume_sn_voxels::v213,-1.2261565923690796
volume_sn_voxels::v214,-1.2870644330978394
volume_sn_voxels::v215,-1.1656084060668945
volume_sn_voxels::v216,-1.3781943321228027
volume_sn_voxels::v217,-1.3979382514953613
volume_sn_voxels::v218,-1.234142780303955
volume_sn_voxels::v219,-1.2492071390151978
volume_sn_voxels::v220,-1.1619068384170532
volume_sn_voxels::v221,-1.3498001098632812
volume_sn_voxels::v222,-1.5080039501190186
volume_sn_voxels::v223,-1.5889304876327515
volume_sn_voxels::v224,-1.4540401697158813
volume_sn_voxels::v225,-1.3204349279403687
volume_sn_voxels::v226,-1.2564399242401123
volume_sn_voxels::v227,-1.4083101749420166
volume_sn_voxels::v228,-1.5511255264282227
volume_sn_voxels::v229,-1.6331788301467896
volume_sn_voxels::v230,-1.6308035850524902
volume_sn_voxels::v231,-1.6725945472717285
volume_sn_voxels::v232,-1.627744436264038
volume_sn_voxels::v233,-1.398848533630371
volume_sn_voxels::v234,-1.273322582244873
volume_sn_voxels::v235,-1.6300923824310303
volume_sn_voxels::v236,-1.7019672393798828
volume_sn_voxels::v237,-1.6515192985534668
volume_sn_voxels::v238,-1.4769402742385864
volume_sn_voxels::v239,-1.4854087829589844
volume_sn_voxels::v240,-1.4369642734527588
volume_sn_voxels::v241,-1.224136233329773
volume_sn_voxels::v242,-0.8881377577781677
volume_sn_voxels::v243,-1.105197548866272
volume_sn_voxels::v244,-1.3591086864471436
volume_sn_voxels::v245,-1.6438685655593872
volume_sn_voxels::v246,-1.7076412439346313
volume_sn_voxels::v247,-1.5472511053085327
volume_sn_voxels::v248,-1.392704963684082
volume_sn_voxels::v249,-1.372441053390503
volume_sn_voxels::v250,-1.1920628547668457
volume_sn_voxels::v251,-1.0169451236724854
volume_sn_voxels::v252,-0.63322913646698
volume_sn_voxels::v253,-0.7987604141235352
volume_sn_voxels::v254,-1.198163628578186
volume_sn_voxels::v255,-1.366566777229309
volume_sn_voxels::v256,-1.4290671348571777
volume_sn_voxels::v257,-1.5129202604293823
volume_sn_voxels::v258,-1.5585857629776
volume_sn_voxels::v259,-1.463007926940918
volume_sn_voxels::v260,-1.2157511711120605
volume_sn_voxels::v261,-1.0174171924591064
volume_sn_voxels::v262,-0.8387894630432129
volume_sn_voxels::v263,-0.9912894368171692
volume_sn_voxels::v264,-1.0482873916625977
volume_sn_voxels::v265,-1.2741819620132446
volume_sn_voxels::v266,-1.4617795944213867
volume_sn_voxels::v267,-1.698657512664795
volume_sn_voxels::v268,-1.3272442817687988
volume_sn_voxels::v269,-1.1165790557861328
volume_sn_voxels::v270,-0.6460113525390625
volume_sn_voxels::v271,-0.8533997535705566
volume_sn_voxels::v272,-0.9396716952323914
volume_sn_voxels::v273,-1.088850498199463
volume_sn_voxels::v274,-1.2635340690612793
volume_sn_voxels::v275,-1.323920488357544
volume_sn_voxels::v276,-1.1576848030090332
volume_sn_voxels::v277,-0.964567244052887
volume_sn_voxels::v278,-0.6044450998306274
volume_sn_voxels::v279,-0.7468529939651489
volume_sn_voxels::v280,-0.8713132739067078
volume_sn_voxels::v281,-1.0232570171356201
volume_sn_voxels::v282,-1.0997767448425293
volume_sn_voxels::v283,-0.394042432308197
volume_sn_voxels::v284,-0.8086445927619934
volume_sn_voxels::v285,-0.7007519006729126
volume_sn_voxels::v286,-1.1079649925231934
volume_sn_voxels::v287,-1.356796383857727
volume_sn_voxels::v288,-1.1220725774765015
volume_sn_voxels::v289,-1.3016926050186157
volume_sn_voxels::v290,-1.2992035150527954
volume_sn_voxels::v291,-1.408151388168335
volume_sn_voxels::v292,-1.3072534799575806
volume_sn_voxels::v293,-1.1903834342956543
volume_sn_voxels::v294,-1.2759860754013062
volume_sn_voxels::v295,-1.4632081985473633
volume_sn_voxels::v296,-1.4314520359039307
volume_sn_voxels::v297,-1.3101457357406616
volume_sn_voxels::v298,-1.260166883468628
volume_sn_voxels::v299,-1.2950080633163452
volume_sn_voxels::v300,-1.3417015075683594
volume_sn_voxels::v301,-1.4217678308486938
volume_sn_voxels::v302,-1.4514466524124146
volume_sn_voxels::v303,-1.2456190586090088
volume_sn_voxels::v304,-1.1651595830917358
volume_sn_voxels::v305,-1.2955043315887451
volume_sn_voxels::v306,-1.2936780452728271
volume_sn_voxels::v307,-1.3749408721923828
volume_sn_voxels::v308,-1.45711088180542
volume_sn_voxels::v309,-1.4872227907180786
volume_sn_voxels::v310,-1.4445546865463257
volume_sn_voxels::v311,-1.3436814546585083
volume_sn_voxels::v312,-1.2295386791229248
volume_sn_voxels::v313,-1.4377026557922363
volume_sn_voxels::v314,-1.3940730094909668
volume_sn_voxels::v315,-1.404386043548584
volume_sn_voxels::v316,-1.4462698698043823
volume_sn_voxels::v317,-1.4098774194717407
volume_sn_voxels::v318,-1.3511438369750977
volume_sn_voxels::v319,-1.1626883745193481
volume_sn_voxels::v320,-0.7721620202064514
volume_sn_voxels::v321,-1.0799652338027954
volume_sn_voxels::v322,-1.1461530923843384
volume_sn_voxels::v323,-1.3770074844360352
volume_sn_voxels::v324,-1.3753464221954346
volume_sn_voxels::v325,-1.417307734489441
volume_sn_voxels::v326,-1.3291516304016113
volume_sn_voxels::v327,-1.2880464792251587
volume_sn_voxels::v328,-1.325629711151123
volume_sn_voxels::v329,-0.957984447479248
volume_sn_voxels::v330,-0.7735689878463745
volume_sn_voxels::v331,-1.0304754972457886
volume_sn_voxels::v332,-1.0487055778503418
volume_sn_voxels::v333,-1.1166280508041382
volume_sn_voxels::v334,-1.5292267799377441
volume_sn_voxels::v335,-1.5200016498565674
volume_sn_voxels::v336,-1.2590477466583252
volume_sn_voxels::v337,-1.2613115310668945
volume_sn_voxels::v338,-1.016557216644287
volume_sn_voxels::v339,-0.8019260168075562
volume_sn_voxels::v340,-0.7359630465507507
volume_sn_voxels::v341,-0.8728264570236206
volume_sn_voxels::v342,-0.9912823438644409
volume_sn_voxels::v343,-1.0144468545913696
volume_sn_voxels::v344,-1.3087105751037598
volume_sn_voxels::v345,-1.362453579902649
volume_sn_voxels::v346,-1.2452608346939087
volume_sn_voxels::v347,-1.095030665397644
volume_sn_voxels::v348,-0.929729163646698
volume_sn_voxels::v349,-0.7805382013320923
volume_sn_voxels::v350,-0.8027048110961914
volume_sn_voxels::v351,-0.8914600610733032
volume_sn_voxels::v352,-1.1310937404632568
volume_sn_voxels::v353,-1.1764386892318726
volume_sn_voxels::v354,-1.0994784832000732
volume_sn_voxels::v355,-0.970488429069519
volume_sn_voxels::v356,-0.6193747520446777
volume_sn_voxels::v357,-0.5812379121780396
volume_sn_voxels::v358,-0.6871727108955383
volume_sn_voxels::v359,-0.880626916885376
volume_sn_voxels::v360,-0.9586687088012695
volume_sn_voxels::v361,-1.0067840814590454
volume_sn_voxels::v362,-0.9128761291503906
volume_sn_voxels::v363,-0.7200937867164612
volume_sn_voxels::v364,-0.3046533167362213
volume_sn_voxels::v365,-0.24456101655960083
volume_sn_voxels::v366,-0.649110734462738
volume_sn_voxels::v367,-0.48950842022895813
volume_sn_voxels::v368,-0.41475650668144226
volume_sn_voxels::v369,-0.9196878671646118
volume_sn_voxels::v370,-1.0118647813796997
volume_sn_voxels::v371,-0.8726394176483154
volume_sn_voxels::v372,-0.7218593955039978
volume_sn_voxels::v373,-0.929491400718689
volume_sn_voxels::v374,-1.0674843788146973
volume_sn_voxels::v375,-1.2110657691955566
volume_sn_voxels::v376,-1.4652862548828125
volume_sn_voxels::v377,-1.0728811025619507
volume_sn_voxels::v378,-0.8786311745643616
volume_sn_voxels::v379,-1.0468511581420898
volume_sn_voxels::v380,-1.0565171241760254
volume_sn_voxels::v381,-1.2120486497879028
volume_sn_voxels::v382,-1.3169169425964355
volume_sn_voxels::v383,-1.2668139934539795
volume_sn_voxels::v384,-1.1850802898406982
volume_sn_voxels::v385,-0.975947380065918
volume_sn_voxels::v386,-1.1901956796646118
volume_sn_voxels::v387,-1.0860427618026733
volume_sn_voxels::v388,-1.2236244678497314
volume_sn_voxels::v389,-1.3628250360488892
volume_sn_voxels::v390,-1.42191743850708
volume_sn_voxels::v391,-1.339506983757019
volume_sn_voxels::v392,-1.1064555644989014
volume_sn_voxels::v393,-1.1911767721176147
volume_sn_voxels::v394,-1.1390337944030762
volume_sn_voxels::v395,-1.2326762676239014
volume_sn_voxels::v396,-1.2992379665374756
volume_sn_voxels::v397,-1.450138807296753
volume_sn_voxels::v398,-1.342182993888855
volume_sn_voxels::v399,-1.142883062362671
volume_sn_voxels::v400,-1.0582305192947388
volume_sn_voxels::v401,-1.2536424398422241
volume_sn_voxels::v402,-1.3243472576141357
volume_sn_voxels::v403,-1.274127721786499
volume_sn_voxels::v404,-1.2985825538635254
volume_sn_voxels::v405,-1.2957890033721924
volume_sn_voxels::v406,-1.2279871702194214
volume_sn_voxels::v407,-1.160892128944397
volume_sn_voxels::v408,-0.9685289859771729
volume_sn_voxels::v409,-0.8152498006820679
volume_sn_voxels::v410,-0.9956401586532593
volume_sn_voxels::v411,-1.2895480394363403
volume_sn_voxels::v412,-1.2906293869018555
volume_sn_voxels::v413,-1.3850489854812622
volume_sn_voxels::v414,-1.2629722356796265
volume_sn_voxels::v415,-1.1947277784347534
volume_sn_voxels::v416,-1.183316946029663
volume_sn_voxels::v417,-1.2008745670318604
volume_sn_voxels::v418,-1.0323519706726074
volume_sn_voxels::v419,-0.7822273969650269
volume_sn_voxels::v420,-0.4779941737651825
volume_sn_voxels::v421,-0.7725472450256348
volume_sn_voxels::v422,-0.8932368755340576
volume_sn_voxels::v423,-1.0584533214569092
volume_sn_voxels::v424,-1.1753853559494019
volume_sn_voxels::v425,-1.599604606628418
volume_sn_voxels::v426,-1.3258708715438843
volume_sn_voxels::v427,-1.2620307207107544
volume_sn_voxels::v428,-1.1953775882720947
volume_sn_voxels::v429,-1.0695387125015259
volume_sn_voxels::v430,-0.853446364402771
volume_sn_voxels::v431,-0.7330229878425598
volume_sn_voxels::v432,-0.5585458278656006
volume_sn_voxels::v433,-0.7224308252334595
volume_sn_voxels::v434,-1.0286694765090942
volume_sn_voxels::v435,-0.9011846780776978
volume_sn_voxels::v436,-0.9966036677360535
volume_sn_voxels::v437,-1.3460949659347534
volume_sn_voxels::v438,-1.489014744758606
volume_sn_voxels::v439,-1.2250447273254395
volume_sn_voxels::v440,-1.0488412380218506
volume_sn_voxels::v441,-1.005126714706421
volume_sn_voxels::v442,-0.8543524146080017
volume_sn_voxels::v443,-0.5363048315048218
volume_sn_voxels::v444,-0.4726561903953552
volume_sn_voxels::v445,-0.7048779726028442
volume_sn_voxels::v446,-0.8110582828521729
volume_sn_voxels::v447,-0.8483657240867615
volume_sn_voxels::v448,-1.0446743965148926
volume_sn_voxels::v449,-1.2646911144256592
volume_sn_voxels::v450,-1.2395553588867188
volume_sn_voxels::v451,-1.117335319519043
volume_sn_voxels::v452,-0.98595130443573
volume_sn_voxels::v453,-1.0466766357421875
volume_sn_voxels::v454,-0.6159887313842773
volume_sn_voxels::v455,-0.4364998936653137
volume_sn_voxels::v456,-0.6646488904953003
volume_sn_voxels::v457,-0.7848778963088989
volume_sn_voxels::v458,-0.8645126819610596
volume_sn_voxels::v459,-0.8941943049430847
volume_sn_voxels::v460,-1.0914744138717651
volume_sn_voxels::v461,-1.1180185079574585
volume_sn_voxels::v462,-1.044986605644226
volume_sn_voxels::v463,-0.9225119352340698
volume_sn_voxels::v464,-0.6897172927856445
volume_sn_voxels::v465,-0.5299572944641113
volume_sn_voxels::v466,-0.6728242039680481
volume_sn_voxels::v467,-0.7409011125564575
volume_sn_voxels::v468,-0.8080638647079468
volume_sn_voxels::v469,-0.9849066734313965
volume_sn_voxels::v470,-0.9030227661132812
volume_sn_voxels::v471,-0.8386887311935425
volume_sn_voxels::v472,-0.703585147857666
volume_sn_voxels::v473,-0.4792734980583191
volume_sn_voxels::v474,-0.3435367941856384
volume_sn_voxels::v475,-0.416306734085083
volume_sn_voxels::v476,-0.46728336811065674
volume_sn_voxels::v477,-0.6363744735717773
volume_sn_voxels::v478,-0.04262811318039894
volume_sn_voxels::v479,-0.15718737244606018
volume_sn_voxels::v480,-0.4095648527145386
volume_sn_voxels::v481,-0.33685317635536194
volume_sn_voxels::v482,-0.6864850521087646
volume_sn_voxels::v483,-0.703477144241333
volume_sn_voxels::v484,-0.6166360378265381
volume_sn_voxels::v485,-0.8770098686218262
volume_sn_voxels::v486,-0.8596822023391724
volume_sn_voxels::v487,-1.340043306350708
volume_sn_voxels::v488,-1.0188621282577515
volume_sn_voxels::v489,-1.0212912559509277
volume_sn_voxels::v490,-0.9916782975196838
volume_sn_voxels::v491,-1.1456897258758545
volume_sn_voxels::v492,-1.1641631126403809
volume_sn_voxels::v493,-1.0364786386489868
volume_sn_voxels::v494,-1.02553129196167
volume_sn_voxels::v495,-1.0815508365631104
volume_sn_voxels::v496,-1.0400192737579346
volume_sn_voxels::v497,-1.1287517547607422
volume_sn_voxels::v498,-1.2117984294891357
volume_sn_voxels::v499,-1.1359007358551025
volume_sn_voxels::v500,-1.042792558670044
volume_sn_voxels::v501,-0.8916764259338379
volume_sn_voxels::v502,-1.113144874572754
volume_sn_voxels::v503,-1.1629945039749146
volume_sn_voxels::v504,-1.161374568939209
volume_sn_voxels::v505,-1.1450121402740479
volume_sn_voxels::v506,-1.1130127906799316
volume_sn_voxels::v507,-0.9449623227119446
volume_sn_voxels::v508,-0.8952621817588806
volume_sn_voxels::v509,-1.138603925704956
volume_sn_voxels::v510,-1.0902377367019653
volume_sn_voxels::v511,-1.0351383686065674
volume_sn_voxels::v512,-1.12381911277771
volume_sn_voxels::v513,-1.193124532699585
volume_sn_voxels::v514,-1.0711219310760498
volume_sn_voxels::v515,-0.9837552905082703
volume_sn_voxels::v516,-0.8120074272155762
volume_sn_voxels::v517,-1.1664209365844727
volume_sn_voxels::v518,-1.2098026275634766
volume_sn_voxels::v519,-1.1344746351242065
volume_sn_voxels::v520,-1.0261496305465698
volume_sn_voxels::v521,-1.1499768495559692
volume_sn_voxels::v522,-1.190868616104126
volume_sn_voxels::v523,-1.0070419311523438
volume_sn_voxels::v524,-0.8173040151596069
volume_sn_voxels::v525,-1.0333949327468872
volume_sn_voxels::v526,-1.15469229221344
volume_sn_voxels::v527,-1.2115373611450195
volume_sn_voxels::v528,-1.2311897277832031
volume_sn_voxels::v529,-1.18501877784729
volume_sn_voxels::v530,-1.0423780679702759
volume_sn_voxels::v531,-0.998573899269104
volume_sn_voxels::v532,-0.8553646206855774
volume_sn_voxels::v533,-0.6801791191101074
volume_sn_voxels::v534,-0.8255618810653687
volume_sn_voxels::v535,-0.8483573794364929
volume_sn_voxels::v536,-1.0661686658859253
volume_sn_voxels::v537,-1.189414381980896
volume_sn_voxels::v538,-1.279616117477417
volume_sn_voxels::v539,-1.110135793685913
volume_sn_voxels::v540,-0.9773761630058289
volume_sn_voxels::v541,-0.9754289388656616
volume_sn_voxels::v542,-0.8073990345001221
volume_sn_voxels::v543,-0.5316641330718994
volume_sn_voxels::v544,-0.6638002395629883
volume_sn_voxels::v545,-0.7889637351036072
volume_sn_voxels::v546,-0.8101027607917786
volume_sn_voxels::v547,-0.9653844237327576
volume_sn_voxels::v548,-1.1641104221343994
volume_sn_voxels::v549,-1.1336734294891357
volume_sn_voxels::v550,-1.116746187210083
volume_sn_voxels::v551,-1.0220603942871094
volume_sn_voxels::v552,-0.9076603055000305
volume_sn_voxels::v553,-0.7023863792419434
volume_sn_voxels::v554,-0.5233845710754395
volume_sn_voxels::v555,-0.7114245891571045
volume_sn_voxels::v556,-0.6929945945739746
volume_sn_voxels::v557,-0.8334277868270874
volume_sn_voxels::v558,-0.9511765241622925
volume_sn_voxels::v559,-1.0943320989608765
volume_sn_voxels::v560,-1.005234718322754
volume_sn_voxels::v561,-1.0575153827667236
volume_sn_voxels::v562,-0.8642004728317261
volume_sn_voxels::v563,-0.71002197265625
volume_sn_voxels::v564,-0.5481943488121033
volume_sn_voxels::v565,-0.3207862675189972
volume_sn_voxels::v566,-0.639354944229126
volume_sn_voxels::v567,-0.6367776989936829
volume_sn_voxels::v568,-0.7353939414024353
volume_sn_voxels::v569,-0.8141103386878967
volume_sn_voxels::v570,-0.9004597663879395
volume_sn_voxels::v571,-1.001476526260376
volume_sn_voxels::v572,-0.8608502149581909
volume_sn_voxels::v573,-0.7249011993408203
volume_sn_voxels::v574,-0.5529088973999023
volume_sn_voxels::v575,-0.356790691614151
volume_sn_voxels::v576,-0.5677683353424072
volume_sn_voxels::v577,-0.5192749500274658
volume_sn_voxels::v578,-0.5423840880393982
volume_sn_voxels::v579,-0.6558103561401367
volume_sn_voxels::v580,-0.7764067649841309
volume_sn_voxels::v581,-0.7680622935295105
volume_sn_voxels::v582,-0.754420280456543
volume_sn_voxels::v583,-0.5929204225540161
volume_sn_voxels::v584,-0.4293253421783447
volume_sn_voxels::v585,-0.24434471130371094
volume_sn_voxels::v586,-0.506318211555481
volume_sn_voxels::v587,-0.4124097526073456
volume_sn_voxels::v588,-0.40898603200912476
volume_sn_voxels::v589,-0.4364275336265564
volume_sn_voxels::v590,-0.5634431838989258
volume_sn_voxels::v591,-0.594660758972168
volume_sn_voxels::v592,-0.5208844542503357
volume_sn_voxels::v593,-0.44708776473999023
volume_sn_voxels::v594,-0.29549407958984375
volume_sn_voxels::v595,-0.19359904527664185
volume_sn_voxels::v596,-0.2313934713602066
volume_sn_voxels::v597,-0.15806517004966736
volume_sn_voxels::v598,-0.23005056381225586
volume_sn_voxels::v599,-0.255144327878952
volume_sn_voxels::v600,-0.31426674127578735
volume_sn_voxels::v601,0.12527304887771606
volume_sn_voxels::v602,0.07487441599369049
volume_sn_voxels::v603,-0.36992254853248596
volume_sn_voxels::v604,-0.3183854818344116
volume_sn_voxels::v605,-0.26911473274230957
volume_sn_voxels::v606,-0.5822470784187317
volume_sn_voxels::v607,-0.6236029267311096
volume_sn_voxels::v608,-0.6325409412384033
volume_sn_voxels::v609,-0.5460923910140991
volume_sn_voxels::v610,-0.821393609046936
volume_sn_voxels::v611,-0.7892770171165466
volume_sn_voxels::v612,-0.8891553282737732
volume_sn_voxels::v613,-0.9574515223503113
volume_sn_voxels::v614,-0.8314986228942871
volume_sn_voxels::v615,-1.0642378330230713
volume_sn_voxels::v616,-0.9297167658805847
volume_sn_voxels::v617,-1.0527126789093018
volume_sn_voxels::v618,-0.9047306776046753
volume_sn_voxels::v619,-0.9549460411071777
volume_sn_voxels::v620,-0.8286010026931763
volume_sn_voxels::v621,-0.925196647644043
volume_sn_voxels::v622,-1.0643349885940552
volume_sn_voxels::v623,-1.0077826976776123
volume_sn_voxels::v624,-0.9316615462303162
volume_sn_voxels::v625,-0.8235755562782288
volume_sn_voxels::v626,-0.8977879285812378
volume_sn_voxels::v627,-0.9315158724784851
volume_sn_voxels::v628,-0.9984126091003418
volume_sn_voxels::v629,-1.0423730611801147
volume_sn_voxels::v630,-0.940626859664917
volume_sn_voxels::v631,-0.9140782356262207
volume_sn_voxels::v632,-0.7972298860549927
volume_sn_voxels::v633,-0.7864114046096802
volume_sn_voxels::v634,-0.9680765867233276
volume_sn_voxels::v635,-0.9758340120315552
volume_sn_voxels::v636,-1.1009927988052368
volume_sn_voxels::v637,-1.0141808986663818
volume_sn_voxels::v638,-0.8528836965560913
volume_sn_voxels::v639,-0.7839874029159546
volume_sn_voxels::v640,-0.7056908011436462
volume_sn_voxels::v641,-0.986068844795227
volume_sn_voxels::v642,-0.9912562370300293
volume_sn_voxels::v643,-1.0313140153884888
volume_sn_voxels::v644,-1.0758302211761475
volume_sn_voxels::v645,-0.9816652536392212
volume_sn_voxels::v646,-0.8276652693748474
volume_sn_voxels::v647,-0.6613156795501709
volume_sn_voxels::v648,-0.6261374950408936
volume_sn_voxels::v649,-0.9907057285308838
volume_sn_voxels::v650,-0.9630261659622192
volume_sn_voxels::v651,-0.9135527610778809
volume_sn_voxels::v652,-0.9333812594413757
volume_sn_voxels::v653,-0.8265588879585266
volume_sn_voxels::v654,-0.7889697551727295
volume_sn_voxels::v655,-0.5737447738647461
volume_sn_voxels::v656,-0.4022952616214752
volume_sn_voxels::v657,-0.9990530610084534
volume_sn_voxels::v658,-1.053962230682373
volume_sn_voxels::v659,-1.0443172454833984
volume_sn_voxels::v660,-0.9411851167678833
volume_sn_voxels::v661,-0.8943382501602173
volume_sn_voxels::v662,-0.7957920432090759
volume_sn_voxels::v663,-0.6401830911636353
volume_sn_voxels::v664,-0.5050128698348999
volume_sn_voxels::v665,-0.2228269726037979
volume_sn_voxels::v666,-1.1346138715744019
volume_sn_voxels::v667,-1.0338536500930786
volume_sn_voxels::v668,-0.9401925802230835
volume_sn_voxels::v669,-0.9486163854598999
volume_sn_voxels::v670,-0.9143638610839844
volume_sn_voxels::v671,-0.7382042407989502
volume_sn_voxels::v672,-0.5520048141479492
volume_sn_voxels::v673,-0.3457629382610321
volume_sn_voxels::v674,-0.14484162628650665
volume_sn_voxels::v675,-0.31601905822753906
volume_sn_voxels::v676,-0.5895084142684937
volume_sn_voxels::v677,-0.6501465439796448
volume_sn_voxels::v678,-0.7745674252510071
volume_sn_voxels::v679,-0.8623642921447754
volume_sn_voxels::v680,-1.054891586303711
volume_sn_voxels::v681,-1.0315444469451904
volume_sn_voxels::v682,-0.9069020748138428
volume_sn_voxels::v683,-0.8554510474205017
volume_sn_voxels::v684,-0.7748512029647827
volume_sn_voxels::v685,-0.6136817932128906
volume_sn_voxels::v686,-0.3960716128349304
volume_sn_voxels::v687,-0.20365038514137268
volume_sn_voxels::v688,-0.4380842447280884
volume_sn_voxels::v689,-0.5346888303756714
volume_sn_voxels::v690,-0.6227607727050781
volume_sn_voxels::v691,-0.7186092734336853
volume_sn_voxels::v692,-0.7583785653114319
volume_sn_voxels::v693,-0.9547330141067505
volume_sn_voxels::v694,-1.1461727619171143
volume_sn_voxels::v695,-0.8610498309135437
volume_sn_voxels::v696,-0.7289042472839355
volume_sn_voxels::v697,-0.5856770873069763
volume_sn_voxels::v698,-0.437264084815979
volume_sn_voxels::v699,-0.2640431523323059
volume_sn_voxels::v700,-0.07759841531515121
volume_sn_voxels::v701,0.005473935976624489
volume_sn_voxels::v702,-0.4884449541568756
volume_sn_voxels::v703,-0.5617390275001526
volume_sn_voxels::v704,-0.5971012115478516
volume_sn_voxels::v705,-0.7097774147987366
volume_sn_voxels::v706,-0.7253934741020203
volume_sn_voxels::v707,-0.7901846170425415
volume_sn_voxels::v708,-0.7969463467597961
volume_sn_voxels::v709,-0.7706456184387207
volume_sn_voxels::v710,-0.6520516276359558
volume_sn_voxels::v711,-0.40428027510643005
volume_sn_voxels::v712,-0.32545575499534607
volume_sn_voxels::v713,-0.1302785873413086
volume_sn_voxels::v714,0.05163298174738884
volume_sn_voxels::v715,-0.5220032334327698
volume_sn_voxels::v716,-0.563700795173645
volume_sn_voxels::v717,-0.5670289993286133
volume_sn_voxels::v718,-0.6454552412033081
volume_sn_voxels::v719,-0.712685763835907
volume_sn_voxels::v720,-0.6519923210144043
volume_sn_voxels::v721,-0.5747614502906799
volume_sn_voxels::v722,-0.464712530374527
volume_sn_voxels::v723,-0.36181026697158813
volume_sn_voxels::v724,-0.22380423545837402
volume_sn_voxels::v725,-0.036436524242162704
volume_sn_voxels::v726,-0.41362234950065613
volume_sn_voxels::v727,-0.4243970811367035
volume_sn_voxels::v728,-0.5244588851928711
volume_sn_voxels::v729,-0.5722447037696838
volume_sn_voxels::v730,-0.48458459973335266
volume_sn_voxels::v731,-0.386833131313324
volume_sn_voxels::v732,-0.2753826975822449
volume_sn_voxels::v733,-0.24009352922439575
volume_sn_voxels::v734,-0.3472595810890198
volume_sn_voxels::v735,-0.34148067235946655
volume_sn_voxels::v736,-0.3667929768562317
volume_sn_voxels::v737,-0.6339679956436157
volume_sn_voxels::v738,-0.5776217579841614
volume_sn_voxels::v739,-0.5557938814163208
volume_sn_voxels::v740,-0.8031667470932007
volume_sn_voxels::v741,-0.8602286577224731
volume_sn_voxels::v742,-0.7656591534614563
volume_sn_voxels::v743,-0.7388354539871216
volume_sn_voxels::v744,-0.9648630619049072
volume_sn_voxels::v745,-0.9834420680999756
volume_sn_voxels::v746,-0.8722835183143616
volume_sn_voxels::v747,-0.8105096817016602
volume_sn_voxels::v748,-0.8525139093399048
volume_sn_voxels::v749,-0.8133775591850281
volume_sn_voxels::v750,-0.9860367774963379
volume_sn_voxels::v751,-0.951751708984375
volume_sn_voxels::v752,-0.9077862501144409
volume_sn_voxels::v753,-0.887385904788971
volume_sn_voxels::v754,-0.8898986577987671
volume_sn_voxels::v755,-0.9010072946548462
volume_sn_voxels::v756,-0.9448346495628357
volume_sn_voxels::v757,-0.9086989760398865
volume_sn_voxels::v758,-0.8936004638671875
volume_sn_voxels::v759,-0.8799686431884766
volume_sn_voxels::v760,-0.8225710391998291
volume_sn_voxels::v761,-0.7696560025215149
volume_sn_voxels::v762,-0.7566808462142944
volume_sn_voxels::v763,-0.9200579524040222
volume_sn_voxels::v764,-1.0436017513275146
volume_sn_voxels::v765,-0.8901720643043518
volume_sn_voxels::v766,-0.8399405479431152
volume_sn_voxels::v767,-0.7169010639190674
volume_sn_voxels::v768,-0.8187924027442932
volume_sn_voxels::v769,-0.7093039155006409
volume_sn_voxels::v770,-0.9704298973083496
volume_sn_voxels::v771,-0.9481648206710815
volume_sn_voxels::v772,-1.0504039525985718
volume_sn_voxels::v773,-0.8872793912887573
volume_sn_voxels::v774,-0.7689778804779053
volume_sn_voxels::v775,-0.6273213624954224
volume_sn_voxels::v776,-0.63339763879776
volume_sn_voxels::v777,-0.5003870129585266
volume_sn_voxels::v778,-0.894940972328186
volume_sn_voxels::v779,-1.0222746133804321
volume_sn_voxels::v780,-0.8775926232337952
volume_sn_voxels::v781,-0.9396437406539917
volume_sn_voxels::v782,-0.7798534035682678
volume_sn_voxels::v783,-0.6225672960281372
volume_sn_voxels::v784,-0.44896945357322693
volume_sn_voxels::v785,-0.26405709981918335
volume_sn_voxels::v786,-0.9616384506225586
volume_sn_voxels::v787,-0.9824643135070801
volume_sn_voxels::v788,-0.8851104974746704
volume_sn_voxels::v789,-0.8523950576782227
volume_sn_voxels::v790,-0.764670729637146
volume_sn_voxels::v791,-0.5430417060852051
volume_sn_voxels::v792,-0.31613031029701233
volume_sn_voxels::v793,-1.039036512374878
volume_sn_voxels::v794,-0.9252626895904541
volume_sn_voxels::v795,-0.9173955917358398
volume_sn_voxels::v796,-0.8619214296340942
volume_sn_voxels::v797,-0.8692754507064819
volume_sn_voxels::v798,-0.755630373954773
volume_sn_voxels::v799,-0.4336332678794861
volume_sn_voxels::v800,-0.21249452233314514
volume_sn_voxels::v801,-0.9617975950241089
volume_sn_voxels::v802,-0.8736273050308228
volume_sn_voxels::v803,-0.7927824258804321
volume_sn_voxels::v804,-0.7508174777030945
volume_sn_voxels::v805,-0.7026094198226929
volume_sn_voxels::v806,-0.5531229376792908
volume_sn_voxels::v807,-0.2745335102081299
volume_sn_voxels::v808,-0.09493491053581238
volume_sn_voxels::v809,-0.8510706424713135
volume_sn_voxels::v810,-0.9761662483215332
volume_sn_voxels::v811,-0.8189472556114197
volume_sn_voxels::v812,-0.7911105751991272
volume_sn_voxels::v813,-0.6946009397506714
volume_sn_voxels::v814,-0.5890787243843079
volume_sn_voxels::v815,-0.5039631128311157
volume_sn_voxels::v816,-0.38008415699005127
volume_sn_voxels::v817,-0.1556367576122284
volume_sn_voxels::v818,-0.04440539330244064
volume_sn_voxels::v819,-0.7697311639785767
volume_sn_voxels::v820,-0.8851157426834106
volume_sn_voxels::v821,-0.8175032138824463
volume_sn_voxels::v822,-0.8027175068855286
volume_sn_voxels::v823,-0.7179162502288818
volume_sn_voxels::v824,-0.6061434745788574
volume_sn_voxels::v825,-0.4608038663864136
volume_sn_voxels::v826,-0.37397313117980957
volume_sn_voxels::v827,-0.2486259639263153
volume_sn_voxels::v828,-0.0824233666062355
volume_sn_voxels::v829,-0.7216193079948425
volume_sn_voxels::v830,-0.8133730888366699
volume_sn_voxels::v831,-0.7400522232055664
volume_sn_voxels::v832,-0.6910181641578674
volume_sn_voxels::v833,-0.582693338394165
volume_sn_voxels::v834,-0.453083336353302
volume_sn_voxels::v835,-0.3783086836338043
volume_sn_voxels::v836,-0.3264610767364502
volume_sn_voxels::v837,-0.16611355543136597
volume_sn_voxels::v838,-0.6259763240814209
volume_sn_voxels::v839,-0.7031981945037842
volume_sn_voxels::v840,-0.6953973174095154
volume_sn_voxels::v841,-0.627964437007904
volume_sn_voxels::v842,-0.4325866103172302
volume_sn_voxels::v843,-0.3492002785205841
volume_sn_voxels::v844,-0.3085193634033203
volume_sn_voxels::v845,-0.29351723194122314
volume_sn_voxels::v846,-0.5669173002243042
volume_sn_voxels::v847,-0.6779568791389465
volume_sn_voxels::v848,-0.6205642223358154
volume_sn_voxels::v849,-0.4553367495536804
volume_sn_voxels::v850,-0.786352813243866
volume_sn_voxels::v851,-0.7911906242370605
volume_sn_voxels::v852,-0.7362548112869263
volume_sn_voxels::v853,-0.6175823211669922
volume_sn_voxels::v854,-0.9075071811676025
volume_sn_voxels::v855,-0.8695459365844727
volume_sn_voxels::v856,-0.8458236455917358
volume_sn_voxels::v857,-0.7650638222694397
volume_sn_voxels::v858,-0.6845819354057312
volume_sn_voxels::v859,-0.928737998008728
volume_sn_voxels::v860,-0.8564122319221497
volume_sn_voxels::v861,-0.8187084197998047
volume_sn_voxels::v862,-0.7834402322769165
volume_sn_voxels::v863,-0.7687506675720215
volume_sn_voxels::v864,-0.906807005405426
volume_sn_voxels::v865,-0.7978866696357727
volume_sn_voxels::v866,-0.7109248042106628
volume_sn_voxels::v867,-0.7534658312797546
volume_sn_voxels::v868,-0.8080673217773438
volume_sn_voxels::v869,-0.8981565833091736
volume_sn_voxels::v870,-0.781118631362915
volume_sn_voxels::v871,-0.7381806969642639
volume_sn_voxels::v872,-0.7212885618209839
volume_sn_voxels::v873,-0.7241069078445435
volume_sn_voxels::v874,-0.9025538563728333
volume_sn_voxels::v875,-0.8688917756080627
volume_sn_voxels::v876,-0.7675011157989502
volume_sn_voxels::v877,-0.7216549515724182
volume_sn_voxels::v878,-0.5676625967025757
volume_sn_voxels::v879,-0.46174830198287964
volume_sn_voxels::v880,-0.986103892326355
volume_sn_voxels::v881,-0.8963994979858398
volume_sn_voxels::v882,-0.8792665600776672
volume_sn_voxels::v883,-0.7723485231399536
volume_sn_voxels::v884,-0.6092687845230103
volume_sn_voxels::v885,-0.47178101539611816
volume_sn_voxels::v886,-0.2826921045780182
volume_sn_voxels::v887,-0.8851296901702881
volume_sn_voxels::v888,-0.9265545010566711
volume_sn_voxels::v889,-0.819462776184082
volume_sn_voxels::v890,-0.7245819568634033
volume_sn_voxels::v891,-0.5197872519493103
volume_sn_voxels::v892,-0.24526168406009674
volume_sn_voxels::v893,-0.15359418094158173
volume_sn_voxels::v894,-0.9934213161468506
volume_sn_voxels::v895,-0.9406410455703735
volume_sn_voxels::v896,-0.8246623873710632
volume_sn_voxels::v897,-0.7668300271034241
volume_sn_voxels::v898,-0.6599375605583191
volume_sn_voxels::v899,-0.4734092652797699
volume_sn_voxels::v900,-0.22625094652175903
volume_sn_voxels::v901,-0.15812423825263977
volume_sn_voxels::v902,-0.8442625999450684
volume_sn_voxels::v903,-0.8973263502120972
volume_sn_voxels::v904,-0.7646224498748779
volume_sn_voxels::v905,-0.7312068939208984
volume_sn_voxels::v906,-0.5877863764762878
volume_sn_voxels::v907,-0.4264247417449951
volume_sn_voxels::v908,-0.17313152551651
volume_sn_voxels::v909,-0.1442982256412506
volume_sn_voxels::v910,-0.7615574598312378
volume_sn_voxels::v911,-0.7354679703712463
volume_sn_voxels::v912,-0.6657897233963013
volume_sn_voxels::v913,-0.6610642671585083
volume_sn_voxels::v914,-0.5454819798469543
volume_sn_voxels::v915,-0.27936598658561707
volume_sn_voxels::v916,-0.1685524880886078
volume_sn_voxels::v917,-0.7674550414085388
volume_sn_voxels::v918,-0.7017009258270264
volume_sn_voxels::v919,-0.6514253616333008
volume_sn_voxels::v920,-0.5882651209831238
volume_sn_voxels::v921,-0.5628389716148376
volume_sn_voxels::v922,-0.4754653573036194
volume_sn_voxels::v923,-0.26661059260368347
volume_sn_voxels::v924,-0.15438371896743774
volume_sn_voxels::v925,-0.7260228395462036
volume_sn_voxels::v926,-0.6359990835189819
volume_sn_voxels::v927,-0.557687520980835
volume_sn_voxels::v928,-0.5873620510101318
volume_sn_voxels::v929,-0.48472511768341064
volume_sn_voxels::v930,-0.5517439246177673
volume_sn_voxels::v931,-0.4261939525604248
volume_sn_voxels::v932,-0.20493537187576294
volume_sn_voxels::v933,-0.7968887686729431
volume_sn_voxels::v934,-0.6235899329185486
volume_sn_voxels::v935,-0.5512202978134155
volume_sn_voxels::v936,-0.5266571640968323
volume_sn_voxels::v937,-0.5088831186294556
volume_sn_voxels::v938,-0.5756384134292603
volume_sn_voxels::v939,-0.5568569302558899
volume_sn_voxels::v940,-0.41250336170196533
volume_sn_voxels::v941,-0.3556639850139618
volume_sn_voxels::v942,-0.6395305395126343
volume_sn_voxels::v943,-0.54681396484375
volume_sn_voxels::v944,-0.4896600842475891
volume_sn_voxels::v945,-0.571131706237793
volume_sn_voxels::v946,-0.5384399890899658
volume_sn_voxels::v947,-0.6697044372558594
volume_sn_voxels::v948,-0.6387897729873657
volume_sn_voxels::v949,-0.45667892694473267
volume_sn_voxels::v950,-0.4780394732952118
volume_sn_voxels::v951,-0.4265511631965637
volume_sn_voxels::v952,-0.37607210874557495
volume_sn_voxels::v953,-0.5811203718185425
volume_sn_voxels::v954,-0.4698198437690735
volume_sn_voxels::v955,-0.4827321767807007
volume_sn_voxels::v956,-0.49209389090538025
volume_sn_voxels::v957,-0.6405379772186279
volume_sn_voxels::v958,-0.575932502746582
volume_sn_voxels::v959,-0.5509531497955322
volume_sn_voxels::v960,-0.5635777711868286
volume_sn_voxels::v961,-0.5722755789756775
volume_sn_voxels::v962,-0.6478943824768066
volume_sn_voxels::v963,-0.6253466010093689
volume_sn_voxels::v964,-0.7472944855690002
volume_sn_voxels::v965,-0.6891451478004456
volume_sn_voxels::v966,-0.7031345963478088
volume_sn_voxels::v967,-0.7700694799423218
volume_sn_voxels::v968,-0.7285608053207397
volume_sn_voxels::v969,-0.7809757590293884
volume_sn_voxels::v970,-0.7089912295341492
volume_sn_voxels::v971,-0.48975926637649536
volume_sn_voxels::v972,-0.7618675231933594
volume_sn_voxels::v973,-0.9035671353340149
volume_sn_voxels::v974,-0.9667456150054932
volume_sn_voxels::v975,-1.0024216175079346
volume_sn_voxels::v976,-0.9424442052841187
volume_sn_voxels::v977,-0.7696812748908997
volume_sn_voxels::v978,-0.6863806247711182
volume_sn_voxels::v979,-0.806700587272644
volume_sn_voxels::v980,-0.8923317193984985
volume_sn_voxels::v981,-0.8931069374084473
volume_sn_voxels::v982,-1.0105754137039185
volume_sn_voxels::v983,-1.0988644361495972
volume_sn_voxels::v984,-0.7726114988327026
volume_sn_voxels::v985,-0.6867861747741699
volume_sn_voxels::v986,-0.9547944068908691
volume_sn_voxels::v987,-0.9430042505264282
volume_sn_voxels::v988,-0.9615952968597412
volume_sn_voxels::v989,-0.9767841100692749
volume_sn_voxels::v990,-0.8318650126457214
volume_sn_voxels::v991,-0.6295841932296753
volume_sn_voxels::v992,-0.8565736413002014
volume_sn_voxels::v993,-1.0082851648330688
volume_sn_voxels::v994,-0.9859797954559326
volume_sn_voxels::v995,-0.8814297914505005
volume_sn_voxels::v996,-0.6109840869903564
volume_sn_voxels::v997,-0.7655254602432251
volume_sn_voxels::v998,-0.8981214761734009
volume_sn_voxels::v999,-0.9560447931289673
volume_sn_voxels::v1000,-0.7732109427452087
volume_sn_voxels::v1001,-0.4761890769004822
volume_sn_voxels::v1002,-0.7473143339157104
volume_sn_voxels::v1003,-0.7856693267822266
volume_sn_voxels::v1004,-0.5552749037742615
volume_sn_voxels::v1005,-0.2936921715736389
volume_sn_voxels::v1006,-0.2689352035522461
volume_sn_voxels::v1007,-0.27205267548561096
volume_sn_voxels::v1008,-0.2824622690677643
volume_sn_voxels::v1009,-0.33805885910987854
volume_sn_voxels::v1010,-0.40354615449905396
volume_sn_voxels::v1011,-0.42907795310020447
volume_sn_voxels::v1012,-0.42297863960266113
volume_sn_voxels::v1013,-0.5967150926589966
volume_sn_voxels::v1014,-0.62153160572052
volume_sn_voxels::v1015,-0.5401841402053833
volume_sn_voxels::v1016,-0.4897032678127289
volume_sn_voxels::v1017,-0.6138292551040649
volume_sn_voxels::v1018,-0.8402721285820007
volume_sn_voxels::v1019,-0.7583067417144775
volume_sn_voxels::v1020,-0.6852783560752869
volume_sn_voxels::v1021,-0.7062745690345764
volume_sn_voxels::v1022,-0.7551071047782898
volume_sn_voxels::v1023,-0.7597649097442627
volume_sn_voxels::v1024,-0.9273326396942139
volume_sn_voxels::v1025,-0.8407397270202637
volume_sn_voxels::v1026,-0.8197667002677917
volume_sn_voxels::v1027,-0.8723776340484619
volume_sn_voxels::v1028,-0.937425434589386
volume_sn_voxels::v1029,-1.0627992153167725
volume_sn_voxels::v1030,-0.9804266095161438
volume_sn_voxels::v1031,-0.9014873504638672
volume_sn_voxels::v1032,-0.8712831139564514
volume_sn_voxels::v1033,-0.9331791996955872
volume_sn_voxels::v1034,-1.023269772529602
volume_sn_voxels::v1035,-1.1518621444702148
volume_sn_voxels::v1036,-1.1327128410339355
volume_sn_voxels::v1037,-0.9206560254096985
volume_sn_voxels::v1038,-0.5868274569511414
volume_sn_voxels::v1039,-0.9606945514678955
volume_sn_voxels::v1040,-0.9485432505607605
volume_sn_voxels::v1041,-0.9348263740539551
volume_sn_voxels::v1042,-1.0289840698242188
volume_sn_voxels::v1043,-0.9982918500900269
volume_sn_voxels::v1044,-1.0930938720703125
volume_sn_voxels::v1045,-0.9253422617912292
volume_sn_voxels::v1046,-0.748656153678894
volume_sn_voxels::v1047,-0.9651373624801636
volume_sn_voxels::v1048,-0.9869549870491028
volume_sn_voxels::v1049,-1.0252916812896729
volume_sn_voxels::v1050,-0.9556601643562317
volume_sn_voxels::v1051,-0.9876290559768677
volume_sn_voxels::v1052,-1.1078301668167114
volume_sn_voxels::v1053,-0.8465824127197266
volume_sn_voxels::v1054,-0.5497461557388306
volume_sn_voxels::v1055,-0.9904341101646423
volume_sn_voxels::v1056,-1.090840458869934
volume_sn_voxels::v1057,-1.0612053871154785
volume_sn_voxels::v1058,-1.0652884244918823
volume_sn_voxels::v1059,-1.0248900651931763
volume_sn_voxels::v1060,-0.7251372933387756
volume_sn_voxels::v1061,-0.9062596559524536
volume_sn_voxels::v1062,-1.0175330638885498
volume_sn_voxels::v1063,-1.063698649406433
volume_sn_voxels::v1064,-1.1127245426177979
volume_sn_voxels::v1065,-0.9325238466262817
volume_sn_voxels::v1066,-0.5955384373664856
volume_sn_voxels::v1067,-0.9883049130439758
volume_sn_voxels::v1068,-0.9841763377189636
volume_sn_voxels::v1069,-0.7290577292442322
volume_sn_voxels::v1070,-0.3930312395095825
volume_sn_voxels::v1071,-0.32835036516189575
volume_sn_voxels::v1072,-0.2897137999534607
volume_sn_voxels::v1073,-0.40527430176734924
volume_sn_voxels::v1074,-0.4633726477622986
volume_sn_voxels::v1075,-0.5019394159317017
volume_sn_voxels::v1076,-0.6680574417114258
volume_sn_voxels::v1077,-0.6675241589546204
volume_sn_voxels::v1078,-0.7143890857696533
volume_sn_voxels::v1079,-0.8837159872055054
volume_sn_voxels::v1080,-0.8935728669166565
volume_sn_voxels::v1081,-0.7638101577758789
volume_sn_voxels::v1082,-0.7946276068687439
volume_sn_voxels::v1083,-0.9035084843635559
volume_sn_voxels::v1084,-1.0290486812591553
volume_sn_voxels::v1085,-0.9440496563911438
volume_sn_voxels::v1086,-0.9133870005607605
volume_sn_voxels::v1087,-0.9555768966674805
volume_sn_voxels::v1088,-1.1132965087890625
volume_sn_voxels::v1089,-0.9860069751739502
volume_sn_voxels::v1090,-0.9635967016220093
volume_sn_voxels::v1091,-0.9748706817626953
volume_sn_voxels::v1092,-1.0708911418914795
volume_sn_voxels::v1093,-1.0977627038955688
volume_sn_voxels::v1094,-1.103410243988037
volume_sn_voxels::v1095,-1.0668498277664185
volume_sn_voxels::v1096,-1.094280481338501
volume_sn_voxels::v1097,-1.0268385410308838
volume_sn_voxels::v1098,-1.2668993473052979
volume_sn_voxels::v1099,-1.104432463645935
volume_sn_voxels::v1100,-1.0422497987747192
volume_sn_voxels::v1101,-1.1726213693618774
volume_sn_voxels::v1102,-1.0646790266036987
volume_sn_voxels::v1103,-0.8739707469940186
volume_sn_voxels::v1104,-0.6313165426254272
volume_sn_voxels::v1105,-1.0579990148544312
volume_sn_voxels::v1106,-1.109161138534546
volume_sn_voxels::v1107,-1.1628262996673584
volume_sn_voxels::v1108,-1.2695876359939575
volume_sn_voxels::v1109,-1.206811785697937
volume_sn_voxels::v1110,-1.186545729637146
volume_sn_voxels::v1111,-0.9775241613388062
volume_sn_voxels::v1112,-0.822837769985199
volume_sn_voxels::v1113,-0.5107226371765137
volume_sn_voxels::v1114,-1.0894339084625244
volume_sn_voxels::v1115,-1.2479547262191772
volume_sn_voxels::v1116,-1.1109986305236816
volume_sn_voxels::v1117,-1.1440141201019287
volume_sn_voxels::v1118,-1.220106840133667
volume_sn_voxels::v1119,-1.1189097166061401
volume_sn_voxels::v1120,-0.9944807291030884
volume_sn_voxels::v1121,-0.71099853515625
volume_sn_voxels::v1122,-0.5655858516693115
volume_sn_voxels::v1123,-1.137895941734314
volume_sn_voxels::v1124,-1.2510948181152344
volume_sn_voxels::v1125,-1.2265690565109253
volume_sn_voxels::v1126,-1.046736240386963
volume_sn_voxels::v1127,-0.9725052714347839
volume_sn_voxels::v1128,-0.9160699248313904
volume_sn_voxels::v1129,-0.7496250867843628
volume_sn_voxels::v1130,-1.0396411418914795
volume_sn_voxels::v1131,-0.9792747497558594
volume_sn_voxels::v1132,-1.1076278686523438
volume_sn_voxels::v1133,-0.9659027457237244
volume_sn_voxels::v1134,-0.778266429901123
volume_sn_voxels::v1135,-0.5906878113746643
volume_sn_voxels::v1136,-0.9337011575698853
volume_sn_voxels::v1137,-0.8832897543907166
volume_sn_voxels::v1138,-0.5468761324882507
volume_sn_voxels::v1139,-0.5246552228927612
volume_sn_voxels::v1140,-0.5345690250396729
volume_sn_voxels::v1141,-0.7188390493392944
volume_sn_voxels::v1142,-0.7749001383781433
volume_sn_voxels::v1143,-0.7837613821029663
volume_sn_voxels::v1144,-1.04033362865448
volume_sn_voxels::v1145,-0.9936721920967102
volume_sn_voxels::v1146,-0.8616392612457275
volume_sn_voxels::v1147,-0.8643524646759033
volume_sn_voxels::v1148,-1.1940702199935913
volume_sn_voxels::v1149,-1.073053002357483
volume_sn_voxels::v1150,-0.9326818585395813
volume_sn_voxels::v1151,-0.9785160422325134
volume_sn_voxels::v1152,-0.9532070159912109
volume_sn_voxels::v1153,-1.0322266817092896
volume_sn_voxels::v1154,-0.9427886605262756
volume_sn_voxels::v1155,-1.219441533088684
volume_sn_voxels::v1156,-1.1418209075927734
volume_sn_voxels::v1157,-1.1128911972045898
volume_sn_voxels::v1158,-1.0646095275878906
volume_sn_voxels::v1159,-1.087148904800415
volume_sn_voxels::v1160,-1.0405118465423584
volume_sn_voxels::v1161,-1.0694067478179932
volume_sn_voxels::v1162,-1.2336301803588867
volume_sn_voxels::v1163,-1.2446746826171875
volume_sn_voxels::v1164,-1.1756935119628906
volume_sn_voxels::v1165,-1.1802793741226196
volume_sn_voxels::v1166,-1.2326276302337646
volume_sn_voxels::v1167,-1.108758568763733
volume_sn_voxels::v1168,-1.20228910446167
volume_sn_voxels::v1169,-0.971179723739624
volume_sn_voxels::v1170,-1.340348482131958
volume_sn_voxels::v1171,-1.242282748222351
volume_sn_voxels::v1172,-1.2950117588043213
volume_sn_voxels::v1173,-1.2177484035491943
volume_sn_voxels::v1174,-1.2210901975631714
volume_sn_voxels::v1175,-1.164941430091858
volume_sn_voxels::v1176,-0.9228806495666504
volume_sn_voxels::v1177,-0.705267071723938
volume_sn_voxels::v1178,-1.375488042831421
volume_sn_voxels::v1179,-1.4187493324279785
volume_sn_voxels::v1180,-1.3620415925979614
volume_sn_voxels::v1181,-1.4143015146255493
volume_sn_voxels::v1182,-1.2674839496612549
volume_sn_voxels::v1183,-1.0840015411376953
volume_sn_voxels::v1184,-0.952392041683197
volume_sn_voxels::v1185,-0.7891794443130493
volume_sn_voxels::v1186,-0.4925207495689392
volume_sn_voxels::v1187,-1.0703688859939575
volume_sn_voxels::v1188,-1.1236059665679932
volume_sn_voxels::v1189,-1.2563138008117676
volume_sn_voxels::v1190,-1.2406628131866455
volume_sn_voxels::v1191,-1.1047608852386475
volume_sn_voxels::v1192,-1.0862334966659546
volume_sn_voxels::v1193,-1.03633713722229
volume_sn_voxels::v1194,-0.7611588835716248
volume_sn_voxels::v1195,-0.5139957666397095
volume_sn_voxels::v1196,-0.9896347522735596
volume_sn_voxels::v1197,-1.0962482690811157
volume_sn_voxels::v1198,-1.238470196723938
volume_sn_voxels::v1199,-1.208021879196167
volume_sn_voxels::v1200,-1.0619277954101562
volume_sn_voxels::v1201,-0.9332665205001831
volume_sn_voxels::v1202,-0.651671826839447
volume_sn_voxels::v1203,-0.3599257171154022
volume_sn_voxels::v1204,-0.9547528028488159
volume_sn_voxels::v1205,-1.1043089628219604
volume_sn_voxels::v1206,-1.0674515962600708
volume_sn_voxels::v1207,-0.9947134256362915
volume_sn_voxels::v1208,-0.7401397228240967
volume_sn_voxels::v1209,-0.4877551794052124
volume_sn_voxels::v1210,-0.4379960298538208
volume_sn_voxels::v1211,-0.6775864362716675
volume_sn_voxels::v1212,-0.7550315260887146
volume_sn_voxels::v1213,-0.6492879986763
volume_sn_voxels::v1214,-1.0213494300842285
volume_sn_voxels::v1215,-1.2318228483200073
volume_sn_voxels::v1216,-1.0634839534759521
volume_sn_voxels::v1217,-0.9347381591796875
volume_sn_voxels::v1218,-0.8038747310638428
volume_sn_voxels::v1219,-1.296287178993225
volume_sn_voxels::v1220,-1.4002912044525146
volume_sn_voxels::v1221,-1.0985509157180786
volume_sn_voxels::v1222,-0.9518147706985474
volume_sn_voxels::v1223,-0.8940001726150513
volume_sn_voxels::v1224,-0.8663785457611084
volume_sn_voxels::v1225,-1.2879440784454346
volume_sn_voxels::v1226,-1.2614541053771973
volume_sn_voxels::v1227,-1.3166840076446533
volume_sn_voxels::v1228,-1.2291054725646973
volume_sn_voxels::v1229,-1.041189432144165
volume_sn_voxels::v1230,-1.0065988302230835
volume_sn_voxels::v1231,-1.0725958347320557
volume_sn_voxels::v1232,-1.2354893684387207
volume_sn_voxels::v1233,-1.47739839553833
volume_sn_voxels::v1234,-1.475484848022461
volume_sn_voxels::v1235,-1.3568437099456787
volume_sn_voxels::v1236,-1.2978601455688477
volume_sn_voxels::v1237,-1.1678836345672607
volume_sn_voxels::v1238,-1.1539380550384521
volume_sn_voxels::v1239,-1.0633150339126587
volume_sn_voxels::v1240,-1.2122716903686523
volume_sn_voxels::v1241,-1.4358731508255005
volume_sn_voxels::v1242,-1.4365301132202148
volume_sn_voxels::v1243,-1.4995237588882446
volume_sn_voxels::v1244,-1.401027798652649
volume_sn_voxels::v1245,-1.345134973526001
volume_sn_voxels::v1246,-1.2763254642486572
volume_sn_voxels::v1247,-1.1584275960922241
volume_sn_voxels::v1248,-1.0098680257797241
volume_sn_voxels::v1249,-1.3158215284347534
volume_sn_voxels::v1250,-1.4889440536499023
volume_sn_voxels::v1251,-1.428349494934082
volume_sn_voxels::v1252,-1.3991105556488037
volume_sn_voxels::v1253,-1.3865457773208618
volume_sn_voxels::v1254,-1.2459349632263184
volume_sn_voxels::v1255,-1.1920928955078125
volume_sn_voxels::v1256,-0.9319471120834351
volume_sn_voxels::v1257,-0.7163254022598267
volume_sn_voxels::v1258,-0.46877455711364746
volume_sn_voxels::v1259,-1.2038655281066895
volume_sn_voxels::v1260,-1.4257698059082031
volume_sn_voxels::v1261,-1.3198312520980835
volume_sn_voxels::v1262,-1.2728726863861084
volume_sn_voxels::v1263,-1.3014400005340576
volume_sn_voxels::v1264,-1.0630310773849487
volume_sn_voxels::v1265,-0.8593543767929077
volume_sn_voxels::v1266,-0.689206063747406
volume_sn_voxels::v1267,-0.4512462615966797
volume_sn_voxels::v1268,-1.061005711555481
volume_sn_voxels::v1269,-1.0956493616104126
volume_sn_voxels::v1270,-1.155763864517212
volume_sn_voxels::v1271,-1.2472903728485107
volume_sn_voxels::v1272,-1.2686641216278076
volume_sn_voxels::v1273,-1.1009141206741333
volume_sn_voxels::v1274,-0.9508394598960876
volume_sn_voxels::v1275,-0.6602602005004883
volume_sn_voxels::v1276,-0.38829293847084045
volume_sn_voxels::v1277,-0.9736340641975403
volume_sn_voxels::v1278,-1.0462346076965332
volume_sn_voxels::v1279,-1.06684410572052
volume_sn_voxels::v1280,-1.0993406772613525
volume_sn_voxels::v1281,-1.2446613311767578
volume_sn_voxels::v1282,-1.100756049156189
volume_sn_voxels::v1283,-0.7523648142814636
volume_sn_voxels::v1284,-0.5645179748535156
volume_sn_voxels::v1285,-1.044107437133789
volume_sn_voxels::v1286,-0.908172070980072
volume_sn_voxels::v1287,-0.9632822275161743
volume_sn_voxels::v1288,-0.9526415467262268
volume_sn_voxels::v1289,-0.6921620965003967
volume_sn_voxels::v1290,-0.5232361555099487
volume_sn_voxels::v1291,-0.7582850456237793
volume_sn_voxels::v1292,-0.6137504577636719
volume_sn_voxels::v1293,-0.2656274437904358
volume_sn_voxels::v1294,-0.3190850615501404
volume_sn_voxels::v1295,-0.3058684170246124
volume_sn_voxels::v1296,-0.4920668303966522
volume_sn_voxels::v1297,-0.5030467510223389
volume_sn_voxels::v1298,-0.552964985370636
volume_sn_voxels::v1299,-0.5364028811454773
volume_sn_voxels::v1300,-0.7034423351287842
volume_sn_voxels::v1301,-0.8072221875190735
volume_sn_voxels::v1302,-0.9879854917526245
volume_sn_voxels::v1303,-0.8924391269683838
volume_sn_voxels::v1304,-1.1618196964263916
volume_sn_voxels::v1305,-1.2597414255142212
volume_sn_voxels::v1306,-1.1214280128479004
volume_sn_voxels::v1307,-1.0008790493011475
volume_sn_voxels::v1308,-1.2737064361572266
volume_sn_voxels::v1309,-1.245524525642395
volume_sn_voxels::v1310,-1.2829936742782593
volume_sn_voxels::v1311,-1.1700398921966553
volume_sn_voxels::v1312,-1.0463403463363647
volume_sn_voxels::v1313,-1.3265808820724487
volume_sn_voxels::v1314,-1.4136089086532593
volume_sn_voxels::v1315,-1.6409779787063599
volume_sn_voxels::v1316,-1.3979356288909912
volume_sn_voxels::v1317,-1.2981220483779907
volume_sn_voxels::v1318,-1.1136298179626465
volume_sn_voxels::v1319,-1.2320489883422852
volume_sn_voxels::v1320,-1.3879201412200928
volume_sn_voxels::v1321,-1.3258962631225586
volume_sn_voxels::v1322,-1.4235355854034424
volume_sn_voxels::v1323,-1.2855113744735718
volume_sn_voxels::v1324,-1.2515888214111328
volume_sn_voxels::v1325,-1.1796221733093262
volume_sn_voxels::v1326,-0.9947032928466797
volume_sn_voxels::v1327,-1.1489094495773315
volume_sn_voxels::v1328,-1.3363561630249023
volume_sn_voxels::v1329,-1.3030102252960205
volume_sn_voxels::v1330,-1.1967929601669312
volume_sn_voxels::v1331,-1.1792269945144653
volume_sn_voxels::v1332,-1.1447710990905762
volume_sn_voxels::v1333,-1.0862995386123657
volume_sn_voxels::v1334,-0.8911037445068359
volume_sn_voxels::v1335,-0.8875918984413147
volume_sn_voxels::v1336,-0.9982591271400452
volume_sn_voxels::v1337,-1.2569488286972046
volume_sn_voxels::v1338,-1.247139573097229
volume_sn_voxels::v1339,-1.1609081029891968
volume_sn_voxels::v1340,-1.0878887176513672
volume_sn_voxels::v1341,-1.18184494972229
volume_sn_voxels::v1342,-1.0667834281921387
volume_sn_voxels::v1343,-0.8037132024765015
volume_sn_voxels::v1344,-0.5862007737159729
volume_sn_voxels::v1345,-0.43297556042671204
volume_sn_voxels::v1346,-0.8290525674819946
volume_sn_voxels::v1347,-0.9917172193527222
volume_sn_voxels::v1348,-1.1577589511871338
volume_sn_voxels::v1349,-1.219373345375061
volume_sn_voxels::v1350,-1.2054728269577026
volume_sn_voxels::v1351,-1.1075553894042969
volume_sn_voxels::v1352,-1.0929149389266968
volume_sn_voxels::v1353,-0.8248203992843628
volume_sn_voxels::v1354,-0.7193192839622498
volume_sn_voxels::v1355,-0.3376534879207611
volume_sn_voxels::v1356,-0.19043895602226257
volume_sn_voxels::v1357,-0.8458930850028992
volume_sn_voxels::v1358,-1.0256092548370361
volume_sn_voxels::v1359,-1.1079154014587402
volume_sn_voxels::v1360,-1.0898065567016602
volume_sn_voxels::v1361,-1.1915485858917236
volume_sn_voxels::v1362,-1.103644847869873
volume_sn_voxels::v1363,-1.0778214931488037
volume_sn_voxels::v1364,-0.8218939304351807
volume_sn_voxels::v1365,-0.6121716499328613
volume_sn_voxels::v1366,-0.3454135060310364
volume_sn_voxels::v1367,-0.9663500189781189
volume_sn_voxels::v1368,-1.0974613428115845
volume_sn_voxels::v1369,-1.0483421087265015
volume_sn_voxels::v1370,-1.0270887613296509
volume_sn_voxels::v1371,-1.0287864208221436
volume_sn_voxels::v1372,-0.9159876108169556
volume_sn_voxels::v1373,-0.7009038329124451
volume_sn_voxels::v1374,-0.5109627842903137
volume_sn_voxels::v1375,-1.1650302410125732
volume_sn_voxels::v1376,-0.9896241426467896
volume_sn_voxels::v1377,-0.9562557339668274
volume_sn_voxels::v1378,-0.859805166721344
volume_sn_voxels::v1379,-0.7871512770652771
volume_sn_voxels::v1380,-0.5939223766326904
volume_sn_voxels::v1381,-0.4169811010360718
volume_sn_voxels::v1382,-0.6748703122138977
volume_sn_voxels::v1383,-0.588862955570221
volume_sn_voxels::v1384,-0.40812671184539795
volume_sn_voxels::v1385,-0.29517966508865356
volume_sn_voxels::v1386,-0.39502984285354614
volume_sn_voxels::v1387,-0.38458049297332764
volume_sn_voxels::v1388,-0.8612385392189026
volume_sn_voxels::v1389,-0.7271599769592285
volume_sn_voxels::v1390,-0.6358814239501953
volume_sn_voxels::v1391,-1.2240855693817139
volume_sn_voxels::v1392,-1.0809603929519653
volume_sn_voxels::v1393,-1.0136131048202515
volume_sn_voxels::v1394,-0.9854196906089783
volume_sn_voxels::v1395,-0.8719857335090637
volume_sn_voxels::v1396,-1.2746868133544922
volume_sn_voxels::v1397,-1.162005066871643
volume_sn_voxels::v1398,-1.1329604387283325
volume_sn_voxels::v1399,-1.1839593648910522
volume_sn_voxels::v1400,-1.1301743984222412
volume_sn_voxels::v1401,-1.019320011138916
volume_sn_voxels::v1402,-1.225460410118103
volume_sn_voxels::v1403,-1.0742391347885132
volume_sn_voxels::v1404,-1.1484959125518799
volume_sn_voxels::v1405,-1.258819341659546
volume_sn_voxels::v1406,-1.218369960784912
volume_sn_voxels::v1407,-1.079526424407959
volume_sn_voxels::v1408,-1.1219271421432495
volume_sn_voxels::v1409,-1.0294923782348633
volume_sn_voxels::v1410,-1.0902825593948364
volume_sn_voxels::v1411,-1.1547796726226807
volume_sn_voxels::v1412,-1.2029799222946167
volume_sn_voxels::v1413,-1.181767463684082
volume_sn_voxels::v1414,-1.182985544204712
volume_sn_voxels::v1415,-0.9809707403182983
volume_sn_voxels::v1416,-0.9041460752487183
volume_sn_voxels::v1417,-1.0577694177627563
volume_sn_voxels::v1418,-1.1887208223342896
volume_sn_voxels::v1419,-1.2069017887115479
volume_sn_voxels::v1420,-1.1157777309417725
volume_sn_voxels::v1421,-1.114448070526123
volume_sn_voxels::v1422,-1.0730085372924805
volume_sn_voxels::v1423,-0.8780974745750427
volume_sn_voxels::v1424,-0.9046587347984314
volume_sn_voxels::v1425,-1.0471272468566895
volume_sn_voxels::v1426,-1.1179907321929932
volume_sn_voxels::v1427,-1.1173673868179321
volume_sn_voxels::v1428,-1.0568604469299316
volume_sn_voxels::v1429,-1.0952346324920654
volume_sn_voxels::v1430,-1.1232430934906006
volume_sn_voxels::v1431,-0.7388989925384521
volume_sn_voxels::v1432,-0.8468339443206787
volume_sn_voxels::v1433,-0.9451323747634888
volume_sn_voxels::v1434,-1.048081398010254
volume_sn_voxels::v1435,-1.077397346496582
volume_sn_voxels::v1436,-1.049438238143921
volume_sn_voxels::v1437,-1.0256752967834473
volume_sn_voxels::v1438,-0.9895016551017761
volume_sn_voxels::v1439,-0.9566574096679688
volume_sn_voxels::v1440,-0.6050909161567688
volume_sn_voxels::v1441,-0.7411254644393921
volume_sn_voxels::v1442,-0.8581776022911072
volume_sn_voxels::v1443,-0.8905304074287415
volume_sn_voxels::v1444,-1.1837111711502075
volume_sn_voxels::v1445,-1.2028453350067139
volume_sn_voxels::v1446,-1.0001648664474487
volume_sn_voxels::v1447,-1.2075636386871338
volume_sn_voxels::v1448,-0.9820041656494141
volume_sn_voxels::v1449,-0.7588568925857544
volume_sn_voxels::v1450,-0.5061764717102051
volume_sn_voxels::v1451,-0.6888863444328308
volume_sn_voxels::v1452,-0.886795699596405
volume_sn_voxels::v1453,-1.0412904024124146
volume_sn_voxels::v1454,-1.1746020317077637
volume_sn_voxels::v1455,-1.1950910091400146
volume_sn_voxels::v1456,-1.1494178771972656
volume_sn_voxels::v1457,-1.078808069229126
volume_sn_voxels::v1458,-0.8310626149177551
volume_sn_voxels::v1459,-0.6949558258056641
volume_sn_voxels::v1460,-0.596520185470581
volume_sn_voxels::v1461,-0.7941367626190186
volume_sn_voxels::v1462,-1.1519386768341064
volume_sn_voxels::v1463,-1.1450623273849487
volume_sn_voxels::v1464,-1.1054444313049316
volume_sn_voxels::v1465,-1.078575849533081
volume_sn_voxels::v1466,-0.9487093687057495
volume_sn_voxels::v1467,-0.7874347567558289
volume_sn_voxels::v1468,-0.6287647485733032
volume_sn_voxels::v1469,-0.4398435950279236
volume_sn_voxels::v1470,-0.7328176498413086
volume_sn_voxels::v1471,-0.8462883234024048
volume_sn_voxels::v1472,-0.8768305778503418
volume_sn_voxels::v1473,-0.9305582046508789
volume_sn_voxels::v1474,-0.9603358507156372
volume_sn_voxels::v1475,-0.8204689621925354
volume_sn_voxels::v1476,-0.636976957321167
volume_sn_voxels::v1477,-0.5084139704704285
volume_sn_voxels::v1478,-0.7407272458076477
volume_sn_voxels::v1479,-0.7705112099647522
volume_sn_voxels::v1480,-0.7837249040603638
volume_sn_voxels::v1481,-0.6757846474647522
volume_sn_voxels::v1482,-0.4924306571483612
volume_sn_voxels::v1483,-0.45989859104156494
volume_sn_voxels::v1484,-0.419329971075058
volume_sn_voxels::v1485,-0.8446444272994995
volume_sn_voxels::v1486,-0.8802068829536438
volume_sn_voxels::v1487,-0.8811630606651306
volume_sn_voxels::v1488,-0.7205270528793335
volume_sn_voxels::v1489,-1.1274291276931763
volume_sn_voxels::v1490,-1.1521724462509155
volume_sn_voxels::v1491,-1.0282928943634033
volume_sn_voxels::v1492,-1.0117257833480835
volume_sn_voxels::v1493,-1.2285747528076172
volume_sn_voxels::v1494,-1.1448712348937988
volume_sn_voxels::v1495,-1.0748414993286133
volume_sn_voxels::v1496,-1.0350416898727417
volume_sn_voxels::v1497,-1.0781214237213135
volume_sn_voxels::v1498,-1.3406572341918945
volume_sn_voxels::v1499,-1.061349630355835
volume_sn_voxels::v1500,-1.0432369709014893
volume_sn_voxels::v1501,-0.959653377532959
volume_sn_voxels::v1502,-1.0492738485336304
volume_sn_voxels::v1503,-1.1674433946609497
volume_sn_voxels::v1504,-1.064616084098816
volume_sn_voxels::v1505,-0.9717365503311157
volume_sn_voxels::v1506,-0.9432007074356079
volume_sn_voxels::v1507,-1.0971219539642334
volume_sn_voxels::v1508,-1.10396146774292
volume_sn_voxels::v1509,-1.0301189422607422
volume_sn_voxels::v1510,-1.014135718345642
volume_sn_voxels::v1511,-0.9547011852264404
volume_sn_voxels::v1512,-0.9048962593078613
volume_sn_voxels::v1513,-0.9478044509887695
volume_sn_voxels::v1514,-1.1103107929229736
volume_sn_voxels::v1515,-1.1593114137649536
volume_sn_voxels::v1516,-0.9336700439453125
volume_sn_voxels::v1517,-0.8448716402053833
volume_sn_voxels::v1518,-0.8761048316955566
volume_sn_voxels::v1519,-0.9197806715965271
volume_sn_voxels::v1520,-1.0172393321990967
volume_sn_voxels::v1521,-1.0457953214645386
volume_sn_voxels::v1522,-1.0007426738739014
volume_sn_voxels::v1523,-0.7555640935897827
volume_sn_voxels::v1524,-0.7263305187225342
volume_sn_voxels::v1525,-0.8065018653869629
volume_sn_voxels::v1526,-0.9870799779891968
volume_sn_voxels::v1527,-1.0482574701309204
volume_sn_voxels::v1528,-1.11474609375
volume_sn_voxels::v1529,-1.0079975128173828
volume_sn_voxels::v1530,-0.9680765867233276
volume_sn_voxels::v1531,-0.524976372718811
volume_sn_voxels::v1532,-0.7377954721450806
volume_sn_voxels::v1533,-0.8728985786437988
volume_sn_voxels::v1534,-0.968570351600647
volume_sn_voxels::v1535,-1.222020149230957
volume_sn_voxels::v1536,-1.0979111194610596
volume_sn_voxels::v1537,-1.09771728515625
volume_sn_voxels::v1538,-1.027825117111206
volume_sn_voxels::v1539,-0.4960978627204895
volume_sn_voxels::v1540,-0.7020528316497803
volume_sn_voxels::v1541,-0.8493341207504272
volume_sn_voxels::v1542,-1.1236472129821777
volume_sn_voxels::v1543,-1.2092089653015137
volume_sn_voxels::v1544,-1.1135690212249756
volume_sn_voxels::v1545,-1.0637298822402954
volume_sn_voxels::v1546,-1.0071768760681152
volume_sn_voxels::v1547,-0.8328703045845032
volume_sn_voxels::v1548,-0.39106258749961853
volume_sn_voxels::v1549,-0.642656147480011
volume_sn_voxels::v1550,-0.8516349792480469
volume_sn_voxels::v1551,-0.9919877052307129
volume_sn_voxels::v1552,-1.0785881280899048
volume_sn_voxels::v1553,-1.0975360870361328
volume_sn_voxels::v1554,-1.1319135427474976
volume_sn_voxels::v1555,-0.9845499992370605
volume_sn_voxels::v1556,-0.7422564625740051
volume_sn_voxels::v1557,-0.5725852251052856
volume_sn_voxels::v1558,-0.4953154921531677
volume_sn_voxels::v1559,-0.5683610439300537
volume_sn_voxels::v1560,-0.6806995868682861
volume_sn_voxels::v1561,-0.8324103355407715
volume_sn_voxels::v1562,-0.9270456433296204
volume_sn_voxels::v1563,-0.9528561234474182
volume_sn_voxels::v1564,-0.9970115423202515
volume_sn_voxels::v1565,-0.9269784688949585
volume_sn_voxels::v1566,-0.7474542856216431
volume_sn_voxels::v1567,-0.51999831199646
volume_sn_voxels::v1568,-0.5427016615867615
volume_sn_voxels::v1569,-0.6991678476333618
volume_sn_voxels::v1570,-0.8013819456100464
volume_sn_voxels::v1571,-0.8202466368675232
volume_sn_voxels::v1572,-0.7924180030822754
volume_sn_voxels::v1573,-0.8109667897224426
volume_sn_voxels::v1574,-0.7406967878341675
volume_sn_voxels::v1575,-0.5782620906829834
volume_sn_voxels::v1576,-0.46836021542549133
volume_sn_voxels::v1577,-0.7118738293647766
volume_sn_voxels::v1578,-0.6753274202346802
volume_sn_voxels::v1579,-0.6747516989707947
volume_sn_voxels::v1580,-0.6955728530883789
volume_sn_voxels::v1581,-0.717074453830719
volume_sn_voxels::v1582,-0.5542699694633484
volume_sn_voxels::v1583,-0.7227165699005127
volume_sn_voxels::v1584,-0.7250502705574036
volume_sn_voxels::v1585,-0.9909688234329224
volume_sn_voxels::v1586,-0.8865565657615662
volume_sn_voxels::v1587,-0.7466747760772705
volume_sn_voxels::v1588,-1.1396503448486328
volume_sn_voxels::v1589,-1.0695767402648926
volume_sn_voxels::v1590,-0.9987568855285645
volume_sn_voxels::v1591,-0.9246797561645508
volume_sn_voxels::v1592,-1.201843500137329
volume_sn_voxels::v1593,-1.0869314670562744
volume_sn_voxels::v1594,-1.1234142780303955
volume_sn_voxels::v1595,-1.1064140796661377
volume_sn_voxels::v1596,-1.1444792747497559
volume_sn_voxels::v1597,-1.146070122718811
volume_sn_voxels::v1598,-1.0755587816238403
volume_sn_voxels::v1599,-1.105309247970581
volume_sn_voxels::v1600,-0.9919888973236084
volume_sn_voxels::v1601,-0.9617820978164673
volume_sn_voxels::v1602,-0.9741582274436951
volume_sn_voxels::v1603,-0.9989095330238342
volume_sn_voxels::v1604,-1.0192643404006958
volume_sn_voxels::v1605,-1.0361515283584595
volume_sn_voxels::v1606,-0.871009349822998
volume_sn_voxels::v1607,-0.9218928813934326
volume_sn_voxels::v1608,-0.944133460521698
volume_sn_voxels::v1609,-0.888224720954895
volume_sn_voxels::v1610,-0.9850695729255676
volume_sn_voxels::v1611,-0.7239827513694763
volume_sn_voxels::v1612,-0.8107562065124512
volume_sn_voxels::v1613,-0.9156543612480164
volume_sn_voxels::v1614,-0.9764401316642761
volume_sn_voxels::v1615,-1.023866057395935
volume_sn_voxels::v1616,-0.9902740716934204
volume_sn_voxels::v1617,-0.6384308934211731
volume_sn_voxels::v1618,-0.7765556573867798
volume_sn_voxels::v1619,-0.9025851488113403
volume_sn_voxels::v1620,-0.8875072598457336
volume_sn_voxels::v1621,-1.0066105127334595
volume_sn_voxels::v1622,-1.1858468055725098
volume_sn_voxels::v1623,-0.43253806233406067
volume_sn_voxels::v1624,-0.6764545440673828
volume_sn_voxels::v1625,-0.8668378591537476
volume_sn_voxels::v1626,-0.9018185138702393
volume_sn_voxels::v1627,-1.0365731716156006
volume_sn_voxels::v1628,-1.3041648864746094
volume_sn_voxels::v1629,-1.0554064512252808
volume_sn_voxels::v1630,-0.3153049051761627
volume_sn_voxels::v1631,-0.4849671721458435
volume_sn_voxels::v1632,-0.7290054559707642
volume_sn_voxels::v1633,-0.9894700050354004
volume_sn_voxels::v1634,-1.1473950147628784
volume_sn_voxels::v1635,-1.2056081295013428
volume_sn_voxels::v1636,-1.2951385974884033
volume_sn_voxels::v1637,-1.0367909669876099
volume_sn_voxels::v1638,-0.2213248759508133
volume_sn_voxels::v1639,-0.43662208318710327
volume_sn_voxels::v1640,-0.6942009925842285
volume_sn_voxels::v1641,-0.7950516939163208
volume_sn_voxels::v1642,-0.9233940839767456
volume_sn_voxels::v1643,-1.012864351272583
volume_sn_voxels::v1644,-0.9818665981292725
volume_sn_voxels::v1645,-1.0161300897598267
volume_sn_voxels::v1646,-1.0091156959533691
volume_sn_voxels::v1647,-0.8334799408912659
volume_sn_voxels::v1648,-0.6509750485420227
volume_sn_voxels::v1649,-0.24782240390777588
volume_sn_voxels::v1650,-0.38427889347076416
volume_sn_voxels::v1651,-0.5940681099891663
volume_sn_voxels::v1652,-0.7162865400314331
volume_sn_voxels::v1653,-0.8395380973815918
volume_sn_voxels::v1654,-0.9028637409210205
volume_sn_voxels::v1655,-0.928405225276947
volume_sn_voxels::v1656,-0.9534257650375366
volume_sn_voxels::v1657,-0.8952199220657349
volume_sn_voxels::v1658,-0.7914555668830872
volume_sn_voxels::v1659,-0.606193482875824
volume_sn_voxels::v1660,-0.5395380258560181
volume_sn_voxels::v1661,-0.42803454399108887
volume_sn_voxels::v1662,-0.2707443833351135
volume_sn_voxels::v1663,-0.4444946050643921
volume_sn_voxels::v1664,-0.554874062538147
volume_sn_voxels::v1665,-0.658097505569458
volume_sn_voxels::v1666,-0.7505024671554565
volume_sn_voxels::v1667,-0.8567306995391846
volume_sn_voxels::v1668,-0.8465563058853149
volume_sn_voxels::v1669,-0.7674186825752258
volume_sn_voxels::v1670,-0.7661811113357544
volume_sn_voxels::v1671,-0.6799677610397339
volume_sn_voxels::v1672,-0.651679277420044
volume_sn_voxels::v1673,-0.5275132656097412
volume_sn_voxels::v1674,-0.395489364862442
volume_sn_voxels::v1675,-0.4118320941925049
volume_sn_voxels::v1676,-0.6108866333961487
volume_sn_voxels::v1677,-0.6953052878379822
volume_sn_voxels::v1678,-0.6978005766868591
volume_sn_voxels::v1679,-0.7194559574127197
volume_sn_voxels::v1680,-0.7324836254119873
volume_sn_voxels::v1681,-0.6671515703201294
volume_sn_voxels::v1682,-0.7166703343391418
volume_sn_voxels::v1683,-0.6424442529678345
volume_sn_voxels::v1684,-0.5444545149803162
volume_sn_voxels::v1685,-0.48463088274002075
volume_sn_voxels::v1686,-0.7377830743789673
volume_sn_voxels::v1687,-0.7830305099487305
volume_sn_voxels::v1688,-0.7292822003364563
volume_sn_voxels::v1689,-0.7313071489334106
volume_sn_voxels::v1690,-0.6087760925292969
volume_sn_voxels::v1691,-0.6244689226150513
volume_sn_voxels::v1692,-0.6659672856330872
volume_sn_voxels::v1693,-0.5025330781936646
volume_sn_voxels::v1694,-1.016026496887207
volume_sn_voxels::v1695,-0.9314337968826294
volume_sn_voxels::v1696,-1.072830319404602
volume_sn_voxels::v1697,-1.099161148071289
volume_sn_voxels::v1698,-0.996999204158783
volume_sn_voxels::v1699,-1.0798726081848145
volume_sn_voxels::v1700,-1.1589211225509644
volume_sn_voxels::v1701,-1.0974791049957275
volume_sn_voxels::v1702,-1.026947259902954
volume_sn_voxels::v1703,-1.1033387184143066
volume_sn_voxels::v1704,-1.0189321041107178
volume_sn_voxels::v1705,-1.0974243879318237
volume_sn_voxels::v1706,-1.0110728740692139
volume_sn_voxels::v1707,-0.9944712519645691
volume_sn_voxels::v1708,-0.9852931499481201
volume_sn_voxels::v1709,-1.0175120830535889
volume_sn_voxels::v1710,-1.0476670265197754
volume_sn_voxels::v1711,-0.9360801577568054
volume_sn_voxels::v1712,-0.8639085292816162
volume_sn_voxels::v1713,-0.8552130460739136
volume_sn_voxels::v1714,-0.8683041334152222
volume_sn_voxels::v1715,-0.982194185256958
volume_sn_voxels::v1716,-0.9384536743164062
volume_sn_voxels::v1717,-0.6646363139152527
volume_sn_voxels::v1718,-0.7608169317245483
volume_sn_voxels::v1719,-0.7884783148765564
volume_sn_voxels::v1720,-0.8443558216094971
volume_sn_voxels::v1721,-0.9351303577423096
volume_sn_voxels::v1722,-0.9558831453323364
volume_sn_voxels::v1723,-0.40950989723205566
volume_sn_voxels::v1724,-0.5269023776054382
volume_sn_voxels::v1725,-0.7935718297958374
volume_sn_voxels::v1726,-0.9113011360168457
volume_sn_voxels::v1727,-0.9782276153564453
volume_sn_voxels::v1728,-1.1826790571212769
volume_sn_voxels::v1729,-0.9997361898422241
volume_sn_voxels::v1730,-0.22340825200080872
volume_sn_voxels::v1731,-0.36850371956825256
volume_sn_voxels::v1732,-0.5740611553192139
volume_sn_voxels::v1733,-0.7823597192764282
volume_sn_voxels::v1734,-0.986289918422699
volume_sn_voxels::v1735,-1.187804102897644
volume_sn_voxels::v1736,-1.149346113204956
volume_sn_voxels::v1737,-1.069136142730713
volume_sn_voxels::v1738,-0.12690791487693787
volume_sn_voxels::v1739,-0.29095178842544556
volume_sn_voxels::v1740,-0.5073169469833374
volume_sn_voxels::v1741,-0.7344205379486084
volume_sn_voxels::v1742,-0.9317374229431152
volume_sn_voxels::v1743,-1.1331440210342407
volume_sn_voxels::v1744,-1.1364240646362305
volume_sn_voxels::v1745,-1.1645267009735107
volume_sn_voxels::v1746,-0.08667440712451935
volume_sn_voxels::v1747,-0.21839046478271484
volume_sn_voxels::v1748,-0.4246338903903961
volume_sn_voxels::v1749,-0.6552394032478333
volume_sn_voxels::v1750,-0.8682612776756287
volume_sn_voxels::v1751,-0.8343305587768555
volume_sn_voxels::v1752,-0.9608733654022217
volume_sn_voxels::v1753,-1.0522269010543823
volume_sn_voxels::v1754,-0.21616265177726746
volume_sn_voxels::v1755,-0.2622534930706024
volume_sn_voxels::v1756,-0.46420612931251526
volume_sn_voxels::v1757,-0.5995535254478455
volume_sn_voxels::v1758,-0.6551247835159302
volume_sn_voxels::v1759,-0.7708184719085693
volume_sn_voxels::v1760,-0.8989413380622864
volume_sn_voxels::v1761,-0.8434120416641235
volume_sn_voxels::v1762,-0.83824223279953
volume_sn_voxels::v1763,-0.4329981505870819
volume_sn_voxels::v1764,-0.3708820343017578
volume_sn_voxels::v1765,-0.4871976375579834
volume_sn_voxels::v1766,-0.6224325895309448
volume_sn_voxels::v1767,-0.6860417127609253
volume_sn_voxels::v1768,-0.7678619623184204
volume_sn_voxels::v1769,-0.9078898429870605
volume_sn_voxels::v1770,-0.8126311898231506
volume_sn_voxels::v1771,-0.7377994656562805
volume_sn_voxels::v1772,-0.7267838716506958
volume_sn_voxels::v1773,-0.5319780111312866
volume_sn_voxels::v1774,-0.5321629047393799
volume_sn_voxels::v1775,-0.6121839284896851
volume_sn_voxels::v1776,-0.7036681771278381
volume_sn_voxels::v1777,-0.7492040395736694
volume_sn_voxels::v1778,-0.871981143951416
volume_sn_voxels::v1779,-0.832910418510437
volume_sn_voxels::v1780,-0.7709272503852844
volume_sn_voxels::v1781,-0.6341327428817749
volume_sn_voxels::v1782,-0.5902841687202454
volume_sn_voxels::v1783,-0.6237368583679199
volume_sn_voxels::v1784,-0.5978313684463501
volume_sn_voxels::v1785,-0.7620176076889038
volume_sn_voxels::v1786,-0.9210947751998901
volume_sn_voxels::v1787,-0.8559679985046387
volume_sn_voxels::v1788,-0.7726374864578247
volume_sn_voxels::v1789,-0.7072373628616333
volume_sn_voxels::v1790,-0.5538417100906372
volume_sn_voxels::v1791,-0.5788776278495789
volume_sn_voxels::v1792,-0.731914758682251
volume_sn_voxels::v1793,-0.8481258153915405
rigidity_left,0.14851081371307373
rigidity_right,0.011152859777212143
tremor_rest_left,-0.12498097121715546
tremor_rest_right,0.1695755273103714
tremor_postural_left,-0.035572610795497894
tremor_postural_right,-0.3423568904399872
bradykinesia_speed_left,0.029050687327980995
bradykinesia_speed_right,-0.19399377703666687
bradykinesia_amplitude_left,0.09109348803758621
bradykinesia_amplitude_right,-0.0027498211711645126
bradykinesia_rhythm_left,0.19915927946567535
bradykinesia_rhythm_right,0.13077937066555023
mirrormovement_left,0.3907500207424164
mirrormovement_right,-0.01587994396686554
