0,1,2,3
0.6412202,0.71123326,0.78716993,-0.008863072
0.70077497,2.292278,-1.8313066,-0.26226422
-0.2562542,-0.77506554,0.51787835,-0.6451114
-0.7150555,0.20009662,-0.84325,0.22897792
0.5475819,-0.6261041,1.0114838,0.22115426
-0.3825831,-0.87339926,-0.65700406,0.36701116
1.8131047,-0.90662986,-0.2714108,0.4353747
-1.7474313,-0.67682475,-0.31815344,0.12390961
-0.48789197,-1.390811,-0.22861283,-1.8357632
-0.516258,-4.0429907,0.92865056,1.5032947
0.88228357,-0.63287693,1.0770047,-1.8482093
1.2698287,0.3663632,0.98937726,-0.8907135
-0.6748276,-2.0707133,-0.58713716,2.1489198
-1.1644843,0.35012186,0.031473644,0.47101676
-0.34278545,0.30928206,-0.30430704,-1.1894643
-0.1691734,-0.9632316,-0.34377113,-0.90609163
1.19984,0.87299603,-1.0889171,-0.028939074
-1.4759054,1.1270221,0.10296983,-0.13131478
2.919533,0.3130111,-1.3497008,-1.8246782
-1.5446635,1.6722993,0.03950171,-0.8457578
1.359354,0.37880594,0.8717027,1.3133314
0.6310792,-2.0829444,-0.16668679,0.036562204
-3.575099,0.046281967,1.5384579,-0.5976035
0.32450634,-0.11462125,-1.0803951,-2.1157646
-0.2609404,-0.0022818225,-0.21198983,0.38073605
0.22799164,-0.25261235,0.69350266,-0.2758972
-1.7129688,0.053500153,-0.017566137,-0.01990943
-1.7313197,-1.2621701,0.6916107,-0.6165785
-0.8505328,0.58574456,0.40336987,0.76912796
0.49724025,-1.4375671,-0.08471332,1.4782029
0.106352694,-0.053725943,0.15876,1.9046627
1.4128919,-1.409441,0.3054101,-0.5568565
-0.09512663,-1.5706581,1.3971252,0.47720614
0.27082753,1.0548884,-0.78321546,1.3884901
0.37814632,2.8108053,0.29477128,-0.9998114
2.7370312,-1.3243241,2.0138664,-0.6874869
-0.93305105,1.4911525,-2.1084275,-0.86333215
0.08252607,0.40361273,0.4031975,-0.8080301
1.8173857,-0.1964548,0.89964205,0.33037668
-1.4137309,0.2550501,0.25475764,-0.10254321
-1.8524586,0.9406295,1.2520347,-0.24316244
-0.91752523,-0.8782992,1.8546225,0.8093386
0.6453125,-0.21703237,-0.33933595,-0.37575683
-0.4180262,-2.3609025,0.9824639,1.1341102
1.2064607,1.0304931,-0.9621353,-0.31358466
-0.9276403,1.5478861,0.9824228,1.1475602
-1.180868,-0.77922726,0.12444258,0.40994868
-1.5807366,0.93570805,-0.77535313,0.9556136
0.98778343,-0.12958558,-0.76292866,0.59806204
0.22428338,-1.1532071,-1.8712327,0.44463104
0.04905022,-0.3058716,-0.75676095,0.36625183
-0.64024556,-1.6067344,0.22363795,1.381396
0.17557372,-1.5621467,-0.8394713,-0.37081316
-0.48662502,-0.31836072,2.0952125,-0.538417
-0.10930824,-0.39803702,-0.108068764,1.177467
0.4776416,-0.34734145,-0.6146106,-0.22193249
0.4555182,-0.16475454,1.779809,-0.12072834
0.10699763,0.6336033,0.43971193,-1.1379814
-0.56728494,1.6150541,0.8128537,0.68966186
0.86453867,-0.5175604,-0.65167713,-0.47042513
1.3800153,-0.86705285,1.3753402,0.3294777
1.1037341,1.1480877,0.14366145,0.94487447
-1.5815835,-1.1707574,0.6147651,-3.1293979
-0.09348771,-0.5985176,0.4850391,0.32556897
0.26026514,-0.33930466,0.050164048,-0.10152334
-0.4517741,-1.0958691,2.0431597,0.09611102
0.003154515,-1.0805414,0.92025656,-1.3041136
-0.12913017,1.5619999,-0.113716036,0.86744344
-0.7636976,-0.419969,-1.8731397,0.22577335
0.25775638,1.1875863,0.32339776,-0.5753554
-0.19024664,1.4869516,-1.0123482,0.46017784
-0.27440766,0.16876602,-1.6855524,-0.48660702
0.5204,-0.86911976,0.88688093,-1.1935136
-0.40129915,1.3559375,-0.84747803,-0.32531112
0.5932997,-0.11077366,-1.0812812,-0.063569054
1.4633899,0.20794651,-1.7574931,0.1737173
-0.46594322,-1.2600858,0.9921617,-1.25679
0.9570384,-0.45376772,-2.1578906,-1.1417755
1.2244778,1.2646348,1.1405795,-0.5233042
-0.16295032,-0.70424104,-1.8674268,0.92317486
-0.881511,1.7000849,0.25176343,0.28293848
0.6173008,-1.1113634,1.3150388,-0.26183608
0.7636718,2.2333868,-0.4331637,-0.21995957
0.14649864,0.32619473,1.6692408,0.24021652
1.1618359,-1.7655445,-1.0396732,-0.35049766
-0.8945298,-0.7482432,0.02772498,1.4574031
0.93797344,0.044590697,-0.4688086,-0.20625673
0.77439445,1.1166004,0.66489065,0.016544243
-0.5873483,-0.9144759,0.3777599,0.05782255
-1.0214964,-0.74579173,1.1232623,0.29844192
1.0390924,-0.60620207,0.31975883,1.2309656
-0.577697,1.6922244,-1.7058556,-0.57854694
-0.23596147,0.2999471,0.42324245,0.30284968
-1.1377692,1.5168529,1.0362879,0.23621611
-2.7390065,-0.20918594,0.74830395,-1.3962862
-0.28540233,-0.34619275,0.4563973,-0.16987273
-0.6019547,-0.51178163,-1.0522411,-0.084820494
-0.291892,-0.40723166,0.37800685,0.063691214
-2.148213,0.5389825,-1.2040265,1.4010146
0.4874585,0.8542316,-0.7506013,0.7786073
-0.9457245,0.6938202,1.1802316,0.2867787
0.06302517,-1.618475,-0.16086061,0.24771455
0.4244443,-0.5380709,-0.08446449,0.12910435
0.5639731,0.94412965,-1.22181,0.66232604
1.9028121,0.3660122,0.41332912,0.78277725
0.016438015,0.66171247,-0.07167733,0.30445567
-1.5633944,0.17052808,1.118527,0.55740416
-0.21944225,-0.77105016,0.39190048,1.4026773
-0.3557556,-2.1916556,0.5410097,-0.8616763
0.12193782,1.0742861,1.0465523,-0.45368516
0.52551264,0.52760375,-0.006023896,-0.16912585
-0.53809625,0.9005831,-0.25327897,0.17269015
-0.62526554,-1.4274343,-0.3860211,0.11659206
0.9684588,2.056334,-1.3960683,-1.5398538
1.1279472,-0.5095431,-0.7880806,-0.93156356
-0.183371,0.97861576,0.88539815,-1.5681071
0.6491837,0.53967917,-0.69733304,-0.35757053
-1.3433408,-2.183893,-0.3952454,1.8579239
-0.8050555,-0.72276217,-0.60731566,0.14029236
-0.68233186,0.7479749,-0.47026765,-0.604745
-2.9491537,-0.6349419,-0.21036051,1.4705269
-0.39490482,-0.8083667,-0.5799454,0.38716418
-0.27491403,-2.1767714,0.64723545,-0.8525459
0.8783782,-1.0617143,1.8941684,-3.2700913
1.4787722,0.13974701,-0.019801121,0.90302724
-0.91978663,1.4374816,0.58665216,0.66607416
0.97592014,-0.3812762,1.835437,0.9503939
1.5745139,-1.4398507,-0.8780015,-1.2348843
1.6640484,0.58957225,0.52200896,-1.427049
-0.52043235,0.7398681,1.6198777,-0.026113346
0.21408667,-1.3992898,1.8887911,0.3646789
-0.5596171,0.31647435,-0.04034748,-2.0269787
0.23903482,0.31217077,0.9423996,1.1673074
0.030748196,1.3826349,0.8097435,0.12582211
-1.0865483,-0.5886879,0.71998405,0.148601
-0.6651257,-0.8408681,0.7875324,-0.00946528
-0.3849662,0.39714992,-0.3573556,0.796428
0.4471609,0.29630458,-0.62987506,0.8853899
-0.48600942,0.27041546,-1.8612303,-0.2643587
-0.71638334,-0.7810938,0.5921091,-1.4761367
1.6603436,-0.79563135,-1.0453788,0.40248206
0.09046364,-0.6608308,-0.38581863,0.33876938
0.3802474,-2.4608982,-1.2458358,-1.5326753
-0.73804104,0.0022304913,0.3132702,0.7036787
1.0247347,1.1786801,1.1922138,1.296472
-0.70613176,-1.4185706,-0.5615941,1.8699409
-1.5975455,0.60105187,-0.52683455,-0.023680123
-0.546359,1.050696,-0.46912476,-0.38123026
1.3238318,0.11493162,-0.54433477,-0.47092113
-1.5741482,2.008949,1.3574502,-1.0406255
-0.8441845,-1.2132632,-0.08561978,0.60546637
0.37300125,-2.4948492,-1.3717655,1.7127877
0.08681878,-0.60988474,1.4003627,-1.4461839
0.54888976,-0.75855356,2.5793774,-0.35773066
0.074787356,0.03762362,0.29473075,-0.38490847
1.5194287,-1.4820753,0.10066877,-0.84704727
1.6963972,-1.227218,-0.49266827,-0.32319516
-1.2928886,1.1545597,-0.74349636,-0.64832765
-0.049384743,0.7306114,0.6584681,0.11633694
1.6063735,0.91161317,-1.0904031,-1.4382186
0.32665244,-1.4057311,-1.4407487,1.213755
0.6523293,0.5894217,1.0223025,1.4549379
0.38085416,0.18616094,-1.5453615,0.7768742
0.6412872,-0.6316827,-0.18715669,1.2570807
-0.5347855,-0.7836708,-0.15085484,1.1111829
0.37991294,0.6116873,-1.1300259,0.6079746
0.17449875,-1.0343418,0.10970959,-0.22410665
-0.42858776,0.084919326,-1.3021418,-0.038654238
1.11813,-0.06077384,1.1045773,0.1422347
-1.6913478,-1.318591,1.1987671,-1.3333246
-1.0952482,-1.8263131,0.8745196,-0.48217526
0.42181575,-1.1784194,-0.7642442,0.31658626
-0.5342406,0.061929837,-0.3853377,-1.0534031
0.03231321,0.4222303,1.2906778,-0.5463024
0.6122176,-1.2260964,-0.84031427,0.30209312
-0.036494333,-0.13881679,-0.34493232,0.33694005
-0.064738564,-1.6528271,0.3885273,0.32622996
1.1263359,0.934985,1.3946624,0.44493258
-2.3027296,-1.2842197,-1.2465428,0.6181822
1.4287238,0.2097706,2.0259645,-0.65594596
1.212865,1.4542463,0.2870181,0.278184
0.50105846,0.8241574,-1.1225002,-0.6576213
-0.03905875,0.06831256,1.3742862,-1.2176449
0.41803232,0.041748714,-1.4236819,-0.40236953
-0.028611159,1.2242906,-2.0816252,0.7769266
0.31105104,0.37341797,-1.6339889,0.88511986
-0.8480015,1.517841,-0.20813447,1.5660526
1.8425621,0.19668359,-0.3866562,-0.15990368
-1.7480457,0.4281696,-0.26254493,1.6755408
-1.2909404,1.7324517,-0.5410906,-0.8999041
-0.570703,-0.24509782,-1.0466392,0.07928781
-1.6127826,-0.17098191,-1.6331171,-2.802113
1.0954866,0.86062825,-0.57560223,0.94542634
0.13665296,-2.5067713,1.2080951,1.2456676
-0.22547479,-0.09301799,1.0450261,-0.26128155
0.37594348,-0.353567,-0.88775414,-1.3549058
-1.5061408,1.3424587,-0.51791245,-0.06363275
0.6887391,0.29651853,-1.6906588,0.030865174
0.47600836,-0.1721069,0.10481856,-2.3686297
-1.262318,-0.71779406,0.495948,-1.073411
1.6140306,0.77830446,-0.525042,-0.22481544
-0.28489497,0.14366408,-1.1372168,-0.41398612
1.3767778,0.2429787,-0.16315697,-1.0348377
1.6603503,0.15654653,-1.314328,1.6200749
-1.720131,-0.8542696,0.3353216,1.2259314
0.87145156,-0.5570817,0.6283802,0.26507705
1.0107075,0.98461306,-1.7872486,1.8913229
-0.8595634,-0.6963105,1.173914,0.23538592
0.08511092,0.9822754,0.6080936,0.47233903
-0.022617674,-0.12811175,-0.16536486,-1.2431293
0.7800156,-1.5881587,0.2632957,1.3902359
-1.0780241,-1.5822557,2.04493,-0.40705293
-1.0369526,0.018139219,0.9627279,-0.91014266
-1.2443914,-0.99718976,0.5181877,-0.09718152
-2.2439816,-1.0104582,-1.559074,0.96254265
-0.80910444,-0.3917451,1.4401382,0.010024623
1.4196202,-0.4908539,1.1862121,0.71332026
-0.3400242,0.8030683,0.47585088,0.500525
-1.0625163,-1.8210751,1.7560185,-1.5754851
1.3347222,0.4774172,-0.33881858,0.75241554
-0.30282348,0.26323187,-0.41998082,-1.431646
-0.15058197,1.204435,-0.9310887,0.2126983
-1.2106311,0.7706892,-2.3930323,-2.3862875
-0.2514973,1.475558,-0.07000812,0.6085235
-0.3858012,0.5777986,0.011895579,-0.27309754
-0.18183888,0.124552995,-0.96219116,-1.3218447
-1.0832046,1.1510744,-0.30075648,0.4002279
0.21020326,-0.82281595,-0.469947,-0.056560963
-1.104026,1.4968004,1.008521,0.1459392
-1.6950172,-0.17885982,-1.9751571,1.962693
-0.773409,-0.829202,-1.801687,0.5993788
0.3439557,0.626588,0.1639502,-0.87638646
0.26849025,-0.19288912,1.3768122,-0.8371155
1.7578032,-0.062983416,0.37411326,-1.2677745
0.1167718,0.3678811,-1.7893579,-2.206696
-1.3409779,-1.2991447,0.9185323,1.3006543
-0.19334227,1.3417113,0.17775522,-1.5901939
0.91234887,-0.9165794,0.9467017,-0.34131348
0.12943411,0.8064785,-1.6858429,0.061677806
-0.3716568,-0.6603988,0.6389022,0.7043174
-0.15877452,0.20495541,-0.014552932,0.76285374
-0.85249764,0.8433999,-1.143538,-0.4143743
-2.5000954,-0.91953737,0.5632924,0.9507475
0.37228492,1.3830531,-2.4011354,-1.3001868
-0.018520933,-0.22062632,-1.0736516,-0.7272862
-0.74571687,0.22130091,-0.40105674,0.31786984
-0.6141861,-0.061266743,0.6517976,0.20380387
-0.20389873,0.86790466,0.5069127,0.719795
0.030235829,-0.8779632,0.9349618,0.22654638
-0.47778973,-0.7858786,-1.2131917,2.066292
1.0121961,-0.5171156,-0.13693002,0.81661326
-0.88550264,0.94564456,-0.24054973,0.331306
-1.3662187,-1.0860362,1.5966824,-1.424324
-0.12990342,-0.7919562,0.1062933,-0.42131013
-1.2577612,0.701561,-0.6563111,0.29161993
-0.01598815,-0.031765934,-0.6485359,-1.3411219
-0.48575643,0.26143056,-1.7158378,-0.8726147
0.07777295,-0.16774346,2.0321872,1.078534
0.83712,-1.2086108,-0.4386919,0.48477724
0.095197886,-0.15618479,-1.3330351,-0.48811167
1.1360084,-0.67519873,0.44756696,0.14580587
0.17790027,0.7391414,0.3045986,-0.492689
-0.34416357,1.4799213,1.1849986,-0.9729035
0.7167411,-0.3987181,-2.2232854,0.5715529
-0.63611037,-0.4693361,0.54160714,-0.12218216
-0.497756,-1.3289758,-0.51134914,-0.34900156
0.2617476,0.54330385,-0.17590165,0.08504815
0.57430005,-0.88520217,-0.80051357,-1.1199154
0.89513683,1.9897966,0.45082155,1.683132
1.0704417,-0.044442955,-0.12696089,0.80071026
1.014642,-0.67597646,-0.35762915,1.7688578
0.7814551,0.5370868,0.5872163,-0.47377127
-0.6345146,0.58510935,0.32159904,0.2476939
0.09672254,-0.36051098,-0.750247,-1.6465546
0.1051803,-0.5820281,0.4461926,1.2097386
-0.9240549,1.2503793,-0.20180519,-0.28065267
0.3172516,-0.94328076,0.3152535,0.06050593
-0.36462805,1.9423698,-0.436556,-0.92507213
-0.44993186,0.35301843,-0.39233518,-1.0241474
-1.3003349,-1.4517802,0.48165655,-0.48884013
0.24580707,0.87908155,1.2517074,1.2368809
0.966484,-0.5002411,-2.26186,0.667001
0.20061643,-0.37619916,-0.36843812,0.65895754
1.3095032,-0.9456503,1.1369863,-1.0070912
-0.22310784,1.0308348,-0.30670372,-0.25778365
-1.2263231,-1.2211472,-0.52912927,0.71174514
-0.020294284,0.19005707,0.9325871,-0.40339798
1.188161,0.86562026,0.46253744,-1.0285825
-0.25103176,0.2579262,1.6505915,-1.1340101
1.3301084,0.023143781,1.2844644,-1.1490725
0.38777843,0.7644267,-0.7511308,-0.055049658
-1.139545,-1.2036577,1.2479073,0.90798324
0.61112267,-1.75847,0.14508948,0.71343696
-0.44415244,-1.6965657,-1.069933,-0.92440015
-0.95000184,0.60320723,2.0773509,1.4349138
2.0764005,-0.5402095,0.41175285,1.8617544
0.84905976,0.8102385,0.8963705,0.45186526
-0.73142034,0.12499293,-1.3327392,-0.6007302
0.32544756,-2.2630918,1.4555123,-0.8769715
0.62022686,-0.83531725,-1.5715365,-0.20937292
0.14571767,0.0859031,-0.8720488,0.82326263
1.5049373,-1.0410135,0.18767816,0.1286099
-1.3352259,0.6203878,1.3876518,-0.92390263
-1.5001581,0.6456657,-0.16189595,-0.32411394
-0.9042431,1.4233739,0.9869491,-0.29344055
1.1550715,2.5542216,2.0453875,0.05831274
-1.1248592,0.77325577,1.7891223,0.0271906
1.1167854,-0.39093646,0.4505751,0.82971966
-0.34758008,1.1629341,0.31901348,0.8590904
-0.48579094,-1.3207923,-0.5577595,-0.3859317
-0.8949366,0.45919383,-0.17579553,-0.5603168
-0.4790263,-1.0524621,-0.73045737,-1.7335366
-0.75651544,-0.46165365,0.34767732,1.0470685
-0.17159723,-0.12665927,2.3500102,0.80471
0.2643999,-0.22667578,1.7934037,-1.3843127
0.39461815,-0.4167468,1.3309219,0.9403005
-0.96036947,0.62211686,1.2337482,-0.55435437
-1.3457648,1.2337502,0.82451737,0.8315925
0.90208894,-2.5829008,-1.0834684,-0.6493027
0.39416564,0.6442718,0.12267542,1.029045
-1.0309465,-1.5130934,-0.73842174,-0.8002182
2.687176,-0.8930926,-1.7929358,-2.8351514
2.2258415,-2.0745606,1.024906,-0.8245652
-1.1518034,-1.2907234,-1.689891,-0.6484411
0.9570475,2.0842607,0.58286214,-0.33828452
0.5642293,0.7938863,-0.7959759,-0.72803193
-0.57455593,0.3497417,-0.6376108,-0.73014635
-0.31282368,0.202601,-1.7364413,-1.359742
0.42340222,1.5407408,1.2300137,1.1193159
-0.08193245,-1.5310397,0.87466586,-1.0961932
-1.7917253,-0.79590565,0.6658433,0.31827438
1.8808621,-0.9639133,-1.9095196,-0.04827404
0.40649548,-2.2501864,-1.4473944,-0.52037334
0.0889562,1.0613493,0.31381795,-0.052049402
-0.14595178,-1.1097702,0.7041702,1.856518
-0.349367,-0.16234472,0.26700714,-0.7630212
-0.6109962,-1.5212526,0.24537252,1.3139473
-0.2638358,0.41670555,-0.49074653,1.1199845
0.87565684,-1.2253915,0.013512755,-1.4610779
-1.4909865,0.10133343,0.4356802,-0.110300116
-1.5378625,-0.5768621,0.69060886,-0.009251723
0.8696896,1.407756,1.5587682,-0.87704206
-0.21995743,1.5072769,-0.85634017,-0.29091528
1.1322703,-0.44014803,1.2759093,-0.7285724
-0.693431,0.25806263,-2.409415,1.5902611
1.3905157,-0.6232725,1.2057166,0.7519191
-0.49703237,-1.9322892,-1.198358,-0.8297296
-1.1405325,1.1131513,-0.13532966,-0.85313505
-0.108997084,0.3479242,0.8820773,-2.7822726
-0.14942317,-0.39546964,0.89116144,-0.11035312
0.2123214,0.13405892,-2.144648,-1.5158192
-0.012482507,-0.4584028,0.7508379,0.41253674
-1.0838943,-0.35326925,0.781978,2.0410933
-0.7262383,-1.0434126,0.05944867,0.00017137192
-0.27003804,-0.18456429,-0.71384823,0.24425046
0.33839026,1.0704973,0.413576,0.6443296
-0.20829858,-0.95306885,-2.1920094,-0.54588115
0.45077607,0.2419747,-0.25416982,-0.9476982
-0.5563053,-0.2750278,-1.5040361,0.06892715
-0.90546083,-0.6205499,-0.25978413,-0.017709687
-0.85746074,1.4695389,0.77724713,-2.454037
1.0025324,0.18956216,0.48773298,-1.5480711
0.24147736,1.1751848,0.2854753,-0.57157576
0.17348549,0.80558044,-0.2423258,-1.5710607
0.010022973,0.63962686,-0.5214042,-1.8116106
-0.39074153,-0.77629673,-0.44350535,1.5289828
-0.023112252,-0.7561301,1.8690732,-0.27800712
-0.7220975,0.7988156,-0.72110736,0.07400953
-0.9659302,-0.43788773,0.9710072,0.917456
0.5685443,-0.7869146,0.47659466,0.6873245
0.9790959,-0.5453477,0.68304986,0.93665266
0.40469113,0.52926105,0.48652172,0.73563325
0.27851954,0.3280424,0.27399495,-0.8655133
-1.6446818,-0.10572354,0.003196755,1.3399695
0.51027215,0.3956804,0.35478884,-1.1060863
1.182867,1.0479236,-0.06589639,-0.33016297
0.29572016,1.7263155,-0.03674576,0.56865555
1.955117,-0.034209665,-0.66433626,-0.052935176
-1.2106613,0.37364542,-1.2139819,0.21902257
0.77487916,-0.2265125,-1.0862861,0.018437987
0.9120394,1.0840713,-2.342228,0.67925155
-0.39598307,0.44665468,-0.0062026647,-0.19279462
1.0839516,-2.2563221,1.2721965,1.3554814
0.8965319,1.4728018,-0.7626051,2.6938367
0.9614379,1.4219121,0.59327006,-0.9439139
1.0449425,-0.31226096,-0.27917817,1.2617754
-0.34787914,-0.8404124,-0.5921141,-1.673551
0.63701856,0.8864963,-1.0546013,0.0030473862
1.3224769,-0.3675699,0.54861856,0.028119765
-0.47653514,-0.936938,0.7995037,0.039284002
1.8593156,-0.8375982,0.526944,2.1867728
1.457216,2.2947206,0.0844552,0.6803299
-1.7459725,0.6642775,-0.8254061,-0.28972673
-1.5737878,0.52506155,-0.88135743,-0.3488508
0.13828416,0.9942835,-0.06703106,-1.5996766
-0.45351666,-0.17882034,-0.49752668,1.7589917
-1.1864027,0.16648768,0.6390037,0.3907999
-0.81412786,0.04192146,-0.21048966,0.4441441
-0.6582886,0.4958686,1.5736336,-0.9939067
0.5455182,-1.0942487,-0.9979802,1.159885
-0.9930944,1.9354659,0.17145042,1.1304975
-1.0195744,1.1589575,1.2605733,0.70878357
-0.3821299,0.44063437,0.9257599,0.09300315
0.09969434,-1.4568765,-0.87042475,1.6162268
-1.38761,-0.71603847,-1.4588815,2.350372
-0.50209624,-0.17652313,-0.78879255,-0.09352052
2.9519808,-0.38386485,0.9094965,0.37771568
-0.19599107,1.454075,0.09203199,0.13783742
-0.20600474,0.24363719,-0.55693495,-0.9936431
-0.83293384,-1.3538723,-0.16610685,1.0808423
0.1870755,-0.16377757,1.3948053,0.2479331
-0.59702075,0.092118785,-0.054423396,-0.36377355
0.272172,-1.6605716,-1.4346657,-0.35093716
-1.3069061,-1.1759202,-1.2590052,0.7638896
-0.241247,-0.093564734,0.12030461,-1.4776506
-0.2900809,0.37076557,0.3379851,1.2288446
-0.994738,-0.06979933,1.2730988,0.08282847
-0.6315494,1.294086,0.8956346,-0.20584431
-0.5110887,-0.917123,-0.056921527,0.28197262
0.596648,0.39973983,-0.1264945,3.0421598
1.4848224,-0.19455037,-0.68316615,0.017806808
-0.3162663,-1.8756365,-1.2222233,1.6478409
-0.34928283,-0.6009721,-1.7773792,1.5925695
-2.8021803,-1.2497101,-0.60867316,-0.8749117
1.485145,-0.6726823,0.25818408,-1.812405
-0.664532,0.6431287,1.198528,-1.122628
1.5105202,1.1158338,-0.18665183,-0.42767385
-0.46958923,1.9543445,-0.3560926,0.9174535
-0.65622646,0.87049866,2.2686503,1.4884497
1.9691077,-0.31110868,-0.8354658,-0.39750576
0.71749926,-1.7340925,0.70875174,-0.9820709
0.69652086,0.2181396,1.5910271,0.037817635
-2.5295668,0.61425537,0.6913119,0.90793437
-0.2518462,0.07453155,-0.5276979,2.3037655
1.4976078,-1.5832638,0.39811182,0.9858235
-2.2161293,0.57259464,-1.9862535,-0.018646479
-2.0636637,-0.057170488,-0.8199391,1.1996195
-2.4358623,0.4796282,0.9220286,0.2350738
-1.8891158,-1.3559184,-1.5063362,1.6660444
-1.7679834,1.0827588,1.0180546,-0.43682912
-1.5048404,2.2903898,0.30999103,-1.0430579
0.99286115,-1.1312954,-0.21292192,-1.0740147
-0.35826406,0.7722919,1.0807619,0.37393048
-0.8268212,-1.0556245,-1.9574968,0.22409317
0.10502781,0.60857815,-0.06738531,1.343272
-0.9339964,0.13710803,-2.433581,1.8212924
-0.35913983,1.2780282,0.83447075,0.0116007915
-1.9398409,-0.056507252,0.19753762,0.13205552
-0.2661169,-1.2072928,0.18590626,0.8408447
0.28537488,0.5072862,-1.1722745,2.2603035
0.037473094,-1.212295,0.47649547,2.43821
-0.33616045,0.55515295,-0.3017621,-0.038331967
-1.2506809,-1.1360451,-0.68523616,0.36584076
-0.8489846,-0.488317,-0.08097026,-1.5051109
0.88442385,-1.5342872,2.3905234,0.41182455
0.64742583,-2.165857,-2.0615847,1.5679342
-0.5342269,-0.0047445768,0.22751509,-1.6222934
1.203605,0.40454683,0.2903414,-0.4065945
-0.25638038,-1.4560382,0.40018377,-0.877883
0.18499872,0.111223735,-0.46333894,1.1303995
0.72936314,1.9859949,0.049198285,-1.1334518
0.73851943,1.2166666,1.0518397,-0.42020848
0.74898756,-1.5097905,-1.1508706,-0.45163536
-1.1987748,-0.34435838,0.37647107,-0.6265441
-2.1356301,1.0773741,-0.6066441,-0.993576
0.8005627,-0.55569553,0.34611884,0.0965884
-0.37444398,-1.1739854,0.16740319,0.06096676
0.8011721,-0.10506175,0.6238957,0.24264863
-0.08767461,-0.8075568,-1.1193609,-0.34940562
-2.219811,0.46292594,-0.7590656,0.042386904
0.33391216,-1.2966815,-0.10056426,-0.29406855
1.0720876,0.4625283,-0.2791992,0.6980611
-0.13366888,0.73630995,-0.014097087,-1.03572
-0.7089357,2.3662367,-1.3017476,0.53019196
-0.5000266,0.05608606,-0.46280915,-1.2738826
-0.51203376,0.40766746,-1.7340701,-1.4096133
1.5765554,-0.9035781,-0.98851645,1.136971
0.72146416,0.20827484,-0.8282634,-0.5288054
0.71126693,-0.7412511,0.7588139,-1.2594354
-0.89592063,-0.11849962,0.78912175,-1.9826512
1.0346271,-1.4690055,-0.26379493,-1.4648113
-0.4857343,1.697321,-0.1314603,-0.25504747
-0.4439848,2.172249,-2.012592,-0.2782911
-0.24070063,0.37586626,0.95840293,-1.2876732
0.9576469,-0.7820093,1.2733666,-1.1440418
1.1385742,0.43491867,1.8675599,-2.8283498
0.3340826,-0.15512978,1.0950345,-0.35935736
-0.8230552,1.1998801,0.5476192,1.1608844
-0.2384223,-0.7991903,-0.6378719,-0.40636718
0.94595206,-0.15975012,-0.6358517,1.369728
-1.0912474,0.29380357,0.12552689,-0.68439186
0.811775,1.5793477,-0.84244424,1.3505567
-0.81121093,0.5697727,1.7342705,1.4840738
0.2517598,-0.5527938,-0.034770302,1.3620484
-0.001356874,-0.48427197,-1.5891246,-2.3835604
-0.19483747,0.47814283,0.2764417,0.6678963
-1.1617147,1.6642976,-0.26888713,1.632517
0.22534417,-0.10614763,0.08985,-0.025745338
-0.09768561,-0.18046233,-1.9862995,1.6213379
-0.9078601,-1.3870742,-2.085262,-0.77955127
0.3430661,-1.1309792,0.12513089,-0.36537108
0.3197547,-0.22969341,1.4630345,0.9464081
0.39549685,0.5005713,-0.26070976,-0.14474483
-0.886736,0.37473103,-0.23868734,1.5526068
0.3438358,0.18240386,1.1942942,-0.1357702
1.3763008,0.5516609,3.273121,-0.64403814
0.63891673,0.26093024,-0.045170162,0.58391684
0.46453023,-0.9063483,0.41163802,0.7117353
-0.5576882,-0.010782743,-1.2316345,-0.37292758
0.9735839,-1.7939891,0.48348686,0.088697135
-0.11805756,0.21321946,-1.3525641,-0.38117495
1.6258273,-0.2728753,1.1176325,-1.1431657
0.1913782,-1.0284162,-0.32600012,-0.8310674
0.06286737,0.7501992,0.42951113,-0.46141684
-0.86828005,0.73697305,-0.4707312,1.3111273
0.5334236,-1.4474262,1.2835974,0.52700156
1.0629097,0.004856989,-1.0661986,-0.63035023
1.7425225,1.2527244,0.15431324,-1.3606371
0.18536471,1.3069882,1.9258413,-0.43697494
-0.39312282,1.475595,0.35521558,-0.14208095
-0.12944609,0.15247747,-0.97048384,-2.2809103
0.15473665,-0.9843486,0.5357277,-0.5008725
-0.4903178,0.58172584,-0.08943277,0.87298584
-1.2566345,0.44460693,-0.0141318105,-2.4106722
0.91745627,-0.86901534,-0.8985901,0.99613965
-1.7890812,0.3955155,0.05585044,0.561207
-0.8984662,-0.59646577,1.6772506,-0.059115756
0.18426786,-2.7349172,-1.1017333,-0.030389844
-0.39649826,0.94967,-1.0712886,0.91545445
1.7017238,0.90436727,1.2137496,-0.054241683
0.3624541,0.6065335,0.11908425,-0.5235741
-1.2373457,0.68701893,-0.2843702,1.574177
-1.2509017,0.28770065,-0.33396938,1.3296163
-0.5488987,1.3410242,0.22911575,-2.0840437
0.8180229,0.8338217,0.67872024,0.28736177
0.12156366,-0.71792865,-0.53566426,-0.19036101
-1.7782379,0.042536646,0.6986243,-0.44610372
-0.38722876,-1.4833611,-2.0768778,-1.1273044
0.39868003,0.40237784,1.54765,-1.0110291
0.24715495,-0.72226024,0.3404884,2.3285596
-1.3544064,-0.31578967,0.7610642,-0.02980256
0.6789731,1.1882508,-1.0510942,0.5751937
-1.6622431,-0.49635714,-0.3755647,2.4124837
-1.5122153,0.89606994,-1.2026473,1.205342
0.022788577,-1.3281848,0.41162503,-0.8128173
1.3647813,1.1103377,-1.5996243,-0.7538924
0.62569034,0.5634589,-1.6650101,0.93649465
0.19258271,1.4325721,-0.8264198,1.5252876
1.1756928,0.8656709,-0.4002496,1.6314502
0.45810884,0.6254474,0.9903825,-1.0586529
1.7381165,0.35738033,-1.1599964,0.5386061
-0.91488355,-0.40003532,0.43901098,0.71532947
-0.021565784,0.4988632,0.014523024,0.3738339
-0.5048818,1.3089919,-0.8628695,-0.4988554
-1.466334,-0.19691066,1.2009219,0.6696528
0.40974498,-0.5684124,0.63457966,-1.8158195
0.061072998,1.2069981,0.8989514,-0.31017786
0.9966986,0.2989383,0.5047504,0.26094902
-2.4998858,-1.8527135,0.25177518,2.245089
1.7821589,-2.1433566,1.9378201,-0.3040264
0.97472656,1.8542192,-0.28433523,-0.7736355
-0.42205715,-0.1113804,-0.3009856,-1.6252095
-2.1665626,-1.2194179,-0.7700466,0.95721704
-0.41736722,-0.6326032,-1.2620925,0.5353815
-0.6051136,-1.3453665,1.090659,-0.41044995
-0.73952323,-0.50438887,-0.37430283,1.2594383
-0.016477324,0.15040037,0.809799,-2.6965399
-1.7686642,-2.1223183,0.38937566,-0.71189547
-2.129448,0.516138,1.5060525,0.031579718
0.84348905,-0.6738425,0.8334361,-0.65918934
-0.11755257,-1.1544014,1.4145541,-0.4582866
0.28789726,-1.0556321,-0.48170766,-0.40912417
-0.88047856,1.2865218,-0.42300218,1.3375857
1.5232733,1.0418032,1.5121356,1.2021539
-0.83622366,0.89299136,-0.14790018,-0.24294151
1.0909942,0.8168305,-1.6184833,0.34825912
0.6577688,0.47212505,1.0461453,-1.5855412
-0.18234545,2.134725,0.14659262,-0.69589967
2.036667,-0.62803406,-0.3149796,0.011401966
-1.4294752,-0.52939403,0.7565443,-0.8579823
0.029050345,1.1587107,-0.6750224,1.2145362
-0.25827235,-0.66118467,-0.21803117,-0.021454643
-0.59293824,-2.0873373,1.1426404,1.8086153
1.1856744,-1.2702852,2.537171,0.0060404544
1.4695817,-1.0863028,-0.32863662,-0.6704996
0.013366951,-1.5521544,0.62195486,-1.4142877
0.7569366,0.3142171,-1.2946624,2.049853
-0.6122557,-2.4007075,-0.8615195,0.8235358
1.1359518,-0.819427,-0.5744509,-1.1898913
-0.5698588,0.651785,-0.68527555,-2.1282928
2.0660675,0.3815792,2.2849326,-0.6709432
1.310988,-0.63440764,-0.45564637,0.62052625
-1.1378026,0.046633933,0.57996905,0.4750465
-1.131244,-0.43562177,0.3636306,0.9115674
-0.1079716,0.4023361,-0.8731364,-0.19807969
-0.6919518,0.028653253,-0.42907065,1.4862409
-0.018758459,0.21723801,-0.5584352,-0.9492298
-1.1768551,-0.8515319,-0.10167721,0.90073895
0.16779831,1.201095,0.7982419,-0.31622365
0.11324544,-0.5841834,-1.5596021,-0.5769856
0.32270655,1.103553,0.04574145,0.5974744
-0.1071879,-1.1412436,1.0819198,-0.12256244
0.77654576,-0.62824047,-0.5541478,0.9144661
0.98979497,1.3791839,-1.2179277,-1.0606275
-0.53273183,-1.4221212,0.7572187,-0.7249977
-1.6868126,0.91337407,-0.8900235,-0.78260624
1.2549117,-2.4401395,-0.5325391,-0.029156435
-1.3475708,1.3248051,0.016501218,-0.058255654
-1.697835,0.116066806,-1.0217011,-0.35428885
-0.8871009,0.10001646,-0.2301086,-1.0636833
-0.582161,1.2590367,1.0040718,0.47546163
0.16769797,-0.6942396,-0.6169352,1.326897
-0.4939491,-2.2508874,-0.09821517,0.9969924
0.7244519,1.3358678,-0.2664885,1.022432
1.4440943,0.5124742,-0.044357054,0.42950192
-0.53599787,0.18554573,0.051559597,-1.0197148
1.8084301,1.0985864,-1.2237154,-0.910606
-1.0660561,-0.5929853,0.27909604,-0.730494
0.6734888,0.9774699,-0.674324,0.98948365
-0.48741335,0.13204934,-0.6020771,-1.5955908
1.3367031,0.06494081,-0.011977875,-0.21120977
1.6931967,-1.7889519,0.5901938,-0.1742361
0.7464885,1.0630823,-0.5920504,-0.84204495
-0.51451683,0.9080793,-0.4628495,0.58127373
0.38542405,0.41171932,0.85845584,0.15347193
-0.2883634,0.66534215,-0.8562043,-0.58069974
-0.67237777,0.6738517,0.7140911,-0.17868374
-0.8401326,-1.5110431,-0.7124989,1.1756623
-0.5728822,0.46435198,1.4439476,-0.20519187
0.27912784,-0.32144156,-0.053752072,1.7002251
0.89161664,0.30200562,1.703664,-0.03267136
0.9787553,1.2515336,-0.28730464,1.1182154
-1.4834404,-1.0676285,0.2526062,-1.2411662
0.10221262,-0.12504476,0.80491275,1.222393
-0.68171406,-1.2873015,0.6098941,0.45413688
0.08280876,0.42933285,0.81663793,1.4750597
1.2283447,-0.24908076,-1.207086,1.1094103
-0.20608872,-0.3228002,-0.110666975,-1.2966329
-0.63402116,0.66133213,-0.2404451,-0.5207125
-0.6100584,0.6592666,-0.57426435,0.048436347
0.36224052,0.1423891,-0.45406204,0.6982866
0.22788072,0.42325267,-0.36505133,-2.3790858
-1.7690009,-0.8738192,-0.29934648,-1.452079
0.84884006,0.61842275,-0.14186092,-0.61449105
0.02768041,-2.3087351,-0.49429947,-0.5345781
0.9207057,0.6255146,1.1328021,0.9828148
0.64687085,-1.14461,1.1524988,-0.97292554
0.3042854,-0.4611996,-2.3456385,0.9994204
1.5541822,0.4813118,0.6238682,-1.4496402
0.72384685,-0.5160977,-1.1893411,0.047698148
-1.9816228,0.7569611,-0.2748324,1.5253792
-2.184156,-0.008596483,1.2963015,1.0588453
-1.2659115,0.3114068,-0.66287404,-0.50256276
0.9735281,0.64206654,-0.37367532,0.7883256
-1.2438762,0.5122432,-1.2423658,-0.40119773
-1.0224249,0.5723335,0.56292546,-0.8957905
-1.9368167,-1.9955478,0.6145525,0.92445
1.0298125,-0.96029544,0.42362526,-0.3563678
-0.21669804,0.35757548,-0.7852599,-0.78591156
-0.34888265,-0.14816265,1.4680986,1.0316223
0.4206173,-0.805441,0.60624206,0.8945792
0.04473614,0.9808842,-0.11865185,0.70252776
-1.1181053,0.9226984,0.37466425,0.4678863
-0.15332754,-0.84183985,-1.1487037,-0.17707773
0.92973167,1.007483,0.53261524,-0.010868562
-0.31151837,0.57921433,-2.3417509,-0.9133856
-2.3372037,-0.50255066,-0.59797007,-2.2144456
0.29955804,0.44066122,-0.80276674,-0.006821116
0.8790113,1.7504395,1.3972563,1.8217784
-0.70388,0.048479598,0.57331127,-0.07111408
-0.13401939,-1.3438329,-0.303419,1.0566349
1.1102531,-0.31028277,-0.41471663,0.018967377
-0.08932577,1.5159371,-0.2723499,-2.0413654
-0.60784125,0.7944173,-0.82043964,1.2965277
0.575179,-1.1336968,0.0055378997,0.055557482
0.80170107,-0.47903576,0.3657214,0.711763
1.4073653,1.583465,-0.57934076,0.86652446
0.39204988,-0.66808957,2.5047832,-0.540556
-0.8866441,0.09085807,1.2807865,0.8364826
-0.6938848,-0.34765473,-1.0606205,0.43386385
2.1003013,-1.5261328,0.116563596,-0.60032207
-0.0070032855,-0.07535795,0.4592559,1.6712103
0.808052,-0.81571525,-0.48018226,1.1450377
0.28348893,0.077814214,0.09759872,-1.7702755
0.14926954,0.3664248,0.85471857,-1.3844088
-0.5332981,0.8438958,0.37314036,2.774029
0.48383734,0.35007033,0.6563196,-2.035524
-0.26032913,0.9617433,-0.67329216,0.38365188
1.2873027,0.5415798,1.1228002,-0.2585837
1.7062101,-0.5353909,-0.6126195,0.6376169
-0.6027471,-0.58512706,-1.5036138,-0.14371493
0.20040537,1.1483816,-0.6520836,-1.1801323
-2.0665946,0.7096498,-0.65866286,1.7499651
-1.0824716,0.6370631,0.77331436,1.3235513
1.1053357,1.2286028,0.03790046,-0.24392627
-0.24327482,-1.4021738,-0.7853467,0.46878988
1.1845406,-0.9523347,0.2548786,0.11177628
-1.7006832,0.49759758,0.928703,1.1977456
0.2070856,1.7224311,0.28423843,1.3779871
-0.9200102,0.17364167,-0.43915212,0.990757
0.079302914,0.031984497,1.4763778,-1.1199704
0.85421675,0.40070334,0.04004112,1.2076209
0.44552436,0.6814786,-0.6653924,0.1997934
-0.70713615,1.5520899,1.3265651,-1.9508064
1.1692821,1.0613855,-0.0075424816,-1.7921953
0.9590038,-0.6809644,-1.0397282,0.76826817
-0.22886603,0.49073213,0.20494317,-0.9053612
-0.7529539,-0.041427232,-0.26599294,-0.13901341
-0.21997595,0.18506752,-0.11452861,-0.19948351
0.27713433,-1.207052,-0.13360627,1.6444483
-0.88905144,0.8313921,0.69934666,1.4827158
-0.27506477,-0.62107736,0.9541191,0.75486267
0.5981664,0.6381535,1.3160822,-1.0011634
1.6885326,0.15944505,0.32934308,0.34700933
0.67129153,-1.2204854,0.30839467,-1.4755726
0.35944223,0.05368884,-2.0483909,1.3504541
-0.16373476,-0.3548127,-0.2279713,0.3364352
2.1633859,-2.0243876,-0.4090609,1.5671028
0.015488379,-0.05486613,0.8350771,0.23263332
-0.4276004,-0.5377821,-1.3277988,1.0484751
-0.22187603,-0.9471796,-0.6200004,1.3987279
-1.0448849,1.3034486,0.7470614,-1.2412987
-0.07321384,2.9411077,0.037109137,-2.5315297
-1.3178717,0.8436505,0.5966483,-2.1067007
-1.3268975,1.4273273,-0.5420087,0.35656542
-0.35155302,0.99385315,1.9117949,-1.13283
1.6306914,-1.7133305,0.13734671,-1.1122605
0.42013073,0.63469505,1.7281091,-1.29318
-0.65806764,0.5424923,0.9363266,1.1061207
-0.10829613,0.25819504,-1.2928473,0.23693675
0.049307425,-0.22153904,0.60791117,-0.7065281
0.13825682,0.8927578,-0.7790392,-1.0529971
0.58752674,0.32198954,0.20779803,-0.9618268
-0.5905632,-0.8392441,-1.7754838,0.23408118
-2.118787,-0.28407848,-0.7549923,1.1726909
-1.08647,0.7321479,-1.4487572,0.050474126
0.8787889,-1.1947612,0.8737261,1.0590123
1.9874606,0.31711233,0.17897867,-1.644659
0.9597209,-0.4392988,-1.7695278,-0.293959
0.14632934,-0.11825203,0.4275586,0.70833766
-0.3672559,0.26584738,0.4950469,-0.81980956
1.9999366,0.59026855,-0.3315208,0.3576226
0.09049827,-0.056756,-1.235644,-0.004866748
0.24724534,0.6872863,0.15395132,0.6511244
-0.15623596,-0.77832544,0.47877926,1.8157846
-1.320347,-0.20707871,0.5658659,-1.3836333
0.5074864,1.8096436,-0.13878591,0.3052747
0.57665795,-0.30386683,-0.95383364,-0.095362395
-0.7962254,0.0732674,0.21548732,-0.9204261
0.38361675,0.5220877,2.1895957,-0.5570362
0.07894983,0.14256231,-0.810077,0.103626125
0.7496277,0.76726925,0.9255878,-0.2211997
-1.1503661,1.029425,0.15175347,1.2840586
-1.0946609,-0.07585324,1.332949,0.49643618
1.0471629,-0.3884024,-0.21384695,0.2933912
0.8830343,0.093618736,1.1552014,-0.9342481
1.2423869,-0.40694305,-0.6523247,-0.20907302
-0.28758216,0.8457601,-0.1421832,0.41976386
1.0796508,-1.7456031,0.20617443,-0.5351838
-1.3231218,0.20485589,-1.4683478,-0.05486498
-1.5928514,0.20486286,0.46551728,-0.6478705
0.45222068,-1.5737311,0.21828133,2.574013
-1.2722957,-0.00835895,0.62179434,1.2489741
0.045059204,-0.28875044,0.6209673,2.8004453
0.09934052,1.6881794,1.6667489,-0.58767915
-2.1031327,-1.1477715,-0.53350484,-1.2576886
0.3225101,0.31704193,-1.0230162,-1.8053125
0.44616354,-0.93056744,0.6016593,-1.9288917
0.5380468,2.4778707,-0.19300856,1.4214944
1.2693824,0.24767685,0.9344656,0.8474086
-1.3185469,-0.19501455,0.053591374,1.7475084
0.21671078,1.2421745,-0.6036189,0.86648196
-0.13542606,-0.12106769,-0.67921656,-1.6335742
0.95441043,1.4923338,0.64250237,-1.300389
-1.5149888,0.7545983,1.8452792,-2.8660634
0.20596655,1.2509028,1.4724141,-1.3481666
0.92152184,-1.0725607,-0.424438,0.43891847
0.604009,-0.0028186743,0.19454955,0.81295645
1.252708,-2.0911663,1.1156266,-1.155685
-1.3052845,0.5119381,-0.35231364,-1.0307338
0.38755813,0.5416457,-0.4250641,-2.5985756
1.790107,0.7356976,-0.22459687,1.4462689
-0.8548155,-0.3438792,0.6689775,-1.1485462
-0.36261883,-0.45854235,0.6245985,1.3992906
1.1111623,1.3482852,0.111356355,1.6507633
-1.745562,-0.7537061,-1.1532831,0.20465599
-0.6605479,-1.6585215,-1.1319051,-2.3582857
0.39965487,-0.07101672,-0.5573591,-0.27232483
-0.2448558,0.009306412,-0.5614451,0.62782174
-0.11384809,1.2060212,-0.5242638,-1.1876122
1.3541946,-1.4035068,0.28186482,-0.09106073
-0.5037487,0.91466695,-0.19504295,-0.15015128
0.3817828,0.5878168,0.73715407,-0.24042863
-0.4997464,0.017589718,0.104633324,0.30671296
0.5377141,0.8703096,-1.1841972,-0.26806915
0.5293211,0.16132735,-1.4547583,1.604665
-0.033647828,0.032364998,0.27977228,-0.07785692
-0.8729743,1.5556931,-0.6853311,-1.2289139
-0.53102,0.45511028,-1.4392725,1.5860453
-0.8567315,0.3397822,1.5116416,-0.98318374
0.8663841,-0.36362103,-0.2502509,1.074187
-0.5431772,-1.0557994,0.2666805,-0.24330816
0.4576418,-0.22826672,0.10306998,2.0994413
-0.68333447,-1.944168,0.7961608,1.0924107
-0.5680402,-0.7659575,0.36648038,0.35582232
-1.2214583,1.3011969,-0.3730594,-0.49712703
-1.1868514,-0.3090357,-1.167525,-1.9225863
-1.2162405,0.38269508,-1.3347651,-0.29104367
-0.8629215,-0.6535916,-0.60946643,-0.4002223
-0.1793971,-0.65363234,-1.1246178,-0.22042501
1.3441986,-0.08631891,-0.6521946,-0.4831389
-0.45922115,0.30898458,-0.64805514,-2.094481
0.025706884,0.047419563,-1.4293822,0.025186753
1.2340825,1.3816171,-1.0848142,-0.052337255
-0.21229604,-0.40436327,-0.10598125,0.022336595
1.13549,-0.10234037,-0.57713175,1.1835592
1.3280417,-1.7918673,-0.5177824,0.6864788
-0.56329674,0.5686707,-1.4521079,-0.9096152
0.37134182,0.18705742,-1.625044,0.11451264
0.9835539,-0.65362936,-0.34739387,-0.66434735
0.1330001,-1.384545,0.01958095,0.15218128
0.26937807,1.2445166,1.5763048,-0.45116544
-2.3593738,-0.37466803,-1.2025874,0.49212343
0.7730698,-0.83456725,-1.1057396,-0.04420758
-1.237237,-0.4916021,-1.6344589,0.020922793
-1.8634762,-0.61511576,-0.72835034,0.78922856
0.7742765,0.8853639,1.3218229,-0.16763403
-0.96744204,-0.75356185,1.2952102,-0.7303643
-0.39156133,-0.0053665307,0.7833033,0.20349543
-0.30234334,-0.31183496,0.52181727,-0.74897027
1.6773635,-0.9852444,-0.9696802,-0.659997
-0.9629256,0.22489694,-0.18233459,-1.5189693
-0.22169875,0.82058984,-0.10934652,0.35051674
-1.6400225,-1.8080298,-1.3920928,-1.2905452
-1.2239578,1.1799754,-2.2663703,0.14998905
-1.8079456,2.0337806,0.77521616,-0.5431427
1.9489352,-0.1282277,-1.7159728,-0.83382237
-1.7932837,0.19097486,-0.98371565,-0.6272187
1.2112657,0.39668325,-0.111717656,1.3660073
-0.52088606,-0.93191594,-1.39148,1.9437963
1.0038294,0.38815752,-0.5984016,-0.640404
0.17450678,-1.4287858,0.3898355,-0.19739182
-0.24830562,2.527592,-1.6396973,0.0055671777
-0.9889254,0.483192,1.3672388,-0.28846112
1.2879759,-2.194595,-0.7805425,2.5001144
0.57766074,-0.01907519,-0.039396122,-0.5652441
1.3488398,-0.30524424,-0.9901015,0.067817904
0.021091223,0.31626892,-0.5776768,0.7155775
-0.05471039,-0.41364112,-0.7816024,0.4936378
-1.9747328,-2.2218246,0.44957718,-0.37357166
0.02280592,-0.6591873,0.3858353,-0.021141436
-0.24357954,1.2939833,1.882686,0.2797994
1.6779549,-0.95672345,-0.19198841,-0.17517489
0.021225786,0.039082218,-0.25228843,-0.62764734
0.6010535,-0.30393887,0.809792,1.3965225
0.3863474,1.9720671,-0.7779142,1.7937071
0.33054936,0.29428595,-0.28628877,-0.49986508
1.7983142,-0.5888289,-0.06845042,-0.71356016
-0.1666588,-0.9437841,-0.37074214,0.50397074
1.2496426,-0.061374553,0.38326827,-1.1193967
-0.040095054,0.6637301,-0.119975425,-0.5101289
-0.301621,-0.5388402,2.4103816,0.38549447
1.8862736,-0.26389703,-0.6262293,0.11748734
-0.082686566,-0.32704043,0.29777727,-0.13728741
0.08046797,-0.46768966,-0.6191697,0.4062351
0.85556215,0.6068126,-0.39042383,1.282831
-0.20685916,0.56658375,-0.18713118,0.121484086
1.6105479,-0.15790461,0.23544297,-0.5208382
-0.23944314,0.5746281,1.763506,0.28245804
-0.99783367,0.18267585,-0.5165084,-0.46086717
1.3034184,-0.9503279,1.3218663,0.050363496
1.4935025,0.41228497,1.1527845,0.1947716
0.5996279,0.8908002,2.3650093,-0.04283115
-0.19890928,-0.36485496,0.85419244,-0.3937747
-0.39515275,0.17306139,-0.17461888,0.7324087
1.2848824,0.02651228,-0.65255475,0.83110875
-0.23085737,0.5320443,-0.2613638,0.9771957
1.0308745,0.70848006,-0.27853107,2.3510854
-0.13587703,0.3871392,1.1618488,-1.4579802
-0.017246975,0.32478112,-0.19732676,0.20211978
-0.11186132,0.3969988,0.9339392,-1.7739217
-0.33096102,-0.29469228,0.5575856,0.7470135
-0.15749094,0.8837846,-0.42446324,-0.06412041
-0.18116191,0.044767216,-0.8449018,-0.9824168
-0.16885275,-0.17334753,-0.8077653,1.29286
1.65254,-1.6880414,1.2159911,0.5201935
-0.8192124,0.13738368,-0.36607656,1.0542934
-0.9629876,-1.5607545,0.7130767,-2.157472
-0.8075665,-0.74346805,-1.2241962,-0.5584968
0.36057705,-0.85871524,0.11556688,1.2219424
0.9503461,0.68951255,0.15729304,-0.7235974
0.083219625,0.12901922,1.5734472,-0.84990966
0.4022702,0.69794077,1.501016,-1.8824456
0.65559846,1.9485633,-1.660202,-1.1527002
0.768934,0.8516329,1.0769097,-0.48873332
-0.013397246,-0.45205724,0.86120087,2.078403
0.25011566,1.0033956,-1.5530956,0.4470201
-0.38601527,0.2355026,0.24984333,0.09421907
0.25735292,0.6999706,-0.1556288,0.07686075
-0.51556426,-0.015100994,-0.30587262,0.86265934
-0.6817481,0.091992304,1.6367117,0.7617525
0.8490962,2.6824763,0.39875397,-1.2186365
-0.7956975,-0.76869017,-0.5588701,0.49038106
1.1382896,0.37617573,0.12680122,-0.11926079
0.26609617,-1.1041726,-1.3194771,1.4517623
1.1394947,-0.9072644,-0.12519488,0.24659722
-1.5786582,-0.7950449,-0.7333489,-1.126183
-0.5059279,-0.69315886,-0.56613374,0.6860839
1.2372631,1.0369172,1.4818445,0.3361896
-0.8486539,0.8970032,-0.8108634,-0.15002732
-0.38012284,-0.07923256,0.41804606,-1.9048173
-0.8806208,0.63558203,0.111067064,-2.3433034
-0.15512736,0.5078643,-0.45756155,0.24295619
-0.19367722,-0.20439063,0.74040246,0.38763067
0.13146234,-2.35907,1.8583411,-1.1400201
1.3333751,0.6850342,-0.8865218,-0.7812835
2.8187752,-0.25490993,1.7284352,-1.2113192
1.3692415,-1.9384892,-0.29189375,1.2710613
-0.63934684,0.34396368,-0.4682335,-1.4541001
-0.8347889,-2.0325735,0.9604515,1.0575546
0.03306517,-0.05221475,-0.5097638,0.58997685
0.4743326,-0.34711146,-0.28015515,1.0593623
-0.064927064,0.34613267,-0.04163436,-0.21838555
-2.5300152,0.21344566,2.9727507,-0.36347803
-0.3507515,-1.3711444,0.860672,-0.11402216
0.33478975,-1.1621479,-1.070643,-0.86622685
1.3737637,-0.5254014,1.6707727,-0.96223676
1.9231426,0.9869377,-0.034984577,-0.30541942
-1.9424427,-0.46031794,-0.37072048,0.5841448
-0.5647731,0.9495331,0.67023253,-1.7840719
1.0568471,0.3982244,-0.0244808,2.462704
1.1029087,-0.4122025,-1.4712029,-0.004250162
0.35361132,0.32091433,0.14556503,1.3740784
-0.9040253,2.0239751,-0.52018315,-0.08062502
-1.1805736,-0.6353507,0.6647982,-0.42494303
-0.64103264,1.8629164,-0.7149105,-1.8030899
0.3564126,-1.274298,-0.3754482,1.3904834
-1.2903781,0.9097441,0.006031135,-1.2909205
1.0630994,1.4195653,-0.18049677,0.81452435
-0.54891574,0.1729972,0.22837962,-0.27769226
0.3564703,1.6341002,0.23038597,1.692467
3.6195598,-0.22038402,-0.051152445,-1.585244
0.55013907,0.6982754,-0.6297537,0.8793732
0.5964931,1.7272447,0.43764603,-0.47641847
0.789541,1.7691635,0.24544413,0.3752603
-0.238207,-1.3360759,-0.83504075,0.51029265
-1.2654833,0.13849081,-2.1113803,1.5005329
1.2751484,-1.1726509,1.1038035,-0.16628838
1.1566643,0.21626648,0.08841357,-0.050728444
-0.57550365,0.10954297,-1.0607095,2.8162603
1.2478762,0.97233015,0.95488983,0.12066661
0.50771046,0.97361577,1.8882492,-1.0070716
1.1716723,-0.263407,-2.7801554,-0.44145113
0.8081543,0.11440824,0.65545094,-1.4518111
-1.7396379,1.4503713,-1.2442644,0.07930848
1.6793358,1.0222178,-0.69294566,0.7249814
0.21417934,1.164999,-1.3695369,0.44608623
-1.4436281,-0.1664237,-1.5833477,-0.8182813
0.148408,0.8983177,-0.43182343,-0.8141871
0.17971668,-0.277071,-0.4738534,-0.03769964
0.69597554,0.36340278,0.6485008,0.4131583
1.5319352,0.47641933,-0.11434515,-1.0648882
0.7434858,0.103052855,0.31739885,0.27436632
0.8657517,-1.6408018,-1.6381454,-0.37975413
-1.9362179,-0.8723343,1.2939447,0.64994293
0.088536754,-0.030460078,0.5404696,-0.0717391
-0.54232293,0.7805966,2.2552488,1.1670593
-0.30650428,-0.10465101,-0.48956665,0.11858495
-1.7459292,0.3630631,1.2553558,-2.3139331
1.081602,1.3815898,0.15806687,-0.07745528
0.62239355,-1.8891581,-0.3663329,0.091387406
-0.119116925,-0.6790596,-0.95103234,-1.7457925
0.16194081,1.7513615,-1.4739108,-1.3398753
0.8991921,0.6636014,-1.4842232,-1.4043556
-0.025808712,-0.030938646,0.22001432,0.8894499
-0.8158467,-0.029682344,-0.23056987,-2.1075175
0.25933817,-0.96371704,-0.540942,1.7829313
1.6776655,-1.7624681,-0.00870969,-0.60469633
2.6768262,0.5206214,-1.3764758,0.013679538
-0.24811189,0.572386,-0.6776066,1.1542709
0.29605997,-0.14410442,0.7028798,0.6843751
-1.6213669,-0.36604258,2.0684354,0.1173449
0.8022171,1.5445211,-1.9036764,0.8410828
-0.40468046,0.15504037,-2.2730558,-0.80893576
-1.169655,0.27836725,0.27658737,1.5082343
0.032066923,0.103941694,0.007954428,0.65540344
-0.80881584,2.0443616,0.08444388,0.6581825
-0.6790075,-0.24063335,1.2802372,-3.5369377
-0.5661199,-0.25052464,-0.2995116,-1.0438628
-0.28095746,-0.81382746,-1.8771042,0.31591314
0.23280686,0.26289043,-0.6348242,-0.73835266
-0.41098997,-1.2716348,-0.77087265,0.28996807
-0.18521391,0.021205928,-1.1124111,0.008466768
-0.039287917,0.16523768,-0.7088404,-1.4590969
1.2205381,-0.8387546,0.5798606,0.82292867
-0.36115688,2.9302752,-2.1423836,-1.070065
0.3398865,1.0834132,-1.1559193,-1.1382245
-0.46208975,-0.9113077,0.38830113,2.1240401
0.043650635,-1.2388345,0.25226155,0.86668295
-0.35678965,1.0567473,0.40427276,1.9775206
0.14695439,0.34472695,-1.5059994,-1.7713856
1.1975273,2.5094976,-1.9244202,-0.40490496
-0.571757,0.38216385,0.51529425,0.57565194
0.42939928,2.1378138,1.2771785,-0.05772573
-0.15708931,-1.3626789,0.8413221,0.37664303
-1.5885953,1.2515072,0.45914042,-1.2267869
-0.43627748,-0.445146,0.38170046,0.19446377
0.44893673,-0.020134367,0.21628785,-1.2582576
0.7550367,0.6901435,0.06960458,-0.67358875
-0.6146885,0.13855909,1.0975558,1.2819961
-0.5515852,2.2737489,1.266947,-1.6787449
0.10611551,-0.2174093,-1.7976601,-0.40013862
1.0683511,-0.48529643,0.790377,1.5256804
-0.6260324,0.74654317,0.47267926,-0.9926878
0.9458539,-0.6786677,-0.064207956,0.28871292
-0.1472313,1.3813994,1.1683669,-0.4813433
0.019924797,0.2956183,-1.468494,1.254178
-0.6478567,-0.60482883,1.4403093,0.17687462
0.7884653,-0.8810124,0.6139115,-2.3954241
-1.4634235,0.62264633,1.3937722,-0.5015623
-0.45223516,-0.17466232,0.3398798,-0.4256743
2.2863693,2.2967753,0.60221833,0.98083377
1.1909205,-1.3313652,1.4115239,0.6800524
0.3798783,0.13917461,-0.7504059,0.216094
-1.244362,1.698244,-0.100461304,1.6889944
0.8584556,-1.4997731,-0.66737187,1.086703
-0.24056827,1.1417588,0.37236267,-2.2518919
0.4483895,-0.52685124,0.3778932,1.049386
-0.36565775,-1.0111241,-0.45471162,2.3852491
0.61186767,-1.7042636,-0.09641672,0.9666156
-1.2375696,-1.1760796,-1.7062863,1.3965625
1.3243754,1.1174792,0.74971765,1.1149352
0.7722022,0.3818091,0.15602934,-1.0978553
1.0049666,0.03812745,1.1834826,0.5826993
0.40106368,-1.6705163,0.81901443,0.49512932
0.41882738,-0.5049345,0.40458477,-0.95708305
0.412324,0.009106285,0.21697548,0.6852053
0.991296,-1.7740221,0.40730754,1.3278143
-2.0193956,-1.9604408,-0.27578023,-0.26857823
-1.2477962,0.10838964,-0.98522013,-0.16558126
-0.9167623,-0.9243313,0.32909665,1.3783143
1.1535364,0.50482076,-0.9959371,1.1770014
-2.1774814,0.25242338,0.23303048,0.048583597
-0.48854014,-0.66753745,-2.2794645,0.6888467
2.4601681,0.22048086,-2.9620256,0.3378987
0.14093554,-0.5229488,0.6537881,0.2626085
-1.4674466,-0.20299871,-0.63717866,-0.31396088
-2.0254579,-1.4189588,1.1583033,-0.48527268
-0.19174892,-0.360879,0.074894264,0.54842
0.4917865,-1.3772252,-0.5399174,0.29159883
-0.6675997,-1.8947164,-0.7451484,-0.25999966
0.9528229,-0.8547713,-1.505776,0.1275126
-0.005548542,-0.7726693,-0.22331108,-0.11340589
-1.0616683,1.9449943,-0.22815786,-0.49746796
-1.2211392,0.56346536,1.1075883,0.7429664
0.40824038,-1.0580387,-1.1671004,0.72925055
-2.7321317,1.5076604,-1.2729151,1.6823869
-0.2554428,0.096001275,-0.37018323,0.9157953
0.33694178,-0.15007575,1.3083849,1.1237433
1.2252882,1.0716441,-0.6503618,0.6919764
-1.135576,-0.6267501,-0.6301367,0.12643115
1.1413772,-1.2341758,0.7239643,-0.26144934
-1.5010836,0.5265336,0.34911203,0.14209326
-0.025950134,-0.40729773,1.2844236,-0.23372854
-0.4356571,2.2636342,-0.08653216,-0.57355285
-0.65913606,-1.3025239,1.0481766,-0.39976737
-1.888204,0.5220921,0.8333783,0.5907669
-2.255075,-0.48601747,-1.1591696,0.23580629
-0.4537617,0.52947295,0.31919256,0.1556957
1.5916643,-0.6591412,0.2735698,0.84441966
-0.4167803,1.6455679,1.3216031,1.4244777
-0.436057,-1.0461638,1.0998842,-0.96687543
-1.4665619,-0.91032684,0.036628958,0.6276599
1.8895292,-0.5141233,1.3858708,-0.08677833
-1.2611166,1.0764399,-0.9214258,-0.39257705
1.4138051,0.46339682,0.53282833,-0.48405418
-1.5538428,0.8947709,0.0021747535,-0.2480879
-1.1742609,1.1795521,-1.4390672,0.5635026
2.4689786,0.14508161,0.73906183,-0.5854732
-0.020167094,0.51258457,-0.7576078,0.12941414
0.65953743,-1.6429415,0.31082404,1.0078275
-0.57189333,-0.74929476,-1.259685,1.2885091
0.027488882,-0.0014644649,1.3171347,1.1292577
-0.18257655,0.32860598,0.25241736,0.72191185
0.78506887,-0.031798154,-0.6002246,-0.07962912
-0.9131104,-0.044359062,-0.7895437,1.0434017
0.580947,2.2681632,0.1493309,-1.1581509
0.11891078,-1.9329015,0.8356946,-0.8159875
-0.20340925,1.7200975,-1.2280827,-0.84685004
0.8799091,-0.8133506,-1.5979397,-0.8009115
0.119653985,2.3252833,0.065343335,-0.9496094
0.27227402,0.25447807,-0.8422711,0.3291278
0.51763844,-1.1441246,0.86808616,-0.044029664
-0.30956563,1.2319502,-0.9969989,0.38492504
-1.1373982,-0.965127,0.807901,0.5994442
-0.15264744,1.6528139,0.24290717,0.24298641
1.5525222,-1.9850221,-0.08653974,0.89231527
0.27809134,-2.3154793,-1.9587194,2.713814
-0.13486782,0.41333494,0.049775925,-1.131387
0.3914748,-1.1467655,-0.8425571,1.876768
2.5371335,-0.9520462,1.4837396,-2.2412994
-0.6899728,0.31195587,0.567802,1.5732476
-0.015533818,-0.9496516,1.3093011,0.6949994
0.4081055,0.6562668,-0.98709905,-0.88270915
0.0637506,-0.07405565,-0.41854388,-1.130976
-1.0615598,-0.979638,-1.5391552,-0.5932602
-0.4174437,-1.1810495,-0.76458985,-0.51862943
0.35511217,-0.484893,-0.60843015,-1.1197565
-0.09271897,0.51103204,0.37141654,-1.261778
1.1008736,-0.4949941,0.49871653,-0.8073726
0.12311201,-0.26480255,1.4624832,0.26804134
1.1112037,-1.3503642,-2.3781219,-1.4565728
0.77190834,-0.22120641,1.148403,0.59006083
0.19862849,-0.5850697,0.9274502,-0.08685326
0.8251717,0.5991761,0.7759114,-0.08741205
-0.227091,0.25988907,1.2518045,0.80115855
1.6004543,-0.39115885,0.5229377,-1.4411957
0.6892906,-0.70522755,-0.031959534,-0.28673965
1.1291435,-0.33496705,1.1924714,-0.4433325
1.7061881,1.0838126,0.36632738,-0.02442483
-0.5506,0.5526165,-1.0075076,-0.52757335
1.0560954,-0.1755353,-0.09255722,0.3180237
1.0200684,-0.098860465,1.0343577,-0.06020438
-0.6384853,-0.16846986,2.4909673,1.7298249
-0.9911853,-0.21275742,0.94701177,-1.8712797
0.5650131,0.9032829,-0.9033852,-1.3957647
-1.9281235,0.39845893,0.6118992,0.18739292
0.4970632,0.35780212,0.73535895,1.6081966
0.0053216424,1.2495635,0.6105419,-1.1340574
-0.9778864,0.3551497,1.3480924,0.81274605
2.3852577,-0.031865135,0.41160747,-0.86405927
-0.92042655,0.1759917,0.90233684,0.35535896
-1.9326477,1.2668169,-1.6311806,-1.1619053
-1.457871,0.8963365,0.35769224,-0.473139
-0.27132568,0.65492696,1.3202885,-1.0287855
-1.1406782,1.7872866,-0.37968615,-1.86417
2.640512,-0.94809085,0.65891004,-0.5774766
1.8669131,1.2444845,-1.5171224,-0.6371992
0.7702664,-1.1657615,1.7145766,0.44338623
1.7658579,-1.349439,1.5663152,0.2605651
-0.91679406,1.4369178,0.45140535,0.36581507
-0.22738338,-1.3463316,2.0078013,-1.1058292
0.08508139,-0.31327486,2.7842321,-0.17888832
-1.4190596,-0.7947586,1.1871092,0.2856678
-2.1261866,-0.6010703,-0.20553204,0.041624423
1.1119086,1.080271,-0.99087036,-0.32189164
-0.47364533,-1.2138089,0.49846482,-0.26118988
-1.64804,-0.64951015,-0.31911317,-0.204294
0.33071977,0.48534817,-0.33223358,0.9728707
2.3351035,0.5970663,0.2898963,-0.3153118
-0.09302312,-0.23245178,0.23642877,-0.007532935
-0.4967325,1.5364351,0.7223889,-1.1343372
-0.9030636,-0.0068661836,0.5168137,-0.5407428
0.34323314,0.4912713,0.28314745,1.1714998
-2.1075819,-2.6075811,0.26551035,0.6684518
0.24082755,0.7286244,1.2169874,-0.2719596
0.566721,0.6509281,-1.1579068,-1.1008542
-1.664582,-1.1864954,0.18270615,-1.4228953
-0.2775789,0.47213167,-0.6125497,-0.020535095
0.62408835,0.14884323,1.5209233,-0.74542606
-0.27602553,-0.47080922,-1.2685602,-1.6625671
1.293545,-1.5760714,-1.1181695,0.2011138
-0.4374943,0.3401735,0.21711256,1.134326
-0.13378501,-0.9294007,-1.9454474,-1.420521
1.7209522,-0.7681386,-1.2585633,-1.2275922
-0.71463645,-0.0048337816,0.654689,-0.078847215
2.1000974,1.243623,-0.6143373,0.79168594
2.0569365,-0.16148315,0.3839367,-0.87075806
-2.0350559,-2.0836601,0.20332202,0.13331747
-0.5853049,0.2351497,-1.7832146,0.7022489
0.042313162,0.9000209,-0.5289331,0.46889862
1.8589575,-0.7976408,-1.0539134,-0.6896603
0.5483112,0.7126777,0.3664322,0.11624161
-0.2050741,0.7988286,0.9124112,-0.89710104
0.93130577,0.89894617,0.80406284,2.5704968
-0.020470373,-0.048100267,1.6039923,1.8588363
0.31984177,1.5742846,1.4777766,-0.12855002
1.1054914,0.3963531,0.24861284,-0.80402
0.49458715,-1.3114179,0.03953501,-0.6556005
0.70198214,1.4419981,0.8727418,0.7511331
-0.6493564,0.8272794,1.2371367,0.1559856
0.47444555,0.04727787,-0.29697004,0.6079132
1.6843655,-0.06621112,-0.016814161,-0.7016996
-0.82650477,0.6694481,-1.9538015,0.7113882
0.011338523,-0.11734435,-1.1082734,-0.4520927
-0.59992945,1.3756262,0.36038932,-0.32485363
-1.1476924,-0.64647114,-0.5208583,-0.6442973
0.07787602,-1.3684816,0.9773332,-0.6583326
1.5723084,1.3794994,-0.95762354,0.56182647
-0.6810368,0.5186378,-1.1071603,-0.22482498
-0.104271024,0.31233662,0.6604192,-1.3023313
-1.1322422,0.16506594,0.6991911,0.46278724
2.7538311,1.5445112,0.49454135,-0.2007704
-2.014974,-1.8727117,0.9526453,1.2301307
-0.66422683,-0.3233226,2.1065829,-0.9071395
0.27285054,0.9310934,-0.6769331,0.74281263
-1.5871665,-0.26270187,-0.0114774555,-0.5782816
1.4596202,-1.1360244,-0.7900933,-0.6089051
0.042635962,-0.96094006,-1.9978893,0.5071721
-0.68075037,-1.193063,0.26816326,-0.45357168
1.6177765,0.40326068,1.2806733,-0.8438899
0.18929616,-0.44245678,0.9831655,1.1009284
-1.0719522,0.74775404,2.5959706,-1.9644504
-0.035186775,-1.0184277,-0.53867227,0.008377594
-1.0652124,0.8579916,1.214012,0.0046031363
1.0509683,0.89795303,-1.728899,-2.0705705
-0.47264802,-1.2777185,-1.5406345,-0.50159335
-1.3700852,0.36168158,-2.3763123,0.11974149
-0.27201772,-0.43849462,-0.2920105,2.3635266
0.15520921,0.05161863,0.3291989,0.6680383
0.6340842,-0.39545143,0.18698168,-0.22136216
0.36166418,0.38194337,-0.055206664,-0.103540376
0.3651019,0.3677269,-0.79466105,-0.35240448
-0.050560445,0.34295493,-1.0756798,-0.4220956
0.16868635,0.26555538,0.69120306,-1.487097
-0.9557522,-0.84178406,-0.7815907,-0.31628776
-0.17395122,-1.0097431,1.1614002,0.06343511
-0.5891566,-0.4352997,-0.9890053,0.117048524
-1.7670454,1.0688269,-2.0005684,0.082915284
-0.49030855,-0.40113914,-0.8403354,-0.24805367
-0.7304293,-1.4747653,-1.8064413,-1.4377531
0.8028822,0.12913854,1.1681039,0.5802213
1.1670935,0.998467,0.8049221,-2.3173985
-1.1019664,-0.14713967,1.3223361,-0.37531915
1.917781,0.12615481,-1.043029,-0.95606774
-0.83878064,0.33103552,0.9346961,1.5244446
0.5424027,-0.86525106,-0.96505904,0.63757527
-1.2979822,0.5603193,0.119919896,1.0714606
-0.99553776,1.4377059,-0.09904987,1.3930526
1.5745586,-0.2146428,1.3420689,1.4843439
-1.6816196,-0.092333265,-0.08454543,0.25126982
2.078219,0.06095393,0.14006156,-0.2587406
0.40431672,-1.8960027,-0.5290989,-0.80553764
1.114784,0.8920756,1.612047,-2.026977
1.6807125,0.6618483,0.82159394,0.09657835
-0.63339937,1.0334709,-1.2336068,0.25621513
-1.460349,-0.40192565,0.905861,0.37752798
0.74948245,-1.1907164,1.8343203,-1.9622089
-0.9099079,0.62831026,0.7293219,-1.0987985
-2.0332093,0.5444009,-0.3650771,0.047067396
-1.3969461,0.053996824,-0.09620618,-0.8525236
-0.30147654,-0.4220815,0.87995017,0.008271078
-0.63370526,2.263046,-0.2763923,0.28016552
0.28424475,-0.2390852,2.3241131,-0.3108454
-1.8997774,-0.1430153,-0.72022057,-0.85941344
-1.3880548,-1.6894612,0.88776237,-0.68104374
0.4048981,-1.9429626,0.020126957,-1.1232823
0.91117495,-0.17495084,-1.2802365,0.63705814
-1.4955642,-1.1601889,-0.43692222,0.2911573
-0.67437637,0.39368734,0.58871347,-0.40314412
0.9630176,-0.8118547,-1.6810032,0.82998574
-1.3193598,-0.08694522,0.7197539,-0.25950253
-0.13700223,0.8655313,-0.1763881,-0.7960297
-1.314724,0.3038116,-0.9593141,-1.4154967
0.695705,0.22232991,-1.2994153,-0.90618604
0.7881534,-0.618714,-0.73409885,-1.0431405
1.1568962,0.19086452,-0.16284342,1.1601064
-0.5613593,0.024214022,-0.09562067,-0.16770379
1.2951387,-0.690817,-0.80952924,0.04557712
-1.4278867,0.5130648,-1.066173,-0.11427127
-0.021596354,-1.095165,1.8335369,1.2172844
-2.3370464,-2.5727222,-0.44800055,0.3352291
0.8450618,0.40535858,1.0791459,-1.1354822
-0.25167617,-0.16924275,0.63084716,0.29596853
-0.8128509,-0.8995445,-0.051953275,-0.23213705
-1.1436399,-0.72041035,0.01864964,2.4194312
-0.2817017,0.95159477,-0.9688133,1.2373997
-1.1355478,-0.22369535,0.31135064,-0.95348483
-0.3892134,-0.16283812,-1.053934,1.3788483
0.4441921,0.44285914,-0.049081918,0.058611218
0.9102776,-0.7921467,1.4224367,0.06980934
-0.4467805,1.4086815,-0.71111786,-0.38438508
-0.64745677,-0.6577463,2.4450176,-0.5043309
1.6849219,-0.61705333,1.0151404,1.0378065
0.37603635,-1.4132013,-0.431673,-0.7585157
-0.0572145,-0.83973944,-0.051080566,0.2521925
1.5961943,-1.4828333,-0.40660346,-0.57273847
0.27011138,-0.8213471,-0.056160945,-1.4423037
-0.44799927,0.6325496,0.97038424,-0.040502526
0.3385443,0.64512503,0.49024084,-1.975197
0.38394043,1.9180754,0.26100942,0.8520792
1.6610475,-0.824069,1.135864,-1.1330991
-1.4082438,0.3461699,0.20528962,-0.061806712
2.2278314,0.64869094,1.5076823,1.1200937
-0.44154537,1.5463424,1.3488798,-0.30004704
1.9859691,-0.51994854,1.4898816,-0.16913694
-1.5162692,0.8536896,-1.4367002,-1.399165
-1.4793686,0.6268165,0.040705048,0.14598249
-1.8483061,-0.69895583,-0.72207916,3.6203768
-0.6717206,1.0564127,1.384497,-0.34098843
0.5006168,0.57357186,-0.30353567,1.625882
1.0202984,-0.29955345,-0.4426876,-0.9012608
1.6584388,-1.4739091,-0.019019026,0.8290204
0.35187754,-1.1149254,1.5758181,1.7651176
-1.7621675,2.563465,-1.5059055,-0.97453994
-0.16487534,-0.17262922,-1.5166687,0.5822241
0.9080186,-0.7952501,-0.7600023,-0.8935662
-0.41374737,2.0555904,1.0564213,1.2650102
-0.46918032,-0.097786635,-0.88191634,-1.4875487
0.41342953,0.81911725,1.3110425,0.015118599
0.032615587,0.59661496,-2.031343,-0.21246631
0.058024753,0.2109116,-1.2837403,-0.58660185
0.54901737,-0.7340914,-0.60500455,-1.4672183
0.36104956,-0.6967801,-0.25021252,-0.93220127
1.9966923,-0.907958,-0.22262721,1.1115644
-0.6634488,0.1972445,0.6963774,-0.29821914
-0.15848982,1.5113226,-1.4124657,0.58321077
-1.5383164,-0.050896086,0.53886443,0.95221215
-1.3502238,-1.1263392,0.2620933,1.3201978
0.8143761,0.22265407,0.28331926,-0.8673818
0.87049085,0.0018777045,-0.041333165,0.5043789
0.056040116,2.8610585,0.3414145,-0.8953837
-2.341915,-0.52238935,0.540195,0.68071526
-1.0675316,0.3449731,-0.6079729,2.2799964
2.4954448,-0.39421564,-0.49554807,0.35618857
0.3017947,0.31178784,0.14096344,1.4072651
-0.8959808,0.78863937,-1.0838441,1.5454938
0.46288687,0.3522961,-1.084999,-0.27440432
1.0774564,-0.3869631,-1.563636,0.3137813
-0.51809144,0.5075731,0.13845152,0.9378506
-0.20868352,-1.337091,-1.3962679,-0.0060783983
-0.43016613,0.1327809,-0.38744542,1.126686
1.0086144,0.21542944,-0.48884746,0.75082326
-0.08781562,-1.2380886,-0.3006354,-0.9243677
-0.98613906,1.199485,0.14067897,-0.066150434
-0.29225618,-2.1439385,-1.315978,0.4771156
-1.5931978,-0.66581005,-0.17753242,1.0761983
-1.2902184,0.19291824,0.5145564,0.7706272
0.073717795,-1.2085068,0.3343618,0.11480535
0.18520683,0.1683224,1.1009747,0.83565414
0.9331647,-1.056979,0.23530959,-0.41243118
-1.8358936,-0.13572747,-0.7351398,-2.1044543
0.23795588,-1.6796731,-3.2396278,0.5434114
0.8640918,-0.49086168,-0.82508254,0.4018584
-0.63078576,-0.33515838,1.559428,-0.02553068
-0.4785876,0.021042878,1.138523,1.5266154
0.8770727,-1.0634358,-0.49453303,0.5413422
-0.68805635,-0.5051245,-0.36805254,-0.03536372
2.2107773,0.6266145,-1.0961353,1.0207845
-1.3565055,0.21813686,-1.2447832,1.4996564
1.2019763,-0.34624493,0.3361807,-0.6814928
-0.05512958,-0.34730408,-1.2788912,1.4665755
-0.057098415,2.7222872,1.8764982,-0.6269404
0.116573416,-0.17218904,-0.610258,-0.013605419
-2.185309,1.3520833,-0.8827733,1.1594397
-1.9581137,-1.7571529,0.46235988,0.5363214
-0.13604704,-0.08676026,-0.22310282,-2.6758893
2.129312,-0.3823488,0.5860718,-0.98488
-3.081345,-0.21955827,0.9708706,-0.8287736
-0.28793815,0.28305477,-1.1360486,1.6797235
0.8484519,-0.05557652,0.06935733,-0.8127597
-0.6623517,0.99651,-2.0000875,0.81032723
1.4629028,0.036523614,-0.44033402,0.47461683
-2.0824888,0.9668315,-3.0378387,1.4673501
0.9734347,1.032995,1.1434414,1.389465
0.9005573,-1.7152609,0.21363215,0.71934956
-1.6909648,0.78968173,-0.9864965,0.3331546
0.42884538,-0.27594635,0.946886,1.9703956
-0.6414134,-2.3831148,-0.8076419,0.14868811
-0.78545636,0.8763199,-0.28260377,-0.6577013
-1.6519127,-0.39218277,1.021288,-3.968589
-2.0833793,0.34474427,-0.9658584,-0.129975
-0.4405944,-1.4204916,-1.1763115,0.97606975
0.19274163,-1.526567,0.44254524,-0.66895634
2.2675693,0.4201155,-1.5911934,0.63495904
1.0262351,-0.54228383,0.13246751,0.29788947
0.07725699,0.01370806,-0.25744414,0.4609045
1.8445362,0.7010014,-0.76721907,-0.42693552
-0.7860856,-1.1977242,0.5035144,-1.2862157
-0.1255701,0.06916166,-1.8378903,-1.4214838
-1.5086317,2.2716842,-0.15320562,0.045645386
0.24962522,-1.260977,0.6667209,1.0237807
-1.66926,0.49703395,-1.2705505,1.551091
-0.11656743,0.19749458,-1.4727373,-0.6915224
-0.12320216,1.1014243,0.28929093,-1.3990117
0.76537734,-1.5326169,-0.007062483,-1.4281913
-0.50048196,-0.36287773,0.2270629,2.575511
-1.4319254,0.68826437,-0.030626876,0.2166744
-1.1086744,0.03683986,0.7493972,-0.21861003
-0.3961661,0.91411906,0.97362095,-1.3719003
-1.0915852,-0.14883481,0.77112275,-0.3420795
0.6552158,-1.7715882,-0.894427,-0.9274722
1.9571521,-0.5615996,-0.2916063,1.5705113
-0.32941088,0.24136135,-0.30860966,0.23233907
1.4775586,-0.27293143,-0.26825324,1.8711251
0.2456599,-0.5357559,-1.6496401,0.3927646
-1.4681652,-0.9915365,-2.2578359,-0.34091222
1.4277134,0.57191265,0.546799,-0.8525162
-0.9755221,0.3371548,-0.78507996,-0.24617112
-2.0866075,0.48804384,0.91591066,0.90032077
-1.0666053,0.3630674,-0.18485337,0.95604575
0.9087736,0.3630545,-1.4722667,0.17407152
-0.69100624,1.2282916,1.4429424,0.41453385
-0.06268286,-0.9377594,0.02088907,-0.075144656
-0.8138691,0.14165467,-0.014315065,2.3748279
0.6079091,1.0272614,-0.497767,0.8242204
0.62485415,-0.45446748,0.45365918,0.16327247
0.47399274,0.11211096,-0.054987095,-0.060140993
0.54733616,-0.5093778,-2.3450181,-1.0708721
0.4291869,-0.52756715,-0.19316357,1.0594597
-0.4750287,-2.10054,-0.267937,1.078267
-0.34479606,1.7581967,-0.21591873,1.3574063
0.26232594,-0.07161291,-0.16077092,1.4892106
1.4417851,-0.4158441,0.8996216,1.5942705
-0.12906867,0.6915243,0.89439946,-0.8973059
0.014983309,-0.9743486,-0.12455432,-0.6929584
-0.55938363,0.8766854,-0.7090311,1.9089363
1.91544,0.56069416,0.17478274,-0.915802
-1.2845231,-0.2646997,-2.5933032,-1.7923436
-0.59777254,0.5605743,-0.7913049,3.1243825
-1.6752226,-1.4496019,-2.798236,-2.2145886
0.42107075,-1.149788,-0.6965159,0.8782367
1.8511567,-1.174038,-0.37936532,0.51353014
-1.5715603,-0.3125868,0.24141023,0.4091967
-1.5450293,-0.7625307,0.94892806,-0.31520817
0.8073907,-0.39757037,1.7066014,2.2059019
0.3175157,-0.5997716,-0.8827994,1.5128424
0.112194486,0.5840883,0.1161945,-1.6964405
-0.30782053,1.6637561,-2.2105727,-1.5613253
-0.31705242,-1.8817451,-1.4031559,-0.41235211
-0.67808604,0.15562905,-0.583109,-0.6126533
-0.93450505,0.18768014,2.0762792,0.5658064
0.38711935,-0.17143638,1.2641704,-0.5534198
0.3820332,0.17258422,-0.26773608,-2.0570903
-0.28074,0.22403796,0.76937073,0.85605615
-0.99491763,0.21222244,1.7014952,1.2485639
0.577311,-0.21431904,0.18205693,0.14930533
0.5497051,0.95560247,-0.6168971,-0.34703568
0.16689496,-0.99705935,-1.6684936,1.0441144
-2.4178228,0.85561574,-0.10607066,0.9218917
0.6123168,0.7539391,-0.36314258,2.3275847
1.1869267,0.85773796,1.4945441,-0.7279659
-0.9612566,-0.87013024,1.4331291,-0.5914261
1.0665057,1.2456826,-1.0791578,-2.3468487
-0.14430815,-1.477025,-1.3160015,1.1552577
1.2764685,-0.19876948,1.1901973,-0.44805822
-1.4255581,0.90268403,-1.2363755,2.7302206
0.9937883,-1.018345,-0.3054383,-1.834316
-1.5749062,0.9857184,0.50160545,0.1161496
-1.1722538,-1.3180634,-1.2196051,-0.1820195
0.24947867,0.09887547,-0.71799177,-0.76543134
1.7988908,1.1262698,1.0662389,-1.7836678
0.13175724,-0.99356043,2.1696095,1.2159611
-1.8413591,-0.547934,-0.5245082,-0.035196368
-2.1005666,1.021875,1.0531964,-0.9207825
1.1838428,-1.159053,-0.08333264,0.37069005
-0.5377601,-1.0013071,1.1168094,-0.41690746
0.5125223,0.21175899,0.5194683,-0.74602896
-1.3287262,0.57314944,0.8383093,0.9778813
0.27048418,1.2162731,-0.425058,0.033851642
0.44457746,1.7318468,0.27884156,-0.31731236
-0.9379947,-0.9915355,0.19761601,1.3053756
0.9188926,-0.5795291,1.1386025,-1.846543
-0.399989,0.5182119,-0.87827027,-1.3655434
0.29512686,-0.6147576,-0.14638366,1.2193335
0.4569684,0.35543802,-0.56905204,-1.1537842
-0.43166357,1.2983012,-1.6941139,-0.34849402
0.7136081,-0.35725108,-1.5669159,-0.8765792
-0.58817136,-1.1776123,-1.8285594,1.2132173
-0.5840883,-0.8245688,-1.0765554,-0.96618897
1.5277126,1.0247732,0.6027086,-0.38380343
-0.3086639,0.1191008,1.2043571,-0.46103263
-0.49146527,-0.45075065,-1.2123653,-1.2639376
0.18262279,0.7318439,-0.19721843,-0.29834345
1.7093047,1.6345907,1.0542085,0.74509424
0.38090435,0.2762313,0.782454,-0.8366009
-1.5678751,-1.1001322,-1.2724879,0.18579248
-0.2614041,0.67848563,-0.7373677,-1.1444048
0.97705877,-1.0208628,0.58404994,1.9898511
2.3420753,-0.78634924,0.7372526,-0.408133
-0.052683786,-0.19880128,-1.2448738,0.090538464
0.34444097,-1.5721464,-1.5820343,0.6853839
-1.6164162,-0.9142401,0.115430884,-1.4244556
-0.6984316,0.5469955,1.0737305,1.709607
1.1218903,-0.15995285,0.13548754,-0.7125751
-2.1917167,0.26728353,0.06685285,0.08878126
-0.68557376,1.5185921,-0.90295535,1.1500214
0.64636457,-0.8147181,-0.7809182,2.1579807
0.9764791,-1.0644131,-0.042575393,-0.9881007
-0.51324505,0.66689277,-0.4328107,-0.77481395
-1.4851391,-0.17667688,0.640119,-0.81894124
0.044233337,0.83982116,0.37717244,1.1631607
0.04084643,-0.86341405,-0.091971576,0.010054102
1.0319839,-0.36220226,0.6934064,-0.46115944
0.055617627,-0.8933202,-0.38816229,-2.0465293
-1.3496969,-0.114531636,2.2936096,-0.9018573
-0.056198485,-1.5908653,1.0311452,-0.13647601
-0.5246029,-0.68099743,-0.6308417,1.8227173
-0.091661975,0.8714805,0.17755012,-0.4826708
-0.20156781,-0.60991,-0.10623628,-1.4738955
-1.5075263,-0.0005613103,-0.38674566,0.21733978
0.26305804,0.41782147,0.8126231,-2.4906323
1.2024028,-0.8930827,1.2503695,-1.0609542
-0.44539043,0.99946606,-0.20677538,0.02893317
-0.020958764,0.0137620885,-2.18817,-1.2868007
0.5532415,0.71292186,-0.5259152,1.3696948
0.010819033,0.5871404,-1.0973445,0.30201784
2.022485,1.4781859,-0.4567094,1.7506676
0.7381133,1.379197,-0.21060482,-0.79630065
2.5105975,0.2397938,-0.732226,-0.48735067
-0.09541,0.598969,-0.90672934,-0.10398395
-0.8056855,-0.9214362,-0.31419683,0.7161318
1.4786739,-0.6709864,0.0975175,0.61657697
-2.053409,1.0011499,-1.5354999,1.3337802
-0.12455755,-0.094870254,-0.42440706,1.0289408
0.105827846,-1.112629,0.21635371,-0.48452914
-0.95210606,-0.016319834,0.41021654,1.1060338
-1.1390357,1.1927054,0.586304,-1.0546354
-0.083836526,-0.08577353,-0.35964638,-0.5776059
0.37968993,1.0860083,0.8632364,0.27513158
-1.0635452,0.63176894,-1.3795652,-1.0030565
-0.7021398,1.0962925,2.2034316,-0.27112493
1.6367846,-0.79922986,0.039504435,0.027007952
-0.056036342,0.84645927,-0.22968864,-0.98651725
0.26018903,-0.47093964,0.032445796,-1.0476019
-0.3654534,-0.17851146,0.45236745,-1.059912
1.603324,0.07423621,-0.022568636,0.20313999
0.24056794,0.7753034,0.040894654,0.5901991
0.7425112,-0.6681846,-1.2612365,-1.9725922
-1.5932395,1.0108954,-0.33386377,-0.089105204
-0.5722464,0.82526237,-1.085887,-0.55528486
1.3370302,-0.6491383,0.04937642,0.21127059
0.43535665,0.13654038,0.3789826,-1.4728898
-1.4727033,1.6038579,-1.5601797,-0.820665
-0.46589977,-1.6517717,0.289411,1.6473992
-0.87702006,1.1291739,1.015494,0.09550486
0.72098505,1.0880713,-0.48306012,0.014793292
-0.54950815,-1.523253,-0.2650016,-0.34514302
-0.0077263834,1.5806563,-0.6000763,0.0120044425
0.408452,-1.0684398,-0.15075353,0.39065608
0.71511954,1.2359756,-0.40481156,-0.4779296
0.78109074,-0.8132546,-1.136208,0.60831726
-0.96187115,1.4256757,0.8574496,0.06035964
0.5858838,-0.44981202,1.0680904,2.3413737
-0.35396,0.20508271,-0.32879362,0.6698353
0.32145566,-0.07877766,-0.079251684,2.4250758
-0.19867872,-0.034019258,2.102905,-0.117818706
0.6559189,-0.5177969,0.66208345,0.24146368
-0.09024689,0.076179504,-0.6840784,-1.3986764
-0.10630645,0.69832397,0.87275594,-0.41760877
0.49871543,0.27394146,0.5768297,-0.6874644
-0.34832907,-0.09052891,-0.3580055,-0.8951812
-0.15133716,0.45310527,-0.4176319,1.6638353
0.5753176,-1.0187154,0.310186,-1.3561965
-0.1389564,-0.42288426,0.2701675,-2.4638085
1.6833495,-1.0239791,-2.627992,-1.0265261
-0.08514555,-1.4587904,-0.4097905,1.6133592
1.6032437,-0.34782332,1.9924184,-2.1662867
-0.017614422,0.020712208,1.5874152,-0.22461508
0.88678044,1.3725855,1.7638258,-0.16477033
-0.8315358,-0.17603666,0.7164741,-1.2632135
-0.5527645,0.40946922,-0.9689649,0.12197258
1.570814,0.091071144,1.0791656,-0.6936533
1.1333852,-0.11460657,1.7935266,0.006170846
1.0872362,-0.19810152,-0.6369653,-0.086838305
-1.2194675,-1.0121741,-0.26105097,0.34713483
1.4361002,0.8949459,-1.642011,0.54219776
1.4168788,0.31515583,-0.033670846,2.687988
0.13080205,0.38657725,-0.5526348,0.7285264
-1.3120102,-0.14602484,0.093802534,0.11123416
-0.9094824,-0.8044885,-2.2408826,-0.5187797
0.6041734,0.18492837,0.91917974,-0.092795976
1.8512181,-0.5910216,-1.9589694,0.9248644
1.7803191,-0.13441977,0.24228613,-1.2094574
-0.111891076,-1.0886562,-0.1634604,0.23381007
0.81196016,0.6982357,-0.17620254,0.13614279
1.7032306,0.58468634,-0.8763774,-0.1518492
0.2070604,0.8330298,1.37583,0.4151528
-0.31352457,1.0003904,-1.8183788,1.4007138
0.18874267,1.5247829,-1.201017,1.6567107
-1.4912621,-0.2808993,-0.5270609,0.08082554
-0.22636168,1.5797769,-0.63992465,-0.050949622
1.2635237,1.1611198,0.3990569,1.1816443
0.33433384,0.7511487,-0.29271805,1.8189824
0.032808147,0.4551457,-0.67385894,-0.341143
1.2817017,-0.092824265,0.942672,-1.180939
0.9121977,1.0366057,1.5883515,0.7727147
1.888977,-0.12858106,-0.49032888,-0.98886764
0.38633123,-1.3924807,-0.174953,1.5877283
-1.1766553,-1.5365381,0.120896764,0.28587908
-0.0065672495,1.2313606,1.8232346,-0.7767603
-0.3659989,-1.3702304,-0.38674688,1.053651
-0.18409428,-1.3207337,0.2904264,-0.9363358
0.3035076,0.52387756,-1.4280471,-1.2385312
2.3815997,-1.1189336,-0.0648043,-0.7996728
1.4359069,-1.9998833,-0.4225231,0.2163893
1.9654514,-0.16682719,0.6034422,-0.45203716
-1.4409068,0.80468863,0.18935438,0.14057639
-1.5949012,0.27801102,0.8077273,0.056438748
-0.29704818,0.10519268,-0.6317783,0.39339805
0.24606812,-0.023689674,-0.32837948,-1.0978734
-1.057343,0.38588497,-1.1497219,0.7498384
-0.17645876,0.9215317,-0.35071194,-0.8226089
1.4851218,-0.63011616,0.56090987,0.9077522
0.40503338,-1.0116498,0.4459045,-0.23519082
-1.645665,-0.113257565,-0.12414928,-0.60815144
0.80445945,1.5443648,0.47205308,0.46252424
0.44275513,-1.2737398,-0.7296328,1.1218462
-0.7267501,2.7197773,0.68056715,0.6300034
-1.3298532,-0.66864616,0.5270171,1.3398598
1.3718152,0.16088277,0.040352687,-0.8060356
-0.5391899,1.3912154,1.6360816,0.42600238
0.87198186,0.5972095,-0.45066896,1.5352359
1.8155618,1.1575986,-1.2883108,-1.2427928
1.4879885,0.49899465,0.26879725,0.33760172
1.186048,-0.9220099,0.6344791,1.0223118
0.2395839,0.98187494,-0.33461803,-0.46239334
-0.6762181,-0.510635,-0.59949315,-0.95031863
-1.5808462,-1.6162617,-1.4243048,-0.41783652
-0.2732245,0.5804048,1.1604007,0.67399555
-0.57658684,0.91147625,1.3496718,-0.29855806
-0.8793147,-0.4624931,0.088558465,-2.7129896
0.26657233,-0.56203413,0.21296535,1.277441
0.052172408,-0.86373454,-0.1481393,0.8838092
0.59940046,-0.80181503,0.3252607,1.3623136
-0.7085663,0.37816304,0.21442866,0.12849069
0.75690013,0.6959587,-0.89421594,0.7073701
-0.4208745,1.1787405,-1.8538659,-1.1728681
-0.14374094,1.1640441,-0.57734233,-0.67232424
-0.9953355,-1.2778554,1.1609024,1.6586274
-1.6624228,0.6368027,-0.645986,-0.5573346
-1.4655962,-1.1050224,-1.0500431,-0.93788457
0.72841156,1.8844963,-0.14822187,1.0451057
0.6443155,-1.0747513,-1.1264925,-0.012520802
0.3158073,-1.7904187,0.84941024,2.1702704
-0.5450111,-0.43817496,0.4777763,-0.65294373
1.5552387,-1.5835322,1.6310067,2.6552737
-0.53971934,-0.06712744,-0.8039149,-1.4491477
0.8537193,0.30708054,-1.3397007,-0.58916587
0.5134683,-1.2650716,-1.0059416,-0.6672666
-0.7845987,-0.37882087,-0.038661897,-0.016328715
0.21541952,-0.04185361,1.5378207,1.2629712
-0.8310136,0.73487365,-0.45076966,-0.23987453
-0.75264376,0.10877584,2.6432066,1.0382526
0.7663385,0.11017745,-0.3774563,-0.2721344
-1.2493085,-0.300067,0.5631977,0.43032232
-0.3880027,0.21814352,-1.1824939,-0.62877035
-0.2685616,-1.630741,-0.7529063,-1.7337157
-0.50611246,-0.22157755,-0.30879822,-0.20551476
-0.91579866,-0.26253575,-0.049011257,0.28752783
-0.99203014,-0.31356466,0.66255456,0.35521802
1.6506145,-0.8680585,-2.1207278,-0.99423635
-0.5264482,0.07802932,-0.9094332,1.77318
0.81558716,2.3072317,-0.3003146,0.59577185
1.0715423,0.89085716,-0.9916573,-0.46768546
-1.2307315,-0.5527351,-0.15684724,0.5565273
0.17283818,1.2393038,1.780859,-2.127565
-0.08341882,3.0029376,-0.49358073,0.38022295
-0.7332553,-1.3245908,-1.0122064,0.7674361
1.8944491,-0.65396583,1.0279814,-1.350003
-1.1933968,0.19600192,0.091909066,-0.5305016
0.33327886,0.017202744,0.9740504,-0.15080427
-1.6669873,-0.08465359,-0.7303699,0.3166521
-0.8032061,0.46368068,-1.0100155,-0.2734691
1.5556564,-0.07639152,0.4149103,0.7185001
-1.28638,0.58767456,0.27595717,0.24363153
0.30235216,-1.1676114,1.1249318,-0.049788773
-1.3047583,0.47348943,0.09495522,-1.1628528
-0.6279786,-0.96447086,-0.2797228,-0.2653386
-0.64893055,-0.44174093,0.64516145,0.24041636
1.9810617,-1.192946,-2.0004923,0.40126586
-0.80179995,1.2672422,0.2782551,-2.0100245
0.18139717,2.2559576,-0.36608568,0.9643612
-1.1650448,-1.180675,-1.0072173,-0.14155391
0.3927343,0.48119873,-0.90757287,-1.7563001
-0.07369671,-0.37926453,0.7164781,0.7228265
-0.52982044,1.476586,-0.16770323,0.48521128
-2.055551,-1.0972129,0.6277385,0.44427207
1.7881521,0.40943038,0.4446568,0.017920839
-1.9949077,-0.07361575,-1.1880645,0.27782458
0.49426758,1.2166352,-0.23843308,1.5272852
-1.1764679,-0.5973483,-0.26385024,0.66929954
-0.04886959,-0.5660708,0.31330615,0.8316438
-0.22976518,-0.40122408,-0.038785007,0.7780924
-1.3672298,1.4741844,0.33844054,-1.6836038
-1.2450256,0.66734,1.0415343,-0.38399318
-1.908273,1.8723116,-0.16033132,0.33808687
-0.14936996,0.275813,-1.2385689,1.4376581
0.2049881,1.9079661,-3.0871084,0.4560433
0.22021249,0.7926534,0.6177273,-0.1466031
-1.499135,0.2543923,-0.8896507,1.2022238
-1.9094952,0.46136984,-1.1065992,-1.6740869
-0.42925146,0.60152173,-0.6206067,-0.24245957
-0.27582413,-1.7012671,0.8290332,-1.5160649
0.5889102,0.10965442,1.3575735,-1.0762261
-0.70445436,1.5640353,1.8410969,0.8957319
0.6368446,0.51609856,1.0050449,-0.63739794
0.08783592,0.94881994,-0.5275307,-0.037042085
0.28563833,-0.06660924,-0.48648027,-0.74879944
-0.4420759,-0.8025679,-0.4414423,0.14366496
0.22693273,0.57822317,-1.1228005,-0.7988998
2.382885,-0.047259636,-2.8300593,-0.40477663
-1.2779323,-0.803121,-0.005630241,0.26483852
-0.29836166,0.542473,-0.72617245,-1.774382
0.14317231,0.7174239,1.3955233,0.23322785
-0.84765893,-0.8105453,-0.18702747,-0.63950443
-0.93049544,1.9292172,-0.35237926,-0.11890343
-0.2260469,-0.0315335,-2.170925,0.6398047
1.7252214,-0.4940094,-0.19970407,-0.54786783
0.6950388,0.0067900913,0.030138995,0.34062713
0.9938194,-1.2130325,-2.008324,0.19296801
-0.76717013,0.7432482,-0.39564994,-1.5698674
0.08452606,-0.66724503,-0.75662225,1.1716925
-1.1650381,-0.14061491,-1.3758718,-0.813466
-0.6095518,1.1140232,-0.022416538,1.1982634
0.03452911,1.1569308,-0.55681133,-0.16903538
-1.0341913,0.99290735,-1.8160712,-1.2694014
-1.0629303,-0.79691267,-0.19469427,1.6347995
-0.2698269,-0.30536744,-0.9628419,-0.33642304
1.1972183,0.22858465,0.9884817,-0.3286039
1.672039,-1.2466856,0.9388957,-0.42657506
-0.5548871,0.5364512,0.21565948,-1.2880049
0.06306344,-0.5017558,-0.60703033,1.6195036
0.55605376,-1.3231629,0.21405508,-0.8301823
0.35541886,1.2069541,1.7137021,0.74921685
1.0019599,-0.8887963,0.38970545,1.7149736
-0.003499951,-0.39247662,-0.4634621,-0.07846202
-0.58979297,0.8009459,-0.683225,0.0833842
-0.25095668,-0.58717114,1.6158078,-0.2276029
0.4211762,-1.7504969,0.60758525,-0.51132965
0.4874997,0.4472422,1.2537026,-0.19608028
0.38251182,-1.4442165,0.20423967,0.7118172
0.37939328,-1.071559,1.5950218,-1.8507419
0.20904818,-0.5343363,-1.0198754,0.737882
2.152195,-0.47339714,1.3524535,-2.5789807
0.35743347,0.35983667,0.24022429,0.2656149
-0.28595084,-0.93365926,1.0807785,0.3568144
2.1259348,-2.2736244,-0.27196813,1.5406191
0.86671215,-0.095497,-1.8427656,0.8994021
-0.18591085,2.1120303,0.5043505,0.5590563
1.8005921,0.27824068,0.04237097,0.93726605
-0.26613608,0.41757783,-0.3359745,1.082699
1.1457807,0.3776921,-0.26821107,0.67524743
-0.3595357,-0.8467211,0.18610105,-0.08904244
-0.71537274,-0.7125268,0.53254366,0.38121963
0.89082205,0.09690993,-1.3542609,-0.95326763
0.64169437,0.6207457,-0.7693703,-0.385813
-0.26700303,0.5366582,0.025401086,1.2775446
-0.056482494,-1.0844954,-1.1646903,-1.1982886
0.92317545,-0.79640883,1.3102106,-0.8879054
-1.2703353,1.9733665,0.039495483,-0.19369744
-0.67770743,-0.90579146,0.17514782,-0.34736878
-0.4717915,-0.38286936,-0.7937882,1.168102
1.5481602,-0.36895162,0.97560865,-0.64926356
-0.10238879,0.64460707,1.2755778,-0.22570015
0.09248368,0.8590894,-0.7760372,0.9155384
1.0850451,-0.69466364,2.7387009,0.4183692
-0.34674495,-0.9630321,-0.1027405,0.48300982
1.172489,0.8784644,-0.28539807,-0.5606112
1.2502012,-1.9610828,1.1517887,-0.74690515
0.32658905,0.9567982,-1.9450366,0.39467835
1.9685619,0.7681605,-0.029185032,0.8471767
-0.014956732,-2.5872388,-0.61360854,0.08913123
1.6160421,-0.10067554,-1.0254792,0.83830553
1.7736404,-1.013857,0.8511266,0.6874359
1.4754759,1.4744475,-1.1712594,-0.21418473
-0.03162123,-0.7402332,-0.98652405,1.085825
-0.041663185,-0.0660334,-1.2327238,-0.2946411
0.83356214,0.83905125,-1.2523054,-0.98058516
1.6373887,-0.5642883,-1.2688155,1.0289437
-1.094184,-0.59725446,-1.4098164,0.5931833
0.03040289,0.010004377,0.016379338,2.5151815
0.06851991,0.34514806,0.22055149,0.6996541
0.30271775,-1.7309587,0.14848803,-0.16877112
-0.7725571,0.15450858,-1.3577894,0.9476702
-0.53048825,0.10005703,-1.0965956,-0.7018622
1.0514126,-1.1532016,0.0964772,-1.2271264
-1.5079728,0.6770513,-0.6262715,1.072319
0.42480418,1.3591522,-2.0040395,0.96330357
-0.63498986,-2.0139852,0.19143239,0.3002798
-0.90279526,-0.9354386,-0.5352089,0.968253
-0.14652766,0.6966225,-0.16032232,-0.080116704
-2.3945696,-0.27856657,0.4107543,0.56076694
-0.09597144,2.0793824,-0.15226665,0.7800384
1.9241292,-0.1855281,0.08956764,0.58997315
-0.10465778,-0.45142528,-0.6495564,1.0653017
0.18163544,0.43625337,-0.8812245,1.5533762
-0.67214304,1.4742955,0.21679774,1.1189779
-1.7840825,-0.21056484,-2.4028053,-0.76605415
1.0978144,0.101180725,-1.3229476,-0.7418118
1.6198682,0.03895233,1.0359759,-1.0538245
-0.13948542,-0.45195222,-0.6624336,-0.8773688
1.0792196,-0.088274114,1.4292928,0.71983033
-1.1145419,-0.21952775,0.79718536,1.2185217
0.42822593,0.1539379,1.6758411,-0.68610734
-0.5350582,-0.30652735,0.96664286,0.9539331
3.1262484,-0.815641,-1.636782,-0.67303854
1.0576754,0.008524626,-0.17794833,0.48304486
-0.07295637,0.62179583,0.41440824,1.3003356
-1.9179733,-1.4435915,0.119417794,-1.0120089
0.9009746,1.1142173,0.26168454,-0.34643656
-1.2065133,-0.3784043,-0.9565604,0.17095141
1.5310266,1.0215573,-1.4187117,-0.74987835
-0.33308223,-0.53418136,-0.0819018,0.034957428
